{"type":"FeatureCollection", "features": [
{"type":"Feature","geometry":{"type":"Polygon","coordinates":[[[-96.40235166652383,42.68140379923531],[-96.41039393215087,42.681702691706256],[-96.41359153982876,42.68465240902684],[-96.4172039361406,42.677728341026906],[-96.42211696129006,42.67411939305018],[-96.42276349996101,42.6682877631553],[-96.4292954534558,42.656472151644905],[-96.41919849655952,42.64862075835706],[-96.40548471235942,42.64780497553866],[-96.39764954496445,42.648447502885375],[-96.39338122312695,42.64612942477324],[-96.38806560861777,42.64485968225281],[-96.37634747933437,42.64285575988691],[-96.36864052795237,42.6435555437022],[-96.35092990710336,42.65027037253867],[-96.34656341844125,42.654443558940095],[-96.34745323986223,42.65552279489096],[-96.35475787974052,42.65831764154681],[-96.36091230320211,42.65365458915819],[-96.36550614005515,42.65708096622282],[-96.36709999950986,42.661946346255604],[-96.36949501338968,42.66623548072729],[-96.36835122415626,42.67124282462907],[-96.37010128493152,42.682059665808296],[-96.37205222301493,42.68273902366358],[-96.37777352604745,42.68338813223956],[-96.37947332431706,42.68333793861228],[-96.38239698376847,42.68343098914925],[-96.38345589042561,42.68501466668312],[-96.38592552645456,42.68310400169437],[-96.38871003919384,42.68100115081706],[-96.38952224162058,42.68094218542061],[-96.40235166652383,42.68140379923531]]]},"properties":{"LANDFORM_R":"Southern Iowa Drift Plain","Acres":4891.5817975,"Hectares":1979.55292129,"tooltip":"Southern Iowa Drift Plain"}},
{"type":"Feature","geometry":{"type":"Polygon","coordinates":[[[-96.00482436024036,42.5688184243707],[-96.00184912333738,42.57285234060836],[-96.00273954670482,42.58093949707548],[-95.99394665859096,42.58680397142388],[-95.97772522564564,42.59260542425738],[-95.97805516737252,42.59952893920257],[-95.98292322913593,42.60322679273324],[-95.98766109892944,42.61433798669346],[-95.99071876536944,42.617365620349275],[-96.00607253163673,42.61696343297522],[-96.01366879837309,42.61341717548645],[-96.01820338879807,42.61639002337059],[-96.02346915920553,42.615310058573534],[-96.02224531420512,42.61008357482088],[-96.02461072788647,42.59878636942133],[-96.03842991664162,42.59686665385741],[-96.04088707927104,42.59417200167625],[-96.03789417755,42.588957321492074],[-96.0451811247095,42.582703599932636],[-96.068685186592,42.570602172115066],[-96.07286083985481,42.56343857113431],[-96.08371118769979,42.56051740048873],[-96.08794686643033,42.55789333734551],[-96.09342820319034,42.56085283055276],[-96.09230160566487,42.56664715787854],[-96.0936796811292,42.57901280691033],[-96.09139068984958,42.58505054983132],[-96.09100253845253,42.59235685251445],[-96.09900812533667,42.59791467384691],[-96.10945714784926,42.600337557665235],[-96.11508873996694,42.59647938749321],[-96.11260113888997,42.59200538698472],[-96.11296356835689,42.58520997323676],[-96.11648956347418,42.58103780974391],[-96.11651732045618,42.57744195621998],[-96.12142553391287,42.57417207241777],[-96.11796968847204,42.571283086939225],[-96.11768789789394,42.56563038816494],[-96.13130157774543,42.56074067604977],[-96.13763568808713,42.56103132264919],[-96.14864766431508,42.568072135521604],[-96.15530308644901,42.566665015794335],[-96.15799983517971,42.56268959260569],[-96.16703979352344,42.56343423119572],[-96.1761604433535,42.567889739524446],[-96.18794624575412,42.56825399513861],[-96.20199919302053,42.565884945896876],[-96.20629214970252,42.56616013994618],[-96.21091891763723,42.57132889047629],[-96.20894830572568,42.57883610553196],[-96.20611962950801,42.583659701872726],[-96.20563717624283,42.589900143652216],[-96.2090304649603,42.593462140397016],[-96.20155077442708,42.59891012507986],[-96.20325709870934,42.60492505420953],[-96.19894817290104,42.60817501434668],[-96.20118360344975,42.61418591825856],[-96.19955967070798,42.61841443917464],[-96.20102497387205,42.62213826428434],[-96.20902394055229,42.62348292634875],[-96.21654370404774,42.62651373549678],[-96.21730566244624,42.6357997112361],[-96.22004542746635,42.639487441191804],[-96.21554069670233,42.64455331339175],[-96.2211096509503,42.654041907537874],[-96.2296725536922,42.65622732071169],[-96.2399475084159,42.65450770903548],[-96.24828803445756,42.65015867237242],[-96.24973601671081,42.64515023670029],[-96.25415331102171,42.64179200786227],[-96.26510387862169,42.64255698342931],[-96.27259047391591,42.6451820064641],[-96.26346754097318,42.65855757850064],[-96.26451571920606,42.66633345543912],[-96.25951077089921,42.67073382226914],[-96.25392515278357,42.68255865965148],[-96.2513376591099,42.68405480015255],[-96.25200721758338,42.690737687479256],[-96.24580081700267,42.6967485150803],[-96.24541619414667,42.699349036508906],[-96.23953996418398,42.70173555068468],[-96.23715829861955,42.705272179996236],[-96.23913283024258,42.7082912920706],[-96.23678749483841,42.714586490364006],[-96.22927916494902,42.722367854433834],[-96.22749956712579,42.72722766493949],[-96.23178105327412,42.732156896830155],[-96.24220294168788,42.73643112906308],[-96.25520897273027,42.73628702226951],[-96.26119779837549,42.73786789563032],[-96.26506732012304,42.74737493042067],[-96.27086182613601,42.751912720265835],[-96.26930385817325,42.75654989302577],[-96.2744296300345,42.766031525389344],[-96.28483776810633,42.76809505704594],[-96.29703094563912,42.76779454312825],[-96.30167416096928,42.76404237716857],[-96.29829718272322,42.756621457635575],[-96.29059974920023,42.75061755448003],[-96.29737054809681,42.749710038223334],[-96.30631186833754,42.750575320764106],[-96.31136348952185,42.74799111480213],[-96.30405170310587,42.740898986966535],[-96.3005416212494,42.731519425988],[-96.30168179398936,42.72730302722318],[-96.31397627306956,42.73419428880508],[-96.3192698863736,42.73379421213764],[-96.3214853949288,42.73017865810214],[-96.3124282214829,42.713375470153665],[-96.31250905531085,42.70735570830915],[-96.31067064915435,42.702969834046726],[-96.31379420518802,42.698834909322485],[-96.30983533367038,42.68977537861275],[-96.30895585615889,42.68329014311648],[-96.31473025844964,42.68124872315112],[-96.31945678991497,42.67702646320865],[-96.32101663786236,42.67141359852458],[-96.32654064447574,42.66633105437306],[-96.32568267262879,42.65844837692028],[-96.32723505230017,42.65693946934315],[-96.33000313013135,42.65424868166397],[-96.32302204028643,42.653465560162616],[-96.30162593261947,42.65320671318326],[-96.29910932179187,42.651662970994984],[-96.2942119836125,42.64191712536235],[-96.29516809457476,42.63236290137912],[-96.29384337072594,42.627552122226305],[-96.29587164604483,42.62264034375438],[-96.29708925044805,42.61343873491458],[-96.30021572893895,42.60813506347939],[-96.30574612751961,42.60689497635328],[-96.31087191004652,42.60261380655597],[-96.31564453290777,42.60085938692156],[-96.30535865089982,42.59037392962298],[-96.29455881647681,42.58852862483426],[-96.28561049366213,42.58950161723428],[-96.2733918877943,42.588415372658524],[-96.26558155336883,42.58324468791074],[-96.26167964682125,42.57711576516746],[-96.25992807212712,42.57106507147675],[-96.25525814864406,42.56834348834116],[-96.24794234787112,42.56309898274747],[-96.24143811549764,42.56055491939],[-96.24289634650582,42.54662857352899],[-96.2471981754664,42.54229251582847],[-96.2476620516822,42.53831284048883],[-96.2415852058324,42.53749452561203],[-96.24034539807785,42.52649447818515],[-96.23667883397543,42.52040299750192],[-96.23487953646027,42.50644264066868],[-96.2235500518771,42.50506922951008],[-96.21845099664746,42.50238968387217],[-96.21397967247152,42.49333488470708],[-96.20063208986562,42.48227254228635],[-96.19975872785774,42.47636725444294],[-96.18878717968519,42.47441303124853],[-96.18195922670422,42.47517023612512],[-96.17275979601833,42.47429533451159],[-96.16421008246759,42.474955083830515],[-96.157238450436,42.468686473664704],[-96.15535559355268,42.46003963701162],[-96.14578135121954,42.458398454162854],[-96.14063421338459,42.46163738800789],[-96.12558552539272,42.45990585800392],[-96.1226503290671,42.465582466685994],[-96.12441631860005,42.471968310132645],[-96.1174699727216,42.47466094598478],[-96.10275551078958,42.47648777000622],[-96.09901237250254,42.47563908890273],[-96.09264386961054,42.46723403604269],[-96.08062497529076,42.46216396067131],[-96.07312226653046,42.466656348049966],[-96.06803828814799,42.46798128522962],[-96.0558138148569,42.46806942996765],[-96.04671076674805,42.46616873925427],[-96.04143028709738,42.4634499951307],[-96.0229284224524,42.46012615006182],[-96.0156412196766,42.45579322440294],[-96.00580126918318,42.44837959474761],[-96.00223529425871,42.447788727564124],[-95.99793289531539,42.43821650779689],[-95.98919247356461,42.43497341565953],[-95.97813461799626,42.439074962972725],[-95.97148660560438,42.43833804259936],[-95.96540676379102,42.43985980049898],[-95.95923371541929,42.43614722255501],[-95.94404610954571,42.41874896412684],[-95.94148595002845,42.412141961270585],[-95.94298035144934,42.409721754693614],[-95.93735210752905,42.39247285392179],[-95.94295282701427,42.388520013583246],[-95.93994140184489,42.38597682584692],[-95.94113501729436,42.3771302103117],[-95.9326460292433,42.37129181734381],[-95.92046411199077,42.370121550134606],[-95.90906449984357,42.36713810934197],[-95.9045357544575,42.36195345175433],[-95.89193651115151,42.364073085383026],[-95.88409844908608,42.35802552589258],[-95.8724605395474,42.354585153400826],[-95.8647597808666,42.35477789074723],[-95.8533544297456,42.344103105230765],[-95.84057439354537,42.33846361561539],[-95.83820016473389,42.33566328282816],[-95.83682005338457,42.3192584528437],[-95.83560125204781,42.3135702986301],[-95.8172084268231,42.30425765009193],[-95.80726145842615,42.297112879739124],[-95.80516867140538,42.29335038763587],[-95.8075671219518,42.28233226662978],[-95.81450418789875,42.272395938649986],[-95.82236697661533,42.26886616641324],[-95.82595687494836,42.2630593716044],[-95.83508846871246,42.259258800425926],[-95.83785464227572,42.24942411349124],[-95.83658413172354,42.24254392262424],[-95.84086536536132,42.237912697497286],[-95.84098270035781,42.23338007397147],[-95.83157786432821,42.23099218429466],[-95.82551594152292,42.224468738089406],[-95.8175794229079,42.21179981106949],[-95.81946057872747,42.203653167671774],[-95.81933568947295,42.19364667691036],[-95.82161039495254,42.18715631406912],[-95.83193746242713,42.18166051369106],[-95.83616187230515,42.17583761752379],[-95.83655693575754,42.17034801153492],[-95.83477671714869,42.166344075932585],[-95.82958229182856,42.16207770796453],[-95.81967947700647,42.15813861479831],[-95.79862466034018,42.15269731232915],[-95.79535245711803,42.15110660881062],[-95.78787713542317,42.14128346074327],[-95.78655230572616,42.13297653032603],[-95.77725528765198,42.12533572861788],[-95.76813699247042,42.12174685327976],[-95.76189677466601,42.11808346029212],[-95.75511101205359,42.1165806634751],[-95.75304854563265,42.113293627545055],[-95.76014295925684,42.10716588901167],[-95.76431771153977,42.10015353413351],[-95.76265671395713,42.091377072933625],[-95.76573866450298,42.08868215230269],[-95.77424186715302,42.08561747972356],[-95.78393176075349,42.087764639445474],[-95.79308364268243,42.08492146947439],[-95.80107135825118,42.08472664135954],[-95.80961428300537,42.082612970376374],[-95.8163170928867,42.07506396021239],[-95.82363289388044,42.07416811576872],[-95.83181351269297,42.063956667257976],[-95.8352861554421,42.05577031356054],[-95.83450120174834,42.0453071690128],[-95.8386216294252,42.03734333596234],[-95.84768933351579,42.02568137336101],[-95.84975367561402,42.02181620435863],[-95.85049872126113,42.009883201850336],[-95.85548734975649,42.0071384590427],[-95.85517846055536,42.00023429617666],[-95.85925203869601,41.99846677809545],[-95.85895350119132,41.991801062308646],[-95.85154146835275,41.99031953461239],[-95.8418549316179,41.98078882726989],[-95.83502119460366,41.97071400192581],[-95.83509738068936,41.96523217250571],[-95.83745820681506,41.960882599062295],[-95.84429386421314,41.95666526453976],[-95.84216595569657,41.94111116093419],[-95.84482680328188,41.93694311613942],[-95.83861279602328,41.93015814656518],[-95.83729086974428,41.924823443372084],[-95.83205747412674,41.91470873770546],[-95.82403171372819,41.906328595331665],[-95.8162487575004,41.903421914709],[-95.81051383420895,41.9035625350885],[-95.80404746483487,41.90157287029423],[-95.79432016244535,41.89061148239741],[-95.77896645955856,41.8821676656601],[-95.77383862507735,41.874190995484355],[-95.76920510323495,41.870254780702],[-95.76937973554978,41.866913902504635],[-95.76596942441081,41.8617547474546],[-95.7688967887696,41.85572678186672],[-95.77297403924368,41.85419640524588],[-95.78965573343119,41.852787963609565],[-95.79805824535495,41.851376623265686],[-95.80256581597037,41.853076805751165],[-95.8132122818746,41.84769200003307],[-95.81208531186573,41.84318068104871],[-95.79541607984143,41.843362770480475],[-95.7957357109843,41.83678071208707],[-95.78383543597705,41.8350301537358],[-95.7766099326395,41.82551936117121],[-95.77890540030745,41.82083928304883],[-95.77719359283948,41.817733155618896],[-95.78073887562942,41.814427710815266],[-95.78747263737674,41.80251167755259],[-95.79125748406526,41.78765451010318],[-95.79626375101226,41.78240829976384],[-95.80717867393123,41.7649676041596],[-95.80532103605178,41.759285236479954],[-95.81741601717812,41.749726442321],[-95.8182030242165,41.74589768368752],[-95.82303795405923,41.740060233500785],[-95.83046002888186,41.72796285554621],[-95.82898343936462,41.722361621750245],[-95.82594083813453,41.71910890175643],[-95.81886922588873,41.71653144677461],[-95.8218447325904,41.71385118116644],[-95.82811410207752,41.70254324683904],[-95.82533834143435,41.696528139257396],[-95.80871657868364,41.689429497901344],[-95.80701513430992,41.6860398645435],[-95.81003963245641,41.676199040818865],[-95.81519438034981,41.67367724479981],[-95.81458137007839,41.661592874806],[-95.81900057610794,41.64988942230762],[-95.8153962304631,41.644826447496925],[-95.82257089177446,41.634698856225434],[-95.82322611659531,41.63197197692537],[-95.8191830502592,41.626843333959506],[-95.82244055758366,41.62107160674764],[-95.8217563008128,41.61721586724729],[-95.81485721412108,41.61125206596893],[-95.80946939732901,41.60848402718741],[-95.79188398455302,41.603909878585],[-95.78714694420552,41.59711279057618],[-95.79060695270432,41.592890555227584],[-95.79226311420365,41.58713151295071],[-95.79023425785542,41.58035874741416],[-95.7831148328182,41.577347771347064],[-95.78077307393059,41.57454504999582],[-95.78067086801745,41.56846845131717],[-95.77840338738116,41.563488917748955],[-95.7806634325423,41.55699943526294],[-95.7868991343484,41.54708133021312],[-95.78943340989707,41.53963038046789],[-95.80085754562228,41.5324449103107],[-95.79116431329237,41.510660841349335],[-95.78367682388557,41.506078170889424],[-95.7787240156714,41.49404426111265],[-95.78156496186912,41.4789623944522],[-95.78365809766541,41.476052295562724],[-95.77371290680158,41.472361484724765],[-95.76996156310764,41.46626471341562],[-95.7616112385359,41.455968918465906],[-95.76302213481631,41.44832482149459],[-95.75531483221384,41.44207485480284],[-95.75410884550706,41.436024574393755],[-95.74714221637646,41.432260002104904],[-95.74634372140616,41.42834786610536],[-95.74210184499604,41.42535094012548],[-95.73992392684973,41.41873373949211],[-95.74440390295561,41.41612320662553],[-95.74565674728687,41.404533818846616],[-95.75855447597125,41.40268063187729],[-95.76169891639671,41.39830469606811],[-95.76193488044886,41.3928277472847],[-95.76746700913755,41.39269476285805],[-95.77204294092418,41.388522756047955],[-95.77001376249652,41.38560409306877],[-95.7729532501901,41.3801610432595],[-95.76851116157403,41.3724056019022],[-95.76464223422414,41.35964222512165],[-95.76395024053032,41.34702755294634],[-95.76111135077217,41.33971057097864],[-95.75365789903891,41.33166646924498],[-95.72593743487846,41.326485865455275],[-95.72028225428625,41.32352149485607],[-95.7164559035299,41.313056409369274],[-95.71892761630622,41.30234799596314],[-95.71066047973727,41.297301268809946],[-95.70914138216754,41.291140623946404],[-95.71258377784218,41.28652932460938],[-95.72650310053452,41.2811298556693],[-95.72290349899228,41.27639662977176],[-95.72024871763023,41.26745297172036],[-95.72240377226858,41.26437586696266],[-95.71812838346736,41.2620226395751],[-95.71529488693251,41.25668113532128],[-95.71737495817344,41.25353383831567],[-95.71749654685063,41.246789589385216],[-95.71319974368427,41.23659188090231],[-95.71695477669678,41.23197750917231],[-95.71795847030324,41.22747302973197],[-95.72238833253499,41.22219857482594],[-95.72791034974934,41.218375165279994],[-95.7276727444259,41.212661589228695],[-95.73063219010669,41.20794402442424],[-95.72924237915767,41.20487869357251],[-95.73386538192885,41.19845537400089],[-95.73811101394998,41.197557408579726],[-95.73750390173629,41.19211382001736],[-95.7416664116206,41.18253529508561],[-95.74605608907872,41.17840923097311],[-95.75060891441439,41.16910927943798],[-95.75024726046088,41.16398412247018],[-95.74598777048654,41.1601543535381],[-95.7469414158459,41.156560463950136],[-95.74511261432203,41.150524558480015],[-95.74970748412305,41.147316646410815],[-95.7503536745778,41.14015440683495],[-95.74687175153157,41.13225306096102],[-95.74129693560815,41.13083672473291],[-95.74142352780859,41.12630783626314],[-95.74583807456409,41.11881266637419],[-95.75247010612168,41.11030511811644],[-95.75799648827066,41.10871828195476],[-95.7611419774129,41.10454482909161],[-95.76486599240953,41.093350157975614],[-95.76007403063798,41.07905882527836],[-95.76352566553163,41.069721586327816],[-95.75844333482084,41.06931654987858],[-95.74743898566614,41.053524989749036],[-95.73793964262303,41.043996737886594],[-95.73161127293795,41.04319221960463],[-95.72310635419761,41.03922336978334],[-95.71893122870728,41.02955403390195],[-95.7139097626024,41.02667762857876],[-95.70720321860122,41.01981902914308],[-95.69541738115737,41.01628539586806],[-95.69314104973999,41.01061923462112],[-95.70115380400692,41.0026857602297],[-95.69831381601358,40.991538663653294],[-95.68626191541682,40.98456510361113],[-95.68516461985412,40.98077622498672],[-95.67732271339004,40.977382888884065],[-95.67090214178953,40.9780092258614],[-95.66624354343483,40.96775004079412],[-95.67103232780615,40.9578710741925],[-95.67194702826289,40.94938778758964],[-95.66836346820598,40.94625529239999],[-95.67141267477164,40.93224178575627],[-95.67025976110774,40.92702639884641],[-95.67929355904342,40.92121441197048],[-95.68578150367968,40.92237846860659],[-95.68633945789394,40.91676308893405],[-95.69413282755403,40.91527069923393],[-95.69308686374616,40.90885960544988],[-95.69878786183705,40.90229075407901],[-95.70196599589568,40.89612754650341],[-95.69868694017806,40.885004061561276],[-95.70261974580932,40.88133613452886],[-95.70704673814632,40.86992839893541],[-95.71385905073024,40.867620072769924],[-95.7153006273604,40.86449220184038],[-95.71390166183583,40.85009127090928],[-95.70897408043734,40.84021374576205],[-95.69106132386803,40.83181515774708],[-95.68970652263934,40.829342776849764],[-95.69132221581651,40.822752379696084],[-95.68288125993922,40.81244669072563],[-95.68149541471354,40.808560796490966],[-95.68315257764219,40.8036223479996],[-95.6887176529041,40.801006767827694],[-95.68634684313407,40.777228953226306],[-95.6794673566476,40.77439856270326],[-95.68183416264712,40.766372162458936],[-95.67834981932228,40.761566686803214],[-95.67514948500907,40.75211127306955],[-95.66956009770315,40.74556636558066],[-95.67185293114808,40.73240319969252],[-95.67003138678898,40.72994584750733],[-95.67242257444225,40.723797054282734],[-95.67015709876722,40.71743180581868],[-95.66015764039318,40.71015518328192],[-95.65811196985884,40.70268120927023],[-95.6620344227352,40.69831230198705],[-95.66293947373588,40.69352653846211],[-95.6705177555633,40.69120765840038],[-95.6738627050339,40.684816056137045],[-95.66746421650413,40.67745651271087],[-95.66707892902375,40.66387781016003],[-95.66986444117919,40.65917010223516],[-95.66644109224946,40.65243966576856],[-95.6662439239029,40.64292791038989],[-95.66773548954151,40.63717374459097],[-95.66162204536477,40.625042277760365],[-95.66305184513932,40.62167204774961],[-95.6568314706281,40.61466348498594],[-95.66085387564512,40.60282962705781],[-95.64290072808771,40.602449394887095],[-95.63772940102547,40.59994649735367],[-95.63887893879696,40.59232691801549],[-95.63258091780718,40.58371091719719],[-95.48824490571648,40.581660140399016],[-95.43126868236692,40.5811161043965],[-95.33555064545743,40.579927886479915],[-95.25913441329419,40.57930252318253],[-95.22149418005723,40.578716848260775],[-95.18331358435618,40.578390361232486],[-95.08789454591214,40.57688317552244],[-95.0499025761134,40.576662243239355],[-94.97270716644067,40.57554617703314],[-94.95354653882136,40.575709531602804],[-94.87833229977451,40.574794540407204],[-94.83963149929166,40.57380457904193],[-94.80159582954485,40.573583996978854],[-94.72670634839905,40.5723492705897],[-94.60470308321361,40.57101053514262],[-94.54751017595177,40.57073727807295],[-94.47131437739877,40.57090486426228],[-94.41533844841823,40.571343839282655],[-94.35854360320133,40.57135092551641],[-94.3201212804982,40.5716167847561],[-94.28227567903589,40.571539138950065],[-94.26299504386849,40.57187794501767],[-94.22500452069843,40.57195438707333],[-94.18687146106836,40.572452268331816],[-94.1301721181708,40.572886804409194],[-94.11065998684654,40.57280614595202],[-94.03439519466696,40.57367775534236],[-94.01568880748745,40.57415938553196],[-93.977261234839,40.57453667701964],[-93.88256688723101,40.57629193779085],[-93.8444494363473,40.57652362340004],[-93.80641341786529,40.57729169582378],[-93.76651203583415,40.57761824397097],[-93.72857066681003,40.5774230233586],[-93.69059068127311,40.5778370940199],[-93.59505405748946,40.57936120046309],[-93.55704812428236,40.5802810376561],[-93.51839268218872,40.580524642116345],[-93.48032085171442,40.57992377587378],[-93.42242800583537,40.57997889517923],[-93.36543450401437,40.58024539689177],[-93.32789705979087,40.58068241406589],[-93.27026302612994,40.58068756480829],[-93.23165954149074,40.580978998404625],[-93.19333716716116,40.58185197967755],[-93.1361385661987,40.582763406802954],[-93.0201740450406,40.58632139512188],[-92.9435589998595,40.58778869334261],[-92.87568862800131,40.58812478520937],[-92.82899277697643,40.58872398527969],[-92.80998250182378,40.58855064610177],[-92.733986690708,40.58917739025201],[-92.656931617511,40.590525643958436],[-92.58039145479435,40.59226576981002],[-92.56131673144813,40.59304218746165],[-92.52360541866426,40.593875682344944],[-92.4664493404036,40.59541022880425],[-92.44725531891821,40.59547319614039],[-92.37022654407434,40.5967277788147],[-92.33230788747356,40.5979202987224],[-92.27479627770214,40.59902413142731],[-92.25573852947045,40.59915521739193],[-92.14077608580996,40.60100694474962],[-92.06406641094904,40.60268179885629],[-92.0059270051273,40.60442177133897],[-91.94850601605691,40.605571667231004],[-91.8911175729498,40.607323928779245],[-91.85292112202497,40.60905040849983],[-91.72941108483995,40.61378605920499],[-91.72498827407371,40.606800924982885],[-91.71812170121366,40.59913994926199],[-91.71284196557761,40.59519868590063],[-91.70234389885081,40.59107262608445],[-91.68830422245861,40.58298684247099],[-91.68572631450051,40.57826419439853],[-91.69172245578235,40.56553121112978],[-91.69047150312456,40.559373300071165],[-91.68691535786084,40.55624308622129],[-91.67803490777597,40.55215118589284],[-91.65079751859096,40.54900801412865],[-91.62178921438313,40.54247719144047],[-91.6185395578015,40.53892513314582],[-91.61788365034356,40.531773602638516],[-91.62227855164467,40.514637889264556],[-91.61805095085069,40.50524566599146],[-91.61200861219847,40.50179514107934],[-91.59511636181632,40.49521314235429],[-91.58857011850921,40.489863407248606],[-91.58408411414801,40.481232363552415],[-91.58144328830807,40.47220937919027],[-91.57775109689554,40.467803855963076],[-91.57118912626348,40.46373216050081],[-91.56233940102418,40.46047849929919],[-91.54758311743616,40.45819516234345],[-91.52959242609094,40.45913901978127],[-91.52335262827624,40.454023702640896],[-91.52542706792636,40.44763599368653],[-91.53269057292937,40.44175559344613],[-91.53359082943409,40.43847883828815],[-91.5288754741341,40.43414885765596],[-91.51997981693599,40.43386423726922],[-91.51913959650473,40.43081755750793],[-91.5267388222225,40.42059961135812],[-91.52567021737018,40.41177547564813],[-91.51955249817448,40.40899474370841],[-91.51241029536382,40.408308562395625],[-91.50540688885134,40.40311937156603],[-91.49733424456772,40.39986173668072],[-91.49243507299138,40.400824962180906],[-91.48886556159688,40.40483229256888],[-91.48424173978823,40.40604200124959],[-91.48009173173158,40.40261826731223],[-91.48080819569017,40.39610537017089],[-91.48297552469005,40.394989715804975],[-91.49075772070424,40.39678519003495],[-91.49019271513048,40.38996721234317],[-91.48204321250009,40.38160851701969],[-91.47687029317952,40.38281073227652],[-91.47412431767803,40.386774411009156],[-91.46678518492585,40.38622690027741],[-91.46292420936126,40.38413967144044],[-91.46608259221976,40.37909167300542],[-91.46385572934656,40.37632345636985],[-91.45448541018587,40.37566709103072],[-91.44604738235212,40.3787250870534],[-91.44398731480776,40.38618363532568],[-91.43394674101677,40.384786873958724],[-91.42477486711242,40.38202274534711],[-91.41947583546282,40.37840100790407],[-91.41528445493513,40.38166786009843],[-91.39848315661966,40.38292282816907],[-91.38539029479783,40.38583073629539],[-91.37907427583575,40.3893278271255],[-91.37496930319841,40.39517088953373],[-91.37289447889493,40.402772045339695],[-91.37246612493792,40.41358539879333],[-91.37455698602903,40.42039831272322],[-91.38038748301393,40.43061483821028],[-91.38171485269945,40.44581292745105],[-91.38024978440204,40.45219751657381],[-91.37599264452352,40.460831064757144],[-91.36993395396958,40.47062817673096],[-91.36547905193163,40.4810782359348],[-91.36372409946358,40.489674565753646],[-91.36399850288744,40.49914639861047],[-91.3655475319164,40.50396979937556],[-91.37812927290885,40.509921420355354],[-91.38833183026243,40.518243753130164],[-91.38952388576966,40.52114755385213],[-91.40005660195413,40.528995999188005],[-91.40921521529332,40.528401756250794],[-91.41494588968513,40.526070754540925],[-91.41599914792619,40.521513444629285],[-91.42048462728657,40.51844892465061],[-91.4306152341825,40.51666363963373],[-91.4390967941869,40.51798111716152],[-91.44659989128043,40.52072616750196],[-91.4552922821831,40.526617044775016],[-91.4645125407229,40.53708602777181],[-91.46875588496626,40.544601250834425],[-91.4705162972303,40.5503989165711],[-91.4708296608483,40.564356981819586],[-91.46866846021604,40.576120256825185],[-91.47102243389917,40.58361030279461],[-91.47032542914735,40.58648823882578],[-91.4643092998115,40.58736783227401],[-91.45480501784772,40.60264079691799],[-91.4533710114281,40.61008045554333],[-91.44812678801317,40.61842835761181],[-91.43898403151515,40.617827773712946],[-91.4358952359283,40.61489886355407],[-91.42955434326856,40.61601546195545],[-91.41832554963482,40.623559846475025],[-91.40779520421816,40.62822561682003],[-91.4055047880523,40.63156310647866],[-91.39987394777032,40.629318791076386],[-91.38181020092365,40.63195435876275],[-91.3640377979291,40.635555097205255],[-91.3570924248946,40.635456549334926],[-91.33744080531778,40.63830128903653],[-91.30565739188607,40.63374985085349],[-91.29713371027904,40.633624537844106],[-91.29435976723268,40.63093971896477],[-91.27778414043148,40.636950005245005],[-91.26815153411381,40.643057679274975],[-91.2644974436961,40.64998416333356],[-91.25794505865237,40.65902430267776],[-91.2478728647001,40.681730035355265],[-91.24705804043651,40.6886944283009],[-91.25147015097355,40.7012735580778],[-91.25641931105547,40.70543802845704],[-91.2543913646441,40.71045641849427],[-91.24777330466102,40.709635540734645],[-91.22461598308603,40.724437634595446],[-91.22103677554374,40.72823344281582],[-91.22501190440217,40.73334815029524],[-91.22304467921636,40.735961725019926],[-91.21392143086901,40.73414088496275],[-91.1920746056246,40.73500324279564],[-91.18761561288304,40.736135863170894],[-91.1692196630273,40.73800738455052],[-91.15923981081137,40.744347866619464],[-91.14910154261962,40.74490632710428],[-91.13305660243766,40.741760793114516],[-91.1244524119096,40.74402638392026],[-91.11828923923358,40.749461422674955],[-91.11156050107608,40.75247723046719],[-91.1067123330068,40.75244282099119],[-91.09977024466728,40.75993133449242],[-91.09357522345566,40.77213385031746],[-91.09156036124168,40.78025262061972],[-91.0912566400486,40.78785919781097],[-91.09554107608501,40.79930187369641],[-91.09952803895821,40.7972692835205],[-91.10556284921488,40.807713991468844],[-91.1096996484767,40.81013738689425],[-91.09998348536591,40.814598758967],[-91.10018992498448,40.818452981356465],[-91.10600612791964,40.825525136923304],[-91.11008033760753,40.82703320103481],[-91.11273175220542,40.83405311947428],[-91.11825385180836,40.84039921834567],[-91.12343980643429,40.84944640811196],[-91.12275655230933,40.85487145756089],[-91.11848432824624,40.85581071236897],[-91.11224045545626,40.85136696699405],[-91.10600372512035,40.85896182322615],[-91.10182472830884,40.86105947933918],[-91.09235004314453,40.871009799431505],[-91.0761141299239,40.884449790038055],[-91.07342559336638,40.88970141174605],[-91.06696286485376,40.89392144252678],[-91.0569990437,40.8985640779725],[-91.05502006546591,40.901178961138925],[-91.05597763785812,40.91177906143895],[-91.05379365279283,40.9213668488053],[-91.04910763438285,40.92970976092747],[-91.04667608174178,40.93688366585032],[-91.04702005629204,40.946752777033375],[-91.04499667962558,40.95080791730225],[-91.04155946230266,40.970476090150235],[-91.04258847266401,40.97463702451242],[-91.03777110772447,40.984269731441174],[-91.03059784333648,40.99032655571943],[-91.03046639820636,40.994742481825384],[-91.03949895167015,41.00461099668803],[-91.04231925033649,41.014373447110664],[-91.0498365067853,41.023039907468856],[-91.04689984400305,41.03034924645994],[-91.0458440808282,41.03975309694924],[-91.04369165666073,41.0467783798284],[-91.04546975522378,41.052402130015906],[-91.04472370571935,41.06445935225044],[-91.05198897472988,41.068703245141926],[-91.06057636758432,41.08091792480317],[-91.06943394168272,41.0852792449929],[-91.07914101995185,41.08783914138014],[-91.08443819536744,41.08748291934195],[-91.09141774515986,41.08988446861742],[-91.1096946934045,41.09050332318487],[-91.12058081745721,41.097221080776514],[-91.12727589281185,41.09790155223224],[-91.1308429740977,41.102340402863426],[-91.15065985528156,41.1140252603728],[-91.16197303325742,41.11776188183263],[-91.17174581354212,41.11956820680795],[-91.17631802151271,41.11818039314548],[-91.18952673727085,41.117182448837234],[-91.19702046823429,41.119458718047625],[-91.2038113239994,41.119818790758394],[-91.21163072784853,41.12559122649492],[-91.22260522758079,41.129634104203795],[-91.22900210656006,41.135319909139135],[-91.24271827170757,41.13743476668432],[-91.25541770507249,41.1430881233701],[-91.271983755802,41.14232202346079],[-91.26807090404266,41.150580646877685],[-91.26249915674966,41.154814139961],[-91.2645805160215,41.161893077924944],[-91.27070547279618,41.16858833146293],[-91.27529639350931,41.17614916876856],[-91.28186596018796,41.17878703782177],[-91.28575406879557,41.18436873622458],[-91.29300359056384,41.18676212970102],[-91.30429886833376,41.195246394169374],[-91.30236339649629,41.198582910377176],[-91.2971751295919,41.20091895939165],[-91.28901193186014,41.207718466930864],[-91.28672157760266,41.23104908232068],[-91.29012917768655,41.245512155911676],[-91.29459402213298,41.24849896289635],[-91.31258904317974,41.2520656841644],[-91.32448366540365,41.25738219091147],[-91.33300929699273,41.26290269170087],[-91.34167831760698,41.26613896116452],[-91.34587696005137,41.26981834927247],[-91.3580796482113,41.27651027438131],[-91.36171061898563,41.28288286626118],[-91.35997191280595,41.28857696092884],[-91.36696480784224,41.29620120326177],[-91.37095548986942,41.30423404830536],[-91.38497844663026,41.31827731560938],[-91.3870881834169,41.321768306444206],[-91.40700751974241,41.33995475248609],[-91.419248809799,41.353969143044424],[-91.43672211440528,41.3582712465476],[-91.43623630763695,41.36187652878529],[-91.43032960581203,41.366611938960645],[-91.42822754540104,41.37094759341173],[-91.43801902000199,41.37920766371265],[-91.44489173136033,41.384267093926184],[-91.44756308301972,41.38957048350363],[-91.45495503361401,41.39809769005315],[-91.46410344592164,41.400026129528605],[-91.47012106677604,41.40763103475635],[-91.47876279204047,41.41421689497057],[-91.48207272391939,41.41802297593631],[-91.4863265159536,41.42424929041162],[-91.48640758423149,41.42936715165179],[-91.48992908860613,41.43272430474893],[-91.49844776824348,41.44487533112684],[-91.50495630710024,41.448872950564486],[-91.50981074340466,41.455256679327945],[-91.51573132716682,41.45879459027473],[-91.52271405554217,41.45963696134044],[-91.53220400391393,41.462760039084365],[-91.53654104414586,41.470617491579155],[-91.53837174537097,41.48122254339037],[-91.53543882209372,41.48740979093986],[-91.53390107759321,41.495948957675076],[-91.53556235289372,41.51096889208817],[-91.54347191169359,41.52431267356311],[-91.54336833102825,41.537855636297216],[-91.55180829523384,41.54929335369246],[-91.5486057807802,41.55497218072942],[-91.53743700135426,41.56783081656531],[-91.53783818140803,41.57510539573407],[-91.53970252834927,41.57703931971185],[-91.5404774565906,41.58483453030336],[-91.53753300966885,41.591653830525125],[-91.53811484242142,41.595851447815704],[-91.5464907663338,41.603258795546395],[-91.54803398104143,41.60988105363611],[-91.54627511115999,41.620397817100105],[-91.55981900590923,41.63910676650984],[-91.5560603725578,41.644456057607385],[-91.54219097934248,41.651455056973816],[-91.53800287774388,41.65234643654723],[-91.52868746726642,41.64841695335453],[-91.5248315138897,41.64212462542534],[-91.53126923570642,41.639450472451806],[-91.53351842823962,41.63558751196892],[-91.52203508581943,41.6273327358635],[-91.5199774772783,41.63225194021925],[-91.50767262521761,41.63160636340122],[-91.50203607493651,41.632343802531274],[-91.50127894259344,41.63703637548877],[-91.51033544521161,41.64736976770116],[-91.50101845830734,41.64559245011775],[-91.49098502625816,41.64755622806272],[-91.4812141769303,41.64552289057299],[-91.47140195746826,41.645265822501024],[-91.47011571489784,41.642391774972864],[-91.45713111333798,41.643868855389265],[-91.45289339318391,41.6405740323089],[-91.45559047094727,41.63749942701526],[-91.45670906819389,41.626086715270546],[-91.44642748147282,41.62436100577268],[-91.44099930590902,41.61787526560317],[-91.44801373149352,41.61466884490109],[-91.45059091116809,41.609497631598146],[-91.46051232928333,41.60848816815378],[-91.47057199661687,41.605194129935875],[-91.47205895844314,41.60311881009726],[-91.47140513030854,41.59498367427789],[-91.47623387795815,41.59104804903852],[-91.47184742677324,41.586990077450245],[-91.45892835588539,41.58618272239033],[-91.45771621282292,41.5838174122716],[-91.46159235646077,41.577266602724386],[-91.4610095963951,41.573322543656914],[-91.45628873916917,41.56919600899363],[-91.45884373507245,41.56484961203949],[-91.45293330009943,41.5574690848091],[-91.45305314232918,41.54889978630864],[-91.45457559628723,41.5453014290163],[-91.45993562296108,41.543024284398115],[-91.46415223723828,41.534288507817074],[-91.46198811437327,41.532299866056945],[-91.46036528706021,41.52422627851079],[-91.45105555403892,41.5176256573492],[-91.44485775340677,41.50999777507607],[-91.44778568382098,41.486430092960184],[-91.44282268359822,41.48213040274913],[-91.44371167267917,41.47790983950587],[-91.43441432922465,41.47135009353379],[-91.42896437857468,41.463995695564535],[-91.4295020160732,41.45570712996348],[-91.42408851883457,41.4515697739186],[-91.41918464319494,41.449640125770124],[-91.4115796751385,41.447757648570565],[-91.39706257024041,41.4341811879475],[-91.39222061714966,41.43438543232216],[-91.37418822118822,41.44365531980321],[-91.3644481860697,41.45183427875176],[-91.36101443634162,41.45749939693679],[-91.35327797672933,41.46640428974936],[-91.34877992113141,41.47402192455454],[-91.34885041482711,41.477895742915415],[-91.33556374863966,41.48246584204106],[-91.3288956577948,41.48897193205735],[-91.324734051894,41.49646649194863],[-91.32163453955022,41.50530964920618],[-91.31096734964086,41.506296234589776],[-91.3004788860039,41.51514640952338],[-91.29149778918,41.51975373921233],[-91.28153402721189,41.52739309445068],[-91.27807541805399,41.533210438621175],[-91.27349607020416,41.54725013143787],[-91.27036252387646,41.55940211157884],[-91.2635670720664,41.56077956650916],[-91.2532892310431,41.56025769636683],[-91.24884400500653,41.55884111097585],[-91.22441689804303,41.567382831094164],[-91.19563641439089,41.5700949057733],[-91.18911462145532,41.5668320999943],[-91.18238951077612,41.56682471279125],[-91.17715543872262,41.57258263183681],[-91.16866902054927,41.57371747392485],[-91.15481477244538,41.57332660730649],[-91.14939346079517,41.57764120254572],[-91.1448051045535,41.58433915351731],[-91.12790906811044,41.591598932769834],[-91.12599808975813,41.59529233246801],[-91.12792086287038,41.60443347740794],[-91.12376416504945,41.60826336778647],[-91.11620282492899,41.608821451058446],[-91.10880479500776,41.607463434409595],[-91.09993535291252,41.60223823324185],[-91.0983405380056,41.595101383750645],[-91.08850177801841,41.588420233263136],[-91.08071081991605,41.58498910278318],[-91.06955381401843,41.58861142886391],[-91.06584497517044,41.588210479711826],[-91.06071550259762,41.5825372467283],[-91.05415809736188,41.579677759980825],[-91.06406235653651,41.56862665749377],[-91.07818050249685,41.560060106811044],[-91.0807239237288,41.54266491253169],[-91.08517535517545,41.53308913999271],[-91.08473192674721,41.52520936871697],[-91.09546216735419,41.51269020985172],[-91.10556195974627,41.510063637758115],[-91.11029758903265,41.50599373686515],[-91.11841626110424,41.50561899017882],[-91.13070367240186,41.50124832606635],[-91.13761175477393,41.495942831995805],[-91.14157840973886,41.491097307001],[-91.15014346316765,41.4868336134357],[-91.15570063974113,41.48142061273628],[-91.16149633837921,41.47948181478112],[-91.17191336596527,41.47329910974873],[-91.17699389342624,41.468723983111886],[-91.18418969879028,41.46494390142257],[-91.2173019187809,41.44345270594727],[-91.23453482680273,41.434406886071734],[-91.2379200345188,41.42699623945978],[-91.24134112028023,41.42447730870584],[-91.24692395286,41.423895906218405],[-91.2509851836673,41.41871991042569],[-91.26719313896776,41.40629918361688],[-91.27336422468528,41.40015418229541],[-91.28523358838682,41.39128452338724],[-91.2935996001524,41.388123356631134],[-91.29789783624369,41.38090163032255],[-91.2975287184,41.37808676262127],[-91.3020612455284,41.37153497406281],[-91.30633828828648,41.37235989113991],[-91.31489074093564,41.3593907479063],[-91.3187583882828,41.35154285894234],[-91.33312939177677,41.34060947903302],[-91.33584725477206,41.33312525650122],[-91.33537572140919,41.326832921175516],[-91.33303684901503,41.324418185106154],[-91.32887588223139,41.314215281371276],[-91.32335153990152,41.305516129880274],[-91.31808134916639,41.30172504658131],[-91.30659333552858,41.30155657601282],[-91.30269944629991,41.29830882750874],[-91.30376006532133,41.28418199878785],[-91.29245641301091,41.27706265198073],[-91.27344742559507,41.272636315959765],[-91.26601890092617,41.26952472030836],[-91.25067704935175,41.269721124605006],[-91.24249859754306,41.26873941117142],[-91.23500383584549,41.26581527841582],[-91.23091973786374,41.258133742804425],[-91.2192142764733,41.242517144836164],[-91.21831334874872,41.238524469086464],[-91.20321429289174,41.22474514055699],[-91.19813023505174,41.2179780061059],[-91.19142018491033,41.213301462254734],[-91.1804949640922,41.21109761071518],[-91.17403776211589,41.2014294591114],[-91.1530746017098,41.185603359149354],[-91.15051265851645,41.18107555667237],[-91.15038859360837,41.17353932839656],[-91.13879776980731,41.167426745366186],[-91.1312133910011,41.16230929272766],[-91.12880429139264,41.15642901338468],[-91.12031670658017,41.15163478009018],[-91.11370143409346,41.1440770103602],[-91.1127252688582,41.13906639739893],[-91.10665705405094,41.132025110164356],[-91.09610367553508,41.129142172733054],[-91.08915561589674,41.12936571486438],[-91.08409295493595,41.12250923372226],[-91.06486284753478,41.114348956553684],[-91.06211040028153,41.11107084166673],[-91.06269231468214,41.10473665683388],[-91.05766962652233,41.113547539901106],[-91.057097666872,41.122946015311996],[-91.05258092270437,41.131178985341236],[-91.0542026446053,41.13828159062933],[-91.06572979273339,41.147708112525216],[-91.06943745068799,41.15315663124182],[-91.07442535290367,41.15662231849256],[-91.08672319511045,41.167752972125214],[-91.09674642926511,41.180227364582215],[-91.1115753429085,41.19570258468656],[-91.12397663315703,41.210830130176596],[-91.13619137852886,41.232722198126496],[-91.14228355125906,41.24790309801158],[-91.14474896857888,41.2616338062993],[-91.14867246056458,41.27431604597731],[-91.14967859658093,41.282024365985414],[-91.15379130013528,41.29532192885931],[-91.15440304990767,41.302564497553185],[-91.16526494640871,41.32997120150697],[-91.17175696348306,41.33868978409319],[-91.18153668079576,41.354075695808476],[-91.18517560172197,41.36274841197805],[-91.18658626606747,41.37077344844696],[-91.18602039672462,41.376457016280135],[-91.18294327571544,41.384253659468726],[-91.178479545203,41.3904925720842],[-91.1700732994211,41.3988213833051],[-91.16341638362863,41.403020736412564],[-91.14994803463753,41.40957835103076],[-91.141911445136,41.41190782116553],[-91.13371416839885,41.412698426911156],[-91.10599348649431,41.417167956256115],[-91.07576304292725,41.41651342721534],[-91.0633518232646,41.41461196232949],[-91.043317379078,41.41656088666838],[-91.0334378725321,41.421398139471776],[-91.02611152301326,41.43227282333701],[-91.01446871450199,41.439833242239],[-90.99888390459499,41.44132222701159],[-90.98903603692588,41.444047812297015],[-90.97925157649317,41.44470411343484],[-90.96805506980031,41.442126839137146],[-90.95368127571925,41.43566332006147],[-90.94056352873345,41.433049173317315],[-90.9320631687146,41.43227576945744],[-90.91280486253702,41.432548713988574],[-90.90114316741305,41.43055605848358],[-90.88636234402642,41.43774316439883],[-90.86301527974432,41.45088508047299],[-90.85303617670412,41.454274960339646],[-90.83657161117394,41.45554268623413],[-90.82024473462631,41.4542887744568],[-90.80556057668177,41.45444192052103],[-90.78774156719422,41.453308033267156],[-90.77898297476291,41.45117580229783],[-90.7434281233159,41.44952013278476],[-90.70677544583296,41.45363190349641],[-90.6935160976768,41.455951722702075],[-90.67885084127057,41.46061725100273],[-90.6742241795419,41.4658693146114],[-90.66193207946756,41.46987373834536],[-90.65721950328476,41.472771175094664],[-90.65608146908374,41.48109790317518],[-90.64858788967977,41.4913428731284],[-90.64637277983407,41.50043516251184],[-90.63938575586182,41.5081691360728],[-90.62747943332356,41.51280788815133],[-90.6164684744246,41.521560112576665],[-90.60917257159761,41.5261349053278],[-90.60258555423789,41.52851840091804],[-90.59609719454629,41.52822533534025],[-90.5855128807901,41.52532523331411],[-90.57567923461808,41.524803148747864],[-90.55949656151314,41.525878561379756],[-90.55604336010781,41.52432739106821],[-90.54476919398591,41.52622183856519],[-90.53654040560849,41.52613392758196],[-90.52651753304629,41.529996887885005],[-90.51764660524253,41.531461587917725],[-90.51073272875566,41.52890338327742],[-90.497379521925,41.52710797750687],[-90.48451099753927,41.52833245608538],[-90.47364477707417,41.534717913827585],[-90.46958837203108,41.53598353990612],[-90.46030927476639,41.542703727481616],[-90.45569830577428,41.54787065077389],[-90.45468490559678,41.553267661071274],[-90.45155132324021,41.55651009544268],[-90.44364098851358,41.5588935757491],[-90.44144257896242,41.5638124654599],[-90.43792510304252,41.56659434808766],[-90.42219619896312,41.5689522796299],[-90.40859719462092,41.57316257203371],[-90.39968296918923,41.58048813422399],[-90.3938013631251,41.58216134147956],[-90.38039253186342,41.58155533378043],[-90.35755127806802,41.582393810296075],[-90.34592400746475,41.586368238971225],[-90.3410564116212,41.59143424644881],[-90.33933241249056,41.597608585543526],[-90.34215643053584,41.62498956209901],[-90.34265933343431,41.638168132506785],[-90.34382023356294,41.64612935502827],[-90.33835786765361,41.66010644563814],[-90.33626642121995,41.667578030294095],[-90.33461925094942,41.67969799140457],[-90.33271368547163,41.6823510646952],[-90.33918806034993,41.68591002286086],[-90.34340275927424,41.687025269171144],[-90.34688517853054,41.68710576491935],[-90.35661591606086,41.69067137509247],[-90.36324360349812,41.699095779312415],[-90.37633731579996,41.70578543462229],[-90.38819527874136,41.70953655355743],[-90.40374463743024,41.7130817670383],[-90.41206214723744,41.713418094034424],[-90.4261091646653,41.7109734027905],[-90.42949198610084,41.708725594816855],[-90.44793525300135,41.712622261168725],[-90.45382798018923,41.71617537143858],[-90.46576989853168,41.71799305531663],[-90.47066280638691,41.71633121633235],[-90.4739748629152,41.71973187024765],[-90.48088450977787,41.716060538379416],[-90.48822816153734,41.716694200953086],[-90.50135863044085,41.72125401194773],[-90.52623591862768,41.72479131565932],[-90.53313881660485,41.72743892221594],[-90.54208958805307,41.72871597232762],[-90.54711049260483,41.725774676199464],[-90.54573754285404,41.723273168918396],[-90.5318145986307,41.71802607273818],[-90.53353372261952,41.704252021867795],[-90.54560330831997,41.705127360560766],[-90.54443331425216,41.709362291066874],[-90.54763563896532,41.714379571027656],[-90.56210172015575,41.720059566386546],[-90.57491054270557,41.722564127655566],[-90.57525691066837,41.71609148256989],[-90.58005337557299,41.71472007515437],[-90.58266288681232,41.70589037332497],[-90.57445974526784,41.701831348280926],[-90.58251104837335,41.700501461493396],[-90.60521915912797,41.70851961596288],[-90.60768333339921,41.71067839611611],[-90.61327344774466,41.707318224775435],[-90.65188077964228,41.71818252383781],[-90.67228062355666,41.72584306155144],[-90.67982520458673,41.732754821877265],[-90.68562233357622,41.73287171911867],[-90.69536735838501,41.726862250685315],[-90.70841146993641,41.72122398467547],[-90.71592921030386,41.71950934017332],[-90.7184903149837,41.71738969536901],[-90.72893790054,41.714804669681506],[-90.73723886720515,41.71434696594147],[-90.75840922790704,41.72500200447294],[-90.76430769250392,41.73411870452126],[-90.76124551562846,41.740647196402826],[-90.76233024045773,41.74429785689017],[-90.76748337417328,41.74947762672882],[-90.77275561529977,41.75121455650824],[-90.77186595515667,41.75591654272662],[-90.77503750938298,41.76233183985862],[-90.78065866281538,41.76806938504418],[-90.78831243747896,41.771121431343914],[-90.78936239020794,41.77586085626809],[-90.80211312970074,41.77882529603139],[-90.80380412893071,41.786121080200026],[-90.82330436664691,41.79756515676729],[-90.84055829379592,41.8038797689267],[-90.84805541592914,41.80456528306631],[-90.85813044259193,41.80801823808669],[-90.86832605318067,41.80784757868391],[-90.87694089981294,41.81145641339686],[-90.87997331736496,41.81514186902559],[-90.87579690990506,41.816699353458176],[-90.86409642209497,41.81829719878306],[-90.86425415414995,41.82083985513097],[-90.88273096135198,41.82717085203296],[-90.899702528608,41.835105982076456],[-90.90269811038414,41.83743473795678],[-90.92175852722197,41.842815458026045],[-90.94412945440295,41.850049008575866],[-90.96482222714452,41.84970137489496],[-90.97150659304496,41.85125604028012],[-90.99361912966299,41.851644252278454],[-91.01758893973795,41.85421715078441],[-91.02089877785396,41.8560709077642],[-91.03112257152607,41.86775629480773],[-91.0382695536852,41.87003545476838],[-91.04504558242147,41.8687144263838],[-91.04853205542665,41.86481548622244],[-91.0488272909677,41.8551119041739],[-91.04426041801264,41.847122408958604],[-91.03809933795063,41.844139957615404],[-91.02425912111882,41.84066969710218],[-91.01226558968156,41.83974242949822],[-91.00907955430314,41.8339323646488],[-91.00970510313732,41.829269006289444],[-91.0042171146149,41.82018570451424],[-90.9895025958879,41.81417429928296],[-90.96095016207481,41.80503882991132],[-90.95345947491685,41.79879499037852],[-90.9622871556661,41.79319690247161],[-90.97005120181504,41.790817072111295],[-90.97869553499552,41.79096943214352],[-90.98889132005722,41.789689295563356],[-90.9971971992928,41.79198682093098],[-91.01885631120332,41.80330919460274],[-91.02139094162548,41.80223157952542],[-91.01596445793183,41.79165933400986],[-90.99652108010584,41.78561215183263],[-90.99545761711487,41.77960447577305],[-90.97940080183393,41.77735994647122],[-90.9722817317534,41.77713999922514],[-90.95588284032924,41.76791083129207],[-90.94656805283698,41.75875657146973],[-90.9408886512624,41.75613771831765],[-90.93638805674641,41.74670397083684],[-90.93263009221117,41.744119152146055],[-90.92454098670392,41.74181633584264],[-90.91651053590031,41.73771724126137],[-90.91425120657287,41.73335770210989],[-90.91748980940481,41.72227101427615],[-90.9232118684364,41.71957355297742],[-90.93206907521082,41.72248470481293],[-90.93919146096948,41.722265877803096],[-90.94767905126186,41.71519909138254],[-90.95160786464537,41.70598353612293],[-90.9550108460705,41.70460309582593],[-90.969804355164,41.70492837002876],[-90.97702155242709,41.70161964515413],[-90.97829110818888,41.69674696557554],[-90.98357793461614,41.69647956495934],[-91.0035417577097,41.70257864317085],[-91.01247701361021,41.70848859163933],[-91.01726054848304,41.713479712698785],[-91.01824574732213,41.71965712042423],[-91.02147736033908,41.72156360768674],[-91.02856729309802,41.731808659097275],[-91.03745998305547,41.73912543903859],[-91.04268395569616,41.741011285814636],[-91.04897778203923,41.73932148508396],[-91.05064175705049,41.73641360904881],[-91.05649261467799,41.73730523700528],[-91.05941973753073,41.741578710777674],[-91.06255922055023,41.75070114162748],[-91.06491653607672,41.75217734567044],[-91.07499652966895,41.75234657382908],[-91.07891097602932,41.74989479633255],[-91.08941689499102,41.735686552672725],[-91.09936339350261,41.73441038009308],[-91.10169095893912,41.739204256659974],[-91.09777949910733,41.74517394042073],[-91.09869750629947,41.74901237019414],[-91.09100828922938,41.76253397297839],[-91.08377407362676,41.76399872057268],[-91.08128808438849,41.76683475525168],[-91.08212985432296,41.77080704890103],[-91.08713924233791,41.77796491523009],[-91.09121004187118,41.78857887664417],[-91.10028526721568,41.79482191202315],[-91.1022703589686,41.80458140683514],[-91.10792908240954,41.808272658754206],[-91.11953065631641,41.812569844771865],[-91.1227425312361,41.81543677411278],[-91.12983075039509,41.81546224120818],[-91.13198907577713,41.813124199688815],[-91.12765822471921,41.80751493250098],[-91.12026413337908,41.803598153248],[-91.11641477032718,41.79842862538734],[-91.113699458749,41.791827576120966],[-91.12518617336706,41.77691201638052],[-91.12483167841532,41.772587737564145],[-91.12116952050498,41.76857420024579],[-91.11486886562012,41.751926540835264],[-91.11642402473512,41.74799823015348],[-91.11491307422513,41.74126814373438],[-91.11951608598068,41.74064101963104],[-91.1266082074289,41.74456654582912],[-91.13232576818388,41.74610060803902],[-91.13683227235057,41.75157308109118],[-91.13905817494027,41.76238964743491],[-91.14696134286638,41.77151005696178],[-91.157809159206,41.778515633298575],[-91.16680628629416,41.78031659616017],[-91.17270645113416,41.784197650527894],[-91.17713343890989,41.781539033618536],[-91.17553965839335,41.77552459421716],[-91.18020689733054,41.772694044459186],[-91.1896864275407,41.77255099377509],[-91.19310826060713,41.77044782095519],[-91.19421001190594,41.76543062470569],[-91.19007408130831,41.756386328332034],[-91.18123356358936,41.748681504202324],[-91.17786214308705,41.74334130241107],[-91.18814592349999,41.74553028819688],[-91.20384252622875,41.75176136353527],[-91.226067154258,41.75981128999042],[-91.24326262083163,41.763313063076446],[-91.25823381686926,41.76030304273797],[-91.26743051456644,41.75475448455592],[-91.27243206681024,41.75872945177898],[-91.27334060842779,41.76219250625099],[-91.28026107748863,41.77309473359961],[-91.27994480193387,41.781186640361895],[-91.2821101352449,41.78264649814702],[-91.2916159016884,41.783603163844816],[-91.2958547829881,41.78615628388703],[-91.29751555221073,41.789990527104514],[-91.29790504728457,41.79747147791805],[-91.2932864465656,41.80179807402079],[-91.27991893009717,41.808002346700086],[-91.27965381126448,41.811920590857405],[-91.27587230550023,41.81412902399858],[-91.26997999061979,41.81353618609216],[-91.26729587439603,41.81917869576741],[-91.2560381200957,41.82342606646995],[-91.2550603339869,41.82833762362701],[-91.25882256316063,41.83281218495481],[-91.26770085829882,41.83547250215338],[-91.27227171751224,41.835036918221896],[-91.2798541648322,41.82934159187451],[-91.2851911260243,41.83182144640095],[-91.2975662166239,41.82998341533495],[-91.30680283692189,41.83188949321425],[-91.31666222987438,41.82938190309917],[-91.3234105267166,41.82960656556973],[-91.33087837698245,41.831773105673165],[-91.3369793884605,41.82985760878302],[-91.34103711327779,41.831510308300984],[-91.35165920601439,41.832252941316085],[-91.35804680612523,41.834798498766304],[-91.36217071861847,41.8418010704933],[-91.36566456492665,41.84244517937511],[-91.38131839514233,41.8547708520727],[-91.38570934032833,41.85417961782138],[-91.39047250828344,41.85937087917947],[-91.39417200186651,41.8601520890522],[-91.39381893884092,41.86643795793999],[-91.3989824583175,41.87134174699505],[-91.40735096006732,41.873358226197915],[-91.41323299941598,41.872998222846334],[-91.42392247187875,41.87622079035089],[-91.42579686840423,41.87961025039534],[-91.4248485386117,41.886329347531195],[-91.43084951936167,41.889189759417214],[-91.45294638083743,41.890515780470075],[-91.45729826395625,41.89607246182823],[-91.45238863061118,41.90363918265921],[-91.45373644734383,41.90521086081234],[-91.47246135239806,41.90883833452441],[-91.48280014482322,41.91426624115714],[-91.48713000479827,41.91432326862235],[-91.49578537761165,41.9186381131857],[-91.50820940308738,41.92076335422419],[-91.51807334795019,41.92561019053406],[-91.52676752974278,41.92615429380376],[-91.5296322189558,41.92778056464334],[-91.53339406755288,41.93902319913899],[-91.52704016934729,41.94442660161943],[-91.52382963434246,41.95201801893852],[-91.52995267822553,41.95674815764187],[-91.54138833545453,41.95975785097802],[-91.55546566834467,41.96613639631405],[-91.55944637588033,41.966780784243454],[-91.56440897150053,41.9735208896256],[-91.57400401338582,41.9732846661016],[-91.57557631437747,41.977032674504855],[-91.57397014564798,41.98251993427213],[-91.56825459491286,41.98319183041754],[-91.56581802282288,41.99017712012059],[-91.56056105493643,41.99574911703689],[-91.56038124487351,42.00372175291828],[-91.56690097434611,42.01177376545959],[-91.57326713468609,42.01398299182252],[-91.58553272814942,42.01381499647369],[-91.58843702831989,42.011405550139806],[-91.58904541301885,42.006360551077584],[-91.59591375938679,42.00791723953118],[-91.60271797367598,42.012413261395835],[-91.60827820833319,42.013705618650576],[-91.61782031629156,42.013330016670125],[-91.6250924689834,42.01145845595582],[-91.64481140203414,42.0116928264575],[-91.66384762874259,42.013140714988396],[-91.67296853088546,42.01716867656527],[-91.68022010619848,42.016270556683104],[-91.68971620108515,42.01809497395639],[-91.69664858139281,42.01670583635066],[-91.70285855807049,42.01849182901964],[-91.70879525036558,42.01757704426469],[-91.71533396733984,42.0193660583518],[-91.72519499308592,42.01947593419552],[-91.7345865633355,42.02669022618557],[-91.73692158954616,42.02307740512061],[-91.7440147522609,42.00102227864913],[-91.7463086281855,41.99911550716396],[-91.73691446865418,41.992145440957586],[-91.72221802933892,41.987574417162925],[-91.71801584160998,41.984091768221916],[-91.71115581736588,41.982056178751826],[-91.69052568741135,41.97863470728498],[-91.6863973187096,41.97247693212911],[-91.68486165122306,41.96608303432455],[-91.67413671551158,41.960673168890914],[-91.66531977550237,41.95878336257367],[-91.65092491528874,41.959547361126525],[-91.63853614437971,41.959090501961256],[-91.62637274879647,41.95189843824458],[-91.62775951783458,41.9484836833185],[-91.63576467301978,41.94269802185411],[-91.63029384066081,41.93748142768044],[-91.62346877988047,41.93421619529752],[-91.60889455290828,41.92496698885616],[-91.59459384940705,41.918421122372116],[-91.58904751771509,41.91688064766179],[-91.58045568822111,41.91947215943764],[-91.56962589492221,41.919337853259066],[-91.5612043044784,41.91432887486693],[-91.5580656774508,41.90791769744154],[-91.55689122887705,41.90177427985191],[-91.54972890392779,41.89922993623509],[-91.53789659517415,41.900061661822846],[-91.53143687840691,41.89556628440053],[-91.52736672999787,41.88763382821257],[-91.51532363990803,41.88293977361027],[-91.51083435859945,41.880044752981746],[-91.50344113498382,41.8714334024656],[-91.50096957220477,41.863457762937145],[-91.49724764581089,41.86028855683587],[-91.47997279480724,41.852401837472996],[-91.46691603535176,41.842862132331945],[-91.44893230712326,41.83325909943875],[-91.44673231223597,41.83010876282234],[-91.44360714394406,41.818146793502514],[-91.43999386208736,41.810721744298654],[-91.43587823378017,41.808396281731376],[-91.42568940754649,41.80627140510004],[-91.42352556692035,41.801698118679454],[-91.42439476632929,41.79717087824746],[-91.41094421430292,41.78904232310712],[-91.4007804897808,41.78606448528082],[-91.38237271439826,41.779277525371015],[-91.37943358089865,41.775548080276515],[-91.38185013374024,41.76990814283263],[-91.38798623235057,41.76289734351307],[-91.39307249791854,41.7606989266289],[-91.38915097514125,41.755195256484306],[-91.38964851569025,41.7508386633696],[-91.39525206072891,41.74436470355448],[-91.40965485208568,41.743546998427604],[-91.41940990324782,41.74994105734805],[-91.41963426287599,41.75664033979238],[-91.42900250226904,41.76375306298384],[-91.44396716259159,41.771900026550654],[-91.45042912657263,41.77113616408732],[-91.4666363265105,41.77504142682417],[-91.47271351794686,41.77455487896424],[-91.4903611008322,41.77658908935353],[-91.50423481117582,41.783304406624566],[-91.50694262746535,41.787541030453106],[-91.51901986690382,41.791196168914276],[-91.52702379074073,41.79573458100724],[-91.53125012830262,41.80185437546625],[-91.5277245392871,41.806010704299666],[-91.52334766614574,41.806422895563536],[-91.52137531627677,41.81082862240971],[-91.52779573692528,41.81651290889379],[-91.54014868482429,41.82203816431533],[-91.54706333843636,41.819793145973556],[-91.55877100878793,41.81246981960352],[-91.56781497373376,41.81258283993811],[-91.57395858574326,41.81686063786253],[-91.5678511130511,41.824953400231266],[-91.56243894133391,41.82978524971319],[-91.56311429192967,41.841461277925255],[-91.57107574748815,41.848328705367635],[-91.57974616280762,41.851471262576034],[-91.58412506421342,41.85105696108327],[-91.59495465879992,41.8553912561952],[-91.60644092415923,41.8583320271038],[-91.61428298239248,41.85655804155005],[-91.61783591928852,41.85100343664024],[-91.62511847668863,41.84618686471639],[-91.63919422926764,41.84472421944523],[-91.64754552601316,41.848321714681155],[-91.66110001133706,41.85688324103479],[-91.6732380018098,41.85865411529336],[-91.68211998335511,41.85175840674819],[-91.68286355034543,41.8459308507996],[-91.68043956036273,41.842404105267036],[-91.67337341689192,41.83695502427276],[-91.6704939490702,41.83241860663865],[-91.67849943124044,41.832817120622025],[-91.683359825036,41.83625475766749],[-91.68969095759984,41.838173385266565],[-91.69617197185441,41.8428537992907],[-91.70274368927866,41.843085754016144],[-91.70443695172837,41.84064612418433],[-91.70359245003854,41.83156723528987],[-91.71463603562837,41.838959342129954],[-91.72108841059875,41.840368740300114],[-91.72528822894651,41.8358041400311],[-91.71859192296473,41.8315822823879],[-91.707388978483,41.82669252213095],[-91.70538122222646,41.824364308576094],[-91.71013494477893,41.81608235798651],[-91.71361260753355,41.81383820516322],[-91.72778947409408,41.81056901037518],[-91.73386849459843,41.81177991789113],[-91.74322859313042,41.820726864196395],[-91.7496729714446,41.822796536212024],[-91.75245389844099,41.81711669955112],[-91.75751640137206,41.81174966517594],[-91.76213006205576,41.80980450342985],[-91.7712819344196,41.809902652480176],[-91.77735096355877,41.811678557800036],[-91.78262439226629,41.8151569454196],[-91.78623340368955,41.82603882345534],[-91.79422541062019,41.83120703517618],[-91.79343004492034,41.841628105533985],[-91.80556448326418,41.850274883849934],[-91.81527476246426,41.85343755446466],[-91.81424461044767,41.847978056184786],[-91.8183741755216,41.84694431375054],[-91.8206763414987,41.83574144320276],[-91.82617327968944,41.832447300961974],[-91.83382831703169,41.83109767705805],[-91.84371055358693,41.8331969211755],[-91.86854565151741,41.83116085462153],[-91.88501284723934,41.82761103157239],[-91.89380084386515,41.82684028810167],[-91.91008185468326,41.83412894396945],[-91.91380024219197,41.839869776273396],[-91.92060501336393,41.843644558774386],[-91.92813103545622,41.849992533623144],[-91.94327672047574,41.857265941784995],[-91.95393942669101,41.85879100812509],[-91.96273020641473,41.85801504659653],[-91.96752612547897,41.86057555979199],[-91.97779651322865,41.86358998598553],[-91.98716545634784,41.86437543686129],[-92.00151184943952,41.866838155323016],[-92.02005333562659,41.87108653888579],[-92.03426430812753,41.87237753383941],[-92.07383730551052,41.88549670019672],[-92.10927685496067,41.901191248873175],[-92.13280047421169,41.90878334047755],[-92.14805666802053,41.91648984519953],[-92.15911069313793,41.9188453084906],[-92.16427213600589,41.91721668684916],[-92.16877903798489,41.913155828676864],[-92.17142638820836,41.90716300974955],[-92.15645978469468,41.898988871801855],[-92.15668126221077,41.895153675294836],[-92.1633954860456,41.89251419510046],[-92.16707970397113,41.898940120844266],[-92.17014859539997,41.899984539103464],[-92.17940557046764,41.89941143630416],[-92.18686151429183,41.90573746098919],[-92.18952748620893,41.91164208585785],[-92.19928318125791,41.91234983560188],[-92.21102236978707,41.91895618992228],[-92.21093258472918,41.92624641776462],[-92.22102281637032,41.92785077481666],[-92.23638154321661,41.918744435002004],[-92.23218911546354,41.9111644952677],[-92.22652862077314,41.8975626077424],[-92.23729654992094,41.899426771650965],[-92.24309248896743,41.901766221509206],[-92.2456728305921,41.90660171120665],[-92.25794311497003,41.921038055019636],[-92.2518256455032,41.93622410626826],[-92.25313674671389,41.94281194036073],[-92.25580962163816,41.945211504607904],[-92.26405346169157,41.94394507569451],[-92.26449717006976,41.937021842603606],[-92.27067533329758,41.933395487036435],[-92.27230195235211,41.93049665196211],[-92.269891935764,41.92315449979159],[-92.27099495648764,41.916901886921224],[-92.28102454983365,41.902284156396576],[-92.2868786691749,41.900645343049824],[-92.29629752983152,41.901374319958606],[-92.30850639937091,41.90102501153795],[-92.31496691018472,41.903486442580686],[-92.31405636116033,41.919927178693484],[-92.31852769428875,41.92450660346398],[-92.32424109252416,41.94675063545907],[-92.32092742112434,41.95319336212477],[-92.318531473279,41.96355028080507],[-92.32129028819203,41.96825901681125],[-92.34032791257687,41.98513998723823],[-92.3433809637565,41.99421353936385],[-92.35071026853109,42.00291045238838],[-92.35587340551247,42.003632991171344],[-92.35992437574285,42.00908208367828],[-92.35914895691806,42.016251517301534],[-92.36287382077525,42.02316674910273],[-92.36238127308354,42.03324687350196],[-92.35995758289893,42.03896158164541],[-92.3703767894689,42.04370249461456],[-92.38588393862348,42.04845622577852],[-92.38811280196994,42.054813207045136],[-92.39361287661988,42.05784150672425],[-92.40056556823578,42.06686645322793],[-92.40854940635597,42.073275380314534],[-92.41939394463846,42.07870300212299],[-92.42020119935769,42.08207550117453],[-92.4181372878136,42.08781121669288],[-92.42837934898387,42.09370326443076],[-92.44419621893812,42.10140473985989],[-92.45457825383076,42.101909253308676],[-92.46433711457288,42.1039995675466],[-92.47535935426872,42.10109623498078],[-92.4863457499144,42.10251028075306],[-92.49262522313833,42.10037658857869],[-92.49670871323153,42.09583724814905],[-92.49865804492418,42.09073458273074],[-92.5036272849621,42.08711751683095],[-92.5108785485782,42.08579761562804],[-92.51453231518376,42.081431440328366],[-92.51368886687293,42.07333553525192],[-92.51559218373312,42.07083525518145],[-92.5222384597504,42.07173218622208],[-92.53135934838991,42.08073568991637],[-92.53396562460165,42.08547018690828],[-92.53953568707621,42.08934739977378],[-92.54001134991267,42.080513934366564],[-92.55011151490562,42.08140499950418],[-92.55935839175169,42.08345374826612],[-92.55207449250085,42.07594571330058],[-92.53779313466285,42.07172369793941],[-92.53442657620846,42.06572078535443],[-92.52905645066747,42.063730996310674],[-92.53329220277031,42.053192605362284],[-92.53877081284365,42.046135558598564],[-92.53609418246533,42.041067612515285],[-92.5198980099698,42.02987803632228],[-92.51591368919202,42.01873820310624],[-92.51595458891387,42.01334342274933],[-92.52005768463182,42.008641154379106],[-92.51694732699058,42.00154893425357],[-92.51246694580084,41.996472824057186],[-92.51205089892586,41.991751601184816],[-92.5179351737514,41.99042992300506],[-92.5297500647843,41.98137313526161],[-92.53562888147972,41.980726020114275],[-92.5422118383005,41.98192776642759],[-92.55752428528011,41.97656567673409],[-92.5705494122762,41.974453429161024],[-92.57702998579715,41.97825571828393],[-92.582096743772,41.977193431964494],[-92.58356839626501,41.97315478130961],[-92.58756107767874,41.97047166584612],[-92.59766821166369,41.97239433514031],[-92.60089735848481,41.9761838688512],[-92.60119833398784,41.98589407385598],[-92.59426200107083,41.996655263138706],[-92.59380977850788,42.01153710922182],[-92.59173119613365,42.018127093758686],[-92.60124361239994,42.02439301804059],[-92.60630137235493,42.037690642011206],[-92.62072651222508,42.04528659498371],[-92.62467938109933,42.049888396978616],[-92.6315466109292,42.05125706854776],[-92.64056505130117,42.056140118863894],[-92.64813459003696,42.061558429123764],[-92.65354523740916,42.064808189668035],[-92.6589449766114,42.06681025674329],[-92.67563211643808,42.066858487840335],[-92.67998681424572,42.07027964694438],[-92.67940447741357,42.08437772862807],[-92.68663897897595,42.09473710719597],[-92.69250995054836,42.100697217465274],[-92.69629008365438,42.1084573224922],[-92.69937771631483,42.11175728912171],[-92.7080563377142,42.11196875670408],[-92.71637344466694,42.11910464447198],[-92.73702560802538,42.14078260867628],[-92.74000287494185,42.13876292267938],[-92.73543084364745,42.12767910459283],[-92.73306327755031,42.11268690603651],[-92.71785465499585,42.09817724811303],[-92.71306366783377,42.083174095188475],[-92.71910709187364,42.07620894418726],[-92.72089165938827,42.070962478424235],[-92.71755621867102,42.064870433429476],[-92.72524494774375,42.063934337800205],[-92.73691447696646,42.068136110453594],[-92.73995977274103,42.06730991995426],[-92.75039703319851,42.05945678266238],[-92.75172687634966,42.04681445316164],[-92.75913780903164,42.04769485077011],[-92.76810468327166,42.05201842732331],[-92.7777240327687,42.05346947180011],[-92.7854245539224,42.05324542760181],[-92.78864010024546,42.05109881439721],[-92.78682233858292,42.03735592304329],[-92.79045500537904,42.03277824403652],[-92.80743508044482,42.03981956187111],[-92.81393195803199,42.04495500266966],[-92.81281480114696,42.055738559896234],[-92.80465937525418,42.05806219824572],[-92.80368200355342,42.06284301435842],[-92.80623687557987,42.06691380441744],[-92.80204606523158,42.07312117802545],[-92.79078054037679,42.08314350431862],[-92.78563401860922,42.086479941903036],[-92.78722113912345,42.091747194243986],[-92.79299173690697,42.09414895773227],[-92.8055084747563,42.09536417807998],[-92.8141830941874,42.0929873000797],[-92.81868842184485,42.08916672747986],[-92.82288929151701,42.0791310058734],[-92.82419079942443,42.07267982239127],[-92.82933393309389,42.0695803131945],[-92.85468107425473,42.07152451458186],[-92.86205609487776,42.07440667962414],[-92.86461782415653,42.07703963112798],[-92.86684855029725,42.084693280936214],[-92.86330751837792,42.08947159035885],[-92.8620336182885,42.098458564931114],[-92.85656999365219,42.102743478081216],[-92.8456658903357,42.105832098528],[-92.83955951674066,42.112506550329535],[-92.81902588722117,42.11939753260355],[-92.81356221379977,42.12416222360713],[-92.81258639415373,42.12893405552728],[-92.8148140884647,42.13466576397291],[-92.82025501556512,42.13825446009179],[-92.82602375788835,42.13945668921358],[-92.85713134721979,42.13830620545377],[-92.86867696749363,42.13736528762727],[-92.8811903812098,42.133321490905985],[-92.87799719299859,42.12639668965285],[-92.87961464113555,42.11876091170616],[-92.88634834373158,42.11757440234928],[-92.89371415032792,42.12187752717585],[-92.90493250037791,42.123319367196956],[-92.90910699677175,42.118549309220846],[-92.90623414377517,42.1101934953023],[-92.91008650645259,42.105900471476865],[-92.91745866562727,42.10518997339648],[-92.92130262537673,42.106863367620285],[-92.92898691059337,42.11402851645401],[-92.92128410895498,42.12189967596061],[-92.92223802282692,42.12834444911905],[-92.92608129684493,42.1319270455156],[-92.92254359182701,42.14075554246095],[-92.92638818204858,42.14386078103354],[-92.92477457873886,42.152451871023494],[-92.92797712769018,42.15674997939919],[-92.93695608698648,42.15914194162927],[-92.95171002336306,42.16081975269993],[-92.96165483394972,42.15986880310214],[-92.96967737861681,42.15247241072951],[-92.96615326999577,42.14483398094102],[-92.95558076985768,42.13003280883223],[-92.95526214324194,42.12716863105384],[-92.96360726497436,42.1109418857033],[-92.97033879926774,42.1092730995947],[-92.97610731430038,42.111661149547224],[-92.99085142428703,42.11500463756815],[-93.00335287131023,42.12025571291132],[-93.01810065599734,42.12526646995435],[-93.02002596601469,42.13051692552404],[-93.0270808010556,42.13266353494847],[-93.02964931120074,42.13982303875483],[-93.03799155980268,42.14745806564958],[-93.03895636021767,42.15175381457877],[-93.03799859182718,42.15915291291622],[-93.03443312699793,42.16566566711357],[-93.0249168339061,42.17373333588808],[-93.01116679457351,42.181994316718644],[-93.00323269674422,42.189276445025044],[-92.99132956495006,42.187110141891736],[-92.98709726761045,42.1882895880755],[-92.98312852883869,42.19261664068718],[-92.98550809326788,42.19714265578365],[-92.98471187611638,42.207765539767024],[-92.9773010197316,42.21464966925746],[-92.97544611598359,42.220944709648144],[-92.97808951811948,42.23058199002007],[-92.97597059492236,42.233927409676575],[-92.96802839035651,42.23648327342936],[-92.95346904298871,42.23667645740914],[-92.94975951065395,42.24080428177725],[-92.95028487408183,42.2461137108228],[-92.9534591363889,42.25024891386819],[-92.9431861680005,42.261384983285275],[-92.94220694960421,42.266090232971194],[-92.94415357181327,42.26971168147124],[-92.95487823284562,42.27261637218028],[-92.96584947986572,42.27135027063788],[-92.97536045712809,42.26393159117552],[-92.99322431763869,42.26351971865706],[-93.00314893421596,42.25976879345357],[-93.02660882341961,42.25890575063577],[-93.03359739270924,42.26101589789741],[-93.03437607161872,42.26543771191656],[-93.01241336484459,42.27117454130138],[-92.9921780910248,42.278235754213426],[-92.98608107625869,42.28457102561147],[-92.98315151083807,42.297246794612725],[-92.98339387555951,42.302317283875574],[-92.98729621666462,42.30412800614191],[-92.99558914533787,42.303403613335156],[-93.00193075729769,42.29507750673217],[-93.00656464799347,42.29453248288391],[-93.00973572913345,42.2976078680179],[-93.00241886051604,42.30340367196505],[-92.99680827338523,42.31209455899493],[-93.00388296172791,42.31625987265433],[-93.01217792479198,42.316619572102404],[-93.01437494759705,42.322959624249016],[-93.0021756579501,42.329116115660916],[-92.99656297992004,42.33436663164759],[-92.99583056927513,42.338531919537694],[-92.99168126616404,42.34142715560921],[-92.99408927612664,42.346695846793104],[-92.99807089543461,42.34935726306128],[-93.00205235679654,42.34590794357228],[-93.00948459825786,42.34571397310502],[-93.01731515937739,42.346991954262684],[-93.0047074787454,42.36028153311588],[-92.98359932603995,42.36520678046199],[-92.98213739234845,42.370619188220815],[-92.9834641488543,42.37377149078771],[-92.98983718201272,42.37652805626429],[-92.99262473812415,42.38262983226466],[-93.00258431324315,42.386669221643054],[-92.99923010719642,42.39181166091887],[-92.99985530955419,42.39931814764474],[-93.0087361788175,42.40348762136205],[-93.00986285400155,42.4086794748404],[-93.00598581060326,42.41804591569026],[-93.0091143788958,42.423327710632186],[-93.01487087779283,42.42731226407337],[-93.01437131897319,42.43250424278568],[-93.0186266257377,42.43482267716868],[-93.02513392915499,42.43361467508349],[-93.03439467424244,42.43398606396985],[-93.03852553899345,42.43583548820946],[-93.04528006024036,42.431104943843806],[-93.05566478919972,42.428970522252946],[-93.06378466107887,42.422594632674006],[-93.06413401596312,42.419847626477726],[-93.06853708351431,42.41597254233129],[-93.07010323096547,42.41406684375118],[-93.0710290282918,42.41290451006144],[-93.07124366391571,42.412611684286055],[-93.07275270045066,42.406743358995385],[-93.07574701498794,42.40508883912453],[-93.08653632025434,42.40391498266316],[-93.08963940412323,42.402192472511544],[-93.09282386443942,42.40170363134473],[-93.09319563265129,42.40145566719913],[-93.0936826284815,42.400811345263065],[-93.0939736052683,42.39934763688012],[-93.09424975021705,42.397366095435544],[-93.09784002807875,42.39553038721712],[-93.10151741036759,42.394635615054575],[-93.10447183592125,42.391701525258554],[-93.10738245201787,42.38928974643224],[-93.10666904582364,42.38407593422034],[-93.1037556991786,42.3819036430564],[-93.10070255397807,42.38001508867789],[-93.09587515533525,42.38046950462467],[-93.09442490461836,42.374477197966286],[-93.09516180742368,42.369779950658916],[-93.09502332203569,42.36854173588029],[-93.09391238060684,42.36541755283735],[-93.09332326161987,42.36430128267273],[-93.09225002819225,42.36168589201604],[-93.09389966562097,42.358356827555944],[-93.09348534534502,42.356074131100655],[-93.09265675391362,42.35486348605981],[-93.08795317242533,42.34801806272788],[-93.08775501867024,42.34766697722906],[-93.08585790833529,42.34506114906775],[-93.08572763382128,42.34382741464949],[-93.08787866775359,42.340777240881735],[-93.0965896011746,42.33932479814688],[-93.09776213656717,42.33880596033131],[-93.09980037986922,42.33760190212616],[-93.10160660976285,42.33582162298865],[-93.10307558221274,42.33431179952507],[-93.10490016750667,42.33181546701267],[-93.10840723830792,42.329596722366304],[-93.11027985093881,42.32874837227983],[-93.11627816700178,42.32681967184147],[-93.11865380579803,42.32633542253576],[-93.12138293068139,42.325675132946664],[-93.1223792981356,42.325295822161785],[-93.1267125782926,42.32100422966622],[-93.12797867867094,42.319971629846194],[-93.1291471003799,42.31941194626744],[-93.13102558934351,42.316915130660696],[-93.13125312216542,42.31581612552884],[-93.13143150974479,42.313694981497626],[-93.13399996252835,42.307838040074984],[-93.1369057643286,42.308145331646784],[-93.14041583504732,42.30787091868034],[-93.14079175275728,42.30760477857797],[-93.14951677421773,42.29865968551653],[-93.15558869830699,42.29315338105394],[-93.15591939934538,42.29290526411848],[-93.15616737671735,42.2923150247358],[-93.15645784210108,42.28835642443846],[-93.16001487555795,42.28658182071272],[-93.1610746100486,42.28626512589742],[-93.1643161423116,42.285990355848206],[-93.16494588767323,42.28562020174299],[-93.16546028052397,42.282877085343614],[-93.16662967139969,42.28047525272534],[-93.1679555818384,42.27538483454768],[-93.17395403993173,42.2722642814091],[-93.17471914382982,42.26827338000822],[-93.1765970648121,42.266491788202444],[-93.18007760794893,42.264297884418404],[-93.18068957912536,42.26364847808888],[-93.18150582280656,42.262755578738144],[-93.18204646091263,42.26194866899932],[-93.18258530465012,42.26078601445626],[-93.18305034526732,42.26005126938151],[-93.18539054792988,42.256769260289786],[-93.18807894899896,42.25486458323212],[-93.19356285817841,42.25528327617717],[-93.19484665697954,42.25574042426939],[-93.19684331667581,42.25614680539872],[-93.20104759716212,42.25452291419122],[-93.20396805536033,42.25156373033255],[-93.20641021053267,42.24931231369344],[-93.20811942852399,42.24516633573158],[-93.2083137115921,42.24423383178377],[-93.20796467575862,42.243140198253684],[-93.20692252170223,42.242399059197375],[-93.2064449470929,42.24206668473943],[-93.19901346127745,42.23830614941568],[-93.19058538327758,42.23381727556955],[-93.19068089450656,42.23207889798246],[-93.19085592215026,42.23172285792987],[-93.19254661353888,42.22990076173086],[-93.19841759098259,42.226896174469175],[-93.19894746239247,42.226566527603026],[-93.20249582811883,42.22389445732343],[-93.20058374298125,42.220826650011595],[-93.1987274044172,42.21942038269608],[-93.1973346340032,42.21523032997408],[-93.1955786526361,42.21326544450438],[-93.19544844898003,42.212292980214094],[-93.19190568842689,42.20355828041194],[-93.19103860226012,42.20247445791801],[-93.18878919224275,42.2008885508755],[-93.1836085679541,42.19598847060396],[-93.1832932342378,42.19348069777137],[-93.18239923292016,42.189911089393256],[-93.18232856466122,42.18849719889493],[-93.17919739409263,42.18411150770998],[-93.17843057003128,42.18204122967289],[-93.17621437454699,42.17950484404145],[-93.17557034888709,42.179505829556085],[-93.17253983432595,42.17785324046715],[-93.17262249995161,42.17541238050842],[-93.17228855418101,42.17281903561212],[-93.16861318224285,42.169244436157506],[-93.1682956354301,42.167911951679635],[-93.16745292172733,42.16482848310155],[-93.16707958669446,42.163410514455165],[-93.1669542719453,42.16164543677521],[-93.16687381448456,42.160970071406936],[-93.16764899015963,42.159275734310135],[-93.16852442925439,42.15375350813432],[-93.16566623205675,42.149902905143605],[-93.16539346504912,42.149439465930186],[-93.1655271322098,42.14703004810763],[-93.1673382393061,42.1468472964604],[-93.16803691405251,42.14675621256908],[-93.17045131570654,42.144487533829036],[-93.16854893205269,42.14387790048074],[-93.16999014859971,42.139759825317455],[-93.16732107415083,42.13558023825378],[-93.16621338000377,42.13465868232635],[-93.16541758795773,42.13414195834959],[-93.16201248342148,42.132476108049566],[-93.16117753844097,42.13245026260153],[-93.15567576888255,42.12526617193059],[-93.15465173847801,42.12471365551632],[-93.15300185977651,42.12314873480471],[-93.15423244032372,42.12221041510781],[-93.16054184379641,42.119531349440315],[-93.16122231305383,42.119381789666576],[-93.1669375174489,42.121264993372655],[-93.16795133233367,42.12107888301828],[-93.17078237491263,42.11918784974172],[-93.17208939358123,42.11546621540197],[-93.17357788619474,42.11472544324785],[-93.1770891850784,42.114711078818964],[-93.17962720945067,42.10977607580498],[-93.17798427554908,42.108206995964444],[-93.17501312136497,42.10603648633207],[-93.1716335426289,42.10650541993078],[-93.1693527910523,42.10560364910637],[-93.16606072671766,42.104419593458935],[-93.16572152281917,42.10420392666472],[-93.16608780515001,42.10306407292688],[-93.17497511256038,42.09798020822822],[-93.17518297560362,42.09770969554475],[-93.17481339882475,42.09358526566374],[-93.17509822721378,42.092450008059856],[-93.17627431688446,42.09208794803295],[-93.17908710652755,42.088683627918364],[-93.17680936649387,42.08281938838975],[-93.17598943184655,42.07650254554667],[-93.17826195702091,42.07520659944302],[-93.1792985980182,42.074543003423216],[-93.17954614314999,42.07350686132561],[-93.17911942330413,42.070873105147406],[-93.18047733537425,42.066966628515296],[-93.18427016245305,42.065942863142496],[-93.18656920708602,42.065376240604344],[-93.1884191522749,42.06444103953635],[-93.1904184717728,42.0629516558184],[-93.19092878814811,42.062712134133704],[-93.19288872294767,42.061974822590486],[-93.19276581010949,42.05892179435772],[-93.1929679781456,42.05808384156279],[-93.19225574256288,42.0567250398679],[-93.18692239323043,42.05262232992916],[-93.18614788410403,42.052375906126],[-93.18503301252017,42.05222009193843],[-93.18134263718282,42.051663064781636],[-93.17822236264148,42.050632188956385],[-93.17789081844532,42.05036700798252],[-93.17914129934408,42.04759553227584],[-93.17949866761175,42.04455974557662],[-93.17880094320074,42.04350705967578],[-93.1771781452321,42.042991693860586],[-93.17645616634262,42.042569494220196],[-93.1739982994602,42.04015046286768],[-93.17446364344585,42.04007770403129],[-93.17758210445068,42.03944246125794],[-93.17919324906651,42.038931084644915],[-93.17666631145705,42.03527830840639],[-93.17604116940561,42.03461728089219],[-93.17453818616644,42.033646858409],[-93.17040033286197,42.03049174290122],[-93.18512081654237,42.02846047863112],[-93.18687652277856,42.02883141087303],[-93.19084612544486,42.029518394405585],[-93.19217441856021,42.029718828816726],[-93.19347744572681,42.028554784291174],[-93.19532133623541,42.02453920246545],[-93.19547480198351,42.02041389463627],[-93.19551335085933,42.01993647623123],[-93.19564947091199,42.018904982165715],[-93.19587231046708,42.016121544346994],[-93.19616469468052,42.01472951576391],[-93.1987408588809,42.01227076958796],[-93.19847285812122,42.01067705252398],[-93.19812667187215,42.008205318527175],[-93.19896181302879,42.00541630794508],[-93.19848141377341,42.0033456026219],[-93.19775637736768,41.99976219088781],[-93.19484346490563,41.99682195964643],[-93.19720592406753,41.9911121386838],[-93.1973219005499,41.98908541511461],[-93.19940686945522,41.98696972320932],[-93.20471516198658,41.98023681409289],[-93.20805032020621,41.978325880914575],[-93.21433301756815,41.96639381289878],[-93.21429544777818,41.96182292183458],[-93.21365484950864,41.955082504790134],[-93.21437498531182,41.947749593704515],[-93.2177633264482,41.945649120765594],[-93.21858024721782,41.94518821801631],[-93.21919492002323,41.94379999007968],[-93.219131174687,41.94357043707308],[-93.22181642543356,41.93646336787084],[-93.22193689990803,41.93620193574766],[-93.22115007394356,41.931803599392744],[-93.22116196113389,41.92902495545594],[-93.22171926728343,41.925497685944265],[-93.2215165987669,41.92530893294669],[-93.22046769137175,41.92256835716227],[-93.21965339479812,41.918651922058565],[-93.2198026440315,41.91722854675815],[-93.21976185154509,41.91665218356354],[-93.21988992822396,41.91378324069612],[-93.2214795934231,41.91101055884433],[-93.22136027741722,41.9083222270413],[-93.22150784026218,41.907191574754535],[-93.223484746538,41.90165298858136],[-93.22198046262872,41.90048501061709],[-93.22153081219534,41.90010308595447],[-93.22092961086993,41.89761383102007],[-93.22087619166415,41.89413725892424],[-93.22192772819378,41.88688464256774],[-93.22294552064162,41.88581084131165],[-93.22395639243331,41.88513785349017],[-93.22614978150405,41.88313850836626],[-93.22663715427053,41.88207022203025],[-93.22566282369574,41.879725832267724],[-93.22451633716733,41.8779942439803],[-93.22412034067013,41.877729313549146],[-93.22893775949439,41.87692267785143],[-93.22931929468278,41.87535020012945],[-93.22981307252738,41.87157979526118],[-93.22953439195048,41.871260606143515],[-93.22877059064572,41.87070370084709],[-93.22947641661477,41.86905401383415],[-93.22921474307127,41.86822139218692],[-93.22899708470142,41.86737517142045],[-93.22983882487371,41.86678352961658],[-93.23107383399046,41.86550655891824],[-93.23229499795829,41.86395488964184],[-93.2335106880009,41.863812811187536],[-93.23494536570051,41.86033768590256],[-93.2363613816188,41.85981236913831],[-93.23684463410258,41.8585368821802],[-93.23675042095215,41.85810474112924],[-93.24022075567089,41.85371111228889],[-93.24167543204327,41.85260469633894],[-93.24415524064744,41.851023214640485],[-93.24406175980228,41.85039742672156],[-93.24351926284858,41.84979511110532],[-93.24268920577703,41.849202409192046],[-93.24233649872943,41.84900950480921],[-93.24153797432544,41.84598483452244],[-93.24174645154578,41.84536741443311],[-93.24225126883375,41.84417742230601],[-93.24213095682127,41.84291669400273],[-93.2422136085071,41.83438686570977],[-93.24252300958523,41.83439521833732],[-93.24409904723025,41.83415318550522],[-93.24765152516446,41.83298365551198],[-93.24765251660871,41.832654896550125],[-93.24837351251935,41.83077987209674],[-93.24908717106402,41.830809847678566],[-93.25509408344551,41.831026345542845],[-93.25691762752,41.82955863995885],[-93.25754090035079,41.826003966119536],[-93.25595681894112,41.82217950800428],[-93.25423519504369,41.819778444873194],[-93.25386563622952,41.818144480482616],[-93.25317982665364,41.81225086912859],[-93.25768562889974,41.80981345121602],[-93.25898844501017,41.809711445567],[-93.26604913946291,41.802386076843064],[-93.26649981063146,41.80193467871396],[-93.27071065316058,41.79915065687951],[-93.274678415317,41.79643011030649],[-93.2760567832007,41.79568372332585],[-93.27977984698428,41.7957828074112],[-93.28034421162589,41.794178169670055],[-93.27903202546985,41.792645652220465],[-93.27719178509209,41.79048840029115],[-93.27661056464288,41.78590518362932],[-93.27864174569844,41.78572463970737],[-93.27835157249083,41.78436977260155],[-93.27892603341054,41.78424228064397],[-93.28010094275469,41.78252807254209],[-93.2806844977424,41.77940117982184],[-93.28100918719778,41.769699711180394],[-93.28143180190737,41.766172383239585],[-93.28514442152851,41.76191636724461],[-93.29798893418308,41.76072637442405],[-93.29949019703643,41.75768706420441],[-93.29799681766899,41.75535809195351],[-93.29426645690756,41.750931674409635],[-93.29358790574071,41.746200171690866],[-93.29309025625031,41.74503502149013],[-93.2940557452061,41.74197014006352],[-93.29374174052845,41.7349859254049],[-93.29565091229404,41.727144832356515],[-93.29281503846487,41.72163071432733],[-93.29378259376296,41.716034808831786],[-93.29476259687932,41.7125465326382],[-93.29221302138478,41.70830166099847],[-93.28996162215003,41.702461708740636],[-93.2912185917908,41.70151277916457],[-93.29018860959151,41.700146292491894],[-93.28987340414379,41.69886806843134],[-93.29061272428616,41.69372760525421],[-93.29310729414433,41.68664612521606],[-93.297325535853,41.68065001082187],[-93.3013553187685,41.676194463327136],[-93.30332803168754,41.6736627531217],[-93.30964612961087,41.668025408551564],[-93.31483819361712,41.665480280323486],[-93.31990606321935,41.663408141835866],[-93.32071089113917,41.66318972656932],[-93.32638493316749,41.66178214502627],[-93.3310300277674,41.66039976784945],[-93.3417184531759,41.65521185900756],[-93.34387027196284,41.65466951369243],[-93.34730109495112,41.654123272441744],[-93.35585213938616,41.648309972564476],[-93.3597396721552,41.64824833720145],[-93.36711471207575,41.64713965566311],[-93.36751831530266,41.64585032911308],[-93.36614510163484,41.643837083993525],[-93.36702756845065,41.64176260106217],[-93.36813353300208,41.6394757246159],[-93.36806948062384,41.63916517898614],[-93.36801308180674,41.63472027206534],[-93.37356238359483,41.63350441243706],[-93.3744523192079,41.63272238889288],[-93.37736590202978,41.629997170972615],[-93.37839107240957,41.63016043705594],[-93.37902926637551,41.63003673714912],[-93.38237968100411,41.62916995418568],[-93.3907586402968,41.62400763699538],[-93.39352686055146,41.62389911750337],[-93.3990913810184,41.62483471374253],[-93.40174940584824,41.623528409550524],[-93.40272520099826,41.62227298345373],[-93.40402670039234,41.6196563039503],[-93.4056763127226,41.618078723811095],[-93.40801206010664,41.61611137359167],[-93.41524942752132,41.61435606730417],[-93.42165670455407,41.6114414095967],[-93.4294182995998,41.60907079048279],[-93.4298799134068,41.60855114573546],[-93.42993101444696,41.6061910396059],[-93.42964096960696,41.60396281348253],[-93.43166179667021,41.602532090311364],[-93.4334847645119,41.6023135615871],[-93.43433763617314,41.602328358379594],[-93.43755040656059,41.601892835987925],[-93.44235489442762,41.60253649413074],[-93.44399737850851,41.60241757325749],[-93.44514482992876,41.60267885338404],[-93.44573432967108,41.60273061398286],[-93.45095433427649,41.59812553883989],[-93.45249685988637,41.59670533033364],[-93.45614286264987,41.59650627702301],[-93.45701678038073,41.596484792840926],[-93.45866457472151,41.596770970928155],[-93.46468822482947,41.594157183867914],[-93.46744318185686,41.59552413999335],[-93.46814959250952,41.596246356076655],[-93.47095031924276,41.59604576730347],[-93.47375950872664,41.59495335042269],[-93.47365002561345,41.594287259398335],[-93.47214446084905,41.59201009285402],[-93.47422920856913,41.591244899630034],[-93.47785487669118,41.59042373596104],[-93.47826221101887,41.59029143645797],[-93.48640740209049,41.58949165246459],[-93.48647613451668,41.58865818360177],[-93.48823939194133,41.58636284878744],[-93.49433960631852,41.58458486283859],[-93.49679335840167,41.58458329696528],[-93.5008247179929,41.586425826546105],[-93.50305875676594,41.586654769480056],[-93.50408532316314,41.586177389048636],[-93.50654795620959,41.58447318879592],[-93.51085842570619,41.58121147924428],[-93.51318921230205,41.580183272019354],[-93.52219557528925,41.58220991136621],[-93.52290533299241,41.58235981088734],[-93.52524651469896,41.58244822199417],[-93.52590028012958,41.582395693711035],[-93.5311874020013,41.58326311898135],[-93.535256418355,41.58360904820639],[-93.53657305892528,41.58360741589472],[-93.54279186366774,41.586555151846035],[-93.54364110611087,41.58732126629298],[-93.55364949746027,41.5977895522612],[-93.55911154791086,41.59914124030858],[-93.56174253805575,41.59992556313529],[-93.56537673299897,41.600195984801836],[-93.57299725276305,41.60038794820609],[-93.57755625613997,41.59994179611043],[-93.5819856218188,41.59684347040864],[-93.58360193647975,41.59057520191842],[-93.584236847504,41.59004955388101],[-93.58563623467386,41.58919124455549],[-93.58842323301074,41.58821323446256],[-93.595293622283,41.58693035963963],[-93.59665277132797,41.586855760618974],[-93.60161326541157,41.58692899542196],[-93.60469659501082,41.587570356091625],[-93.61386656723174,41.590705850283996],[-93.6144214387983,41.59081998165503],[-93.61552551335583,41.59084560240114],[-93.61779290273628,41.59089649386792],[-93.61975483744689,41.590489615025014],[-93.62220913300004,41.589467543086215],[-93.6243728326018,41.58919009940876],[-93.62714169965986,41.58860757145068],[-93.65018028959264,41.581237740809826],[-93.65956248344915,41.57636539928688],[-93.6600588688703,41.576114850023245],[-93.66589363919299,41.573608703171],[-93.66752740230984,41.57257239705185],[-93.67147264950574,41.570446219379825],[-93.6780311660155,41.56892603290053],[-93.67966041303546,41.56924067867352],[-93.68094142005587,41.570728315158696],[-93.6851283043182,41.57364433422456],[-93.68767694763544,41.57439474262151],[-93.68897181895827,41.574796824383505],[-93.69031614062258,41.575405762687275],[-93.69547668674973,41.57854523808433],[-93.69743548108627,41.58046994352885],[-93.70166337327078,41.58126388673138],[-93.7052527056311,41.58062492912126],[-93.70821979318787,41.57773336590858],[-93.70901962824692,41.577413181604406],[-93.70935482484788,41.57714539906169],[-93.71276794985224,41.57332771654671],[-93.71338476183226,41.573958906534266],[-93.71394078793818,41.57431124418346],[-93.71520302298671,41.57367739313749],[-93.72279010066339,41.574508166602925],[-93.7239761521704,41.574410632513185],[-93.72850624846038,41.56941449582151],[-93.72760765895073,41.56692966445386],[-93.73369836113599,41.56661173945714],[-93.73966985575706,41.564884615004146],[-93.73994893250214,41.56536471064659],[-93.74055545884052,41.566063376367644],[-93.74183566506734,41.566316336842675],[-93.74330454268228,41.56596007051868],[-93.74711703217231,41.56619207270123],[-93.74728638706674,41.565862205663855],[-93.74789045521158,41.56435856211668],[-93.75430401117288,41.56543807311512],[-93.7558734569929,41.566193385266146],[-93.75996547911284,41.566639290051484],[-93.76220005762609,41.56759728442324],[-93.7712211383868,41.56837479717599],[-93.77775129312388,41.56723641637579],[-93.79078459385421,41.569408331019616],[-93.8012439817941,41.568025345593156],[-93.80403213952546,41.5685057831967],[-93.80770943814414,41.568628625130884],[-93.81352360380455,41.56812825558799],[-93.81444050143833,41.56801817956628],[-93.8183595821147,41.56713465535293],[-93.81889485322466,41.56604096195572],[-93.82117895984746,41.56317836534026],[-93.82557893905248,41.56471411989468],[-93.83127766206127,41.56387140502939],[-93.84019659767137,41.56463974024636],[-93.84398697336017,41.563211342718496],[-93.84540370145628,41.56281361980278],[-93.84619235780407,41.562105249107184],[-93.84750393767983,41.562095587523984],[-93.84779989848576,41.5627464335202],[-93.84834556772091,41.56331887434153],[-93.84927649414436,41.563230935281304],[-93.85769497567189,41.562083057717956],[-93.85857428492498,41.56209000497593],[-93.86432774463796,41.561776673600974],[-93.86734710721505,41.56274473404552],[-93.8731326072253,41.564308737652375],[-93.88721474020986,41.56296242033499],[-93.89263805856858,41.562411526892014],[-93.8932692301709,41.562469675252665],[-93.89621639776199,41.56363119371609],[-93.89886044627852,41.563277281702284],[-93.91217449191258,41.56311836689598],[-93.91745081172267,41.55963560359247],[-93.9179272684357,41.559433640301016],[-93.9188461227293,41.559192110938106],[-93.92363363049417,41.559797766603104],[-93.93212530224315,41.55786922819988],[-93.93297963265468,41.557029125636014],[-93.93328192424468,41.55673393571028],[-93.9386168081716,41.5558843524084],[-93.93777534556507,41.55330613204568],[-93.94057323382505,41.55267528450485],[-93.94096713055023,41.55226673384029],[-93.94463267690536,41.55083153879171],[-93.94667685276686,41.550328331536356],[-93.94832043531571,41.54859439586305],[-93.95183204008838,41.548209588892774],[-93.96055806710345,41.54731284796572],[-93.96714654739964,41.54630734472485],[-93.96973204450202,41.54561902722293],[-93.97271424655356,41.54467959579911],[-93.9738336922024,41.54435036075176],[-93.97991111777824,41.54345203793291],[-93.98292587000982,41.547051730709036],[-93.98437650165391,41.54864711689166],[-93.98609369520685,41.54990242564866],[-93.98655112919398,41.55011917922005],[-93.99292518971149,41.55134333671199],[-93.99873530176124,41.55306293601646],[-94.00131225857679,41.553864684474576],[-94.0026417149711,41.554708786911476],[-94.00491894955556,41.556377763952355],[-94.00686553176666,41.557500149388126],[-94.00888672012059,41.55816247727513],[-94.0131530658664,41.560885678626576],[-94.01521198070485,41.56054775848656],[-94.02190920076353,41.56208270387164],[-94.02422035189585,41.56388159845027],[-94.02899815442177,41.564217237047],[-94.03334622995882,41.56364230639759],[-94.03444429806895,41.56356938057578],[-94.04623614885749,41.56318344839081],[-94.0536980827105,41.5624983031316],[-94.05475293033217,41.56244359396165],[-94.05853134123896,41.562210707212536],[-94.06673301602635,41.55750518194039],[-94.07047633359724,41.55659668622189],[-94.07812615942053,41.55882204544224],[-94.08055512276431,41.55761929442719],[-94.08149098506843,41.5567728221921],[-94.08189412194234,41.55627363149886],[-94.08391397175808,41.55463780783784],[-94.08510478314571,41.55423025634266],[-94.08873794339543,41.55997854716953],[-94.09184814181731,41.56096236311421],[-94.09273232521825,41.561102581470806],[-94.09729976900559,41.562729915866555],[-94.10143768609119,41.56299659104538],[-94.10272130039347,41.562754601875696],[-94.10454615599474,41.564651116048495],[-94.10466323560254,41.564879674969916],[-94.10985119282124,41.56712204148566],[-94.11195393652815,41.56728186620404],[-94.1146969016007,41.56676891331537],[-94.1201171342039,41.5657659694103],[-94.13372833434299,41.57261762448581],[-94.13593507629456,41.57264537990367],[-94.14030527358439,41.57360641533006],[-94.14287745481575,41.577350378635636],[-94.14285949675644,41.5881276387506],[-94.14422437190606,41.58932552451375],[-94.14778786523519,41.59124004877426],[-94.15247000482302,41.5902654653836],[-94.16043122356623,41.5868482212797],[-94.16189168990574,41.58589672414326],[-94.16230498900093,41.58548722372026],[-94.16265011987377,41.5836192506667],[-94.16237710020246,41.58246459085891],[-94.1624115023483,41.58193732370735],[-94.1662197945986,41.579741534842576],[-94.17145892394909,41.58245346486934],[-94.17185489207152,41.58276918334382],[-94.1736638527721,41.58352084084602],[-94.17660481103802,41.58260807470905],[-94.18091096253809,41.582289200499446],[-94.18531197747272,41.57668648481959],[-94.18897815896894,41.574874212217786],[-94.18947354803075,41.5747024547781],[-94.19512407198931,41.57645879361093],[-94.19546092534252,41.577121821332014],[-94.19597932143728,41.578481014525295],[-94.19649743792263,41.580168969306264],[-94.19772671300103,41.582808775875755],[-94.2001069088705,41.587080362910136],[-94.20035915556582,41.59041487664745],[-94.20061532274285,41.59076347995597],[-94.20056295565006,41.59396606526162],[-94.20166487086287,41.595801014223525],[-94.20196422266471,41.5961716804963],[-94.2058516516407,41.60097229787876],[-94.20575977003372,41.60145514290759],[-94.20546940233895,41.60354333742816],[-94.20705561119343,41.60665666534575],[-94.21062365727185,41.60848361405119],[-94.21807429414656,41.60679713129344],[-94.22245660350103,41.60386382841462],[-94.22343739696603,41.60333548427725],[-94.22725444772969,41.601349256636084],[-94.23012683004288,41.600219684735364],[-94.23788309575829,41.600199467794134],[-94.23935515986342,41.603894536107454],[-94.23981848086298,41.60805532666878],[-94.24369864168368,41.6097562828233],[-94.24429380154083,41.61004707589176],[-94.2455420366733,41.611006323204016],[-94.2483507244596,41.61174145663117],[-94.24867667957773,41.61191805797723],[-94.25748400816862,41.6141683862262],[-94.25805097221028,41.61445040868752],[-94.25930155286592,41.61507171320659],[-94.2608672356869,41.62012103204211],[-94.26644253467248,41.619992181032245],[-94.27131626841238,41.61896110717435],[-94.27200295761679,41.61876436091785],[-94.27537413087494,41.617574096347234],[-94.27738242174635,41.61700686572947],[-94.27952976164646,41.6168343635495],[-94.28146626729924,41.61728566041879],[-94.28205607567894,41.617540288029225],[-94.28390350075571,41.618812180945184],[-94.2883675595474,41.62661188465385],[-94.29048571285549,41.63086647212756],[-94.29186215872174,41.63185979818891],[-94.2929953763696,41.63231992477078],[-94.29614532302338,41.63368503930852],[-94.297281032736,41.63391091204987],[-94.29847706861831,41.633982972217304],[-94.30060779218937,41.63387331235546],[-94.30190416868936,41.63421441258783],[-94.30554706790417,41.63415057057422],[-94.30622369166429,41.634084336597844],[-94.31271240756844,41.6363702492822],[-94.31446131563443,41.63626469292568],[-94.31640817208482,41.63757094700338],[-94.31664856026939,41.64112146647677],[-94.32003008103112,41.64694624712397],[-94.32183469563081,41.647808192275555],[-94.3234087944916,41.648974498586334],[-94.32936770315646,41.65360738074304],[-94.33289954353803,41.65582272466132],[-94.33771603162809,41.65816712358666],[-94.33827818372295,41.65850734765153],[-94.33901390742652,41.66119186764118],[-94.33800930622587,41.66308602930397],[-94.33761997237427,41.66449565146529],[-94.33763708429468,41.666355394244036],[-94.33810276240045,41.66748935571121],[-94.33832487069901,41.66800917397043],[-94.34231059893833,41.670498149503814],[-94.3431311005999,41.67070923305685],[-94.34511018780529,41.67047442016283],[-94.34745807038844,41.66940210436462],[-94.35176001882206,41.66832478502531],[-94.35245139441035,41.66826711178988],[-94.35400820609145,41.66834335192804],[-94.35834425220096,41.66894968812977],[-94.35987987142238,41.66898106427945],[-94.36147025385131,41.670061082841684],[-94.36172943724887,41.67060293324392],[-94.36377732226723,41.67515868743609],[-94.36477632587285,41.676650988607825],[-94.36566341942948,41.6790272920262],[-94.36570583211146,41.679931986560455],[-94.36557182066535,41.68082076377688],[-94.365574766003,41.68124405539443],[-94.3652667039731,41.68192774058944],[-94.36484726434364,41.68489150498057],[-94.36510699298779,41.68538380152751],[-94.36711818834247,41.68636416465992],[-94.36827919183327,41.686363855996056],[-94.36869125914185,41.686300403334386],[-94.37108325954932,41.688163343396546],[-94.37133725759772,41.6884890655114],[-94.37523068110065,41.69089692267865],[-94.37744254404589,41.69179814251902],[-94.378499721365,41.692488004807366],[-94.38040713183729,41.69584720567695],[-94.38108829928446,41.696879319577086],[-94.3822808289145,41.69800885812068],[-94.38234968825213,41.70006610996575],[-94.37346942037001,41.70386093490981],[-94.37309441274758,41.703905948097145],[-94.37152088241685,41.70319067821258],[-94.36973917605664,41.70271655166203],[-94.36595283589052,41.7042027330838],[-94.3642472798248,41.70786178886402],[-94.3666235720611,41.708418998360365],[-94.36779788028734,41.709346246594386],[-94.36900793145178,41.71036312576591],[-94.37341282411025,41.710288039526716],[-94.375002790864,41.70979165723843],[-94.37563081548855,41.70968506389351],[-94.38381115311059,41.70872216959124],[-94.38629818828207,41.70804369232189],[-94.38966220085861,41.705620729215276],[-94.39063373545267,41.7045686773387],[-94.39557111673683,41.705220358869894],[-94.39529387965462,41.71013248517522],[-94.39338408487049,41.71558681678365],[-94.39595882266929,41.71886559241221],[-94.40028362949934,41.71961007316634],[-94.40127933749476,41.719323223658265],[-94.40217615978919,41.71913664805113],[-94.40720202382377,41.72282206084945],[-94.4088553602091,41.72350433453972],[-94.41009367322654,41.7248266628757],[-94.41361345564127,41.727093669864004],[-94.4136127016321,41.72796734468404],[-94.4204581639566,41.729179900657925],[-94.42096665359881,41.72938977722349],[-94.42534901254746,41.730618968192225],[-94.42819173401112,41.73178157605919],[-94.42884024606914,41.73216981378489],[-94.4292586933678,41.73321390654701],[-94.43095583445505,41.7353048856015],[-94.43457207376217,41.73630908376135],[-94.43528280429186,41.736601935799925],[-94.43780822161571,41.740736018808455],[-94.43851477168954,41.743582338917754],[-94.43970773723684,41.74538677368122],[-94.44726807792611,41.74781819105249],[-94.45043722816033,41.749021162921764],[-94.45594356234993,41.75256773351653],[-94.45619275855985,41.753032927081485],[-94.45719641261284,41.76139198724764],[-94.45802206007211,41.76407002771032],[-94.45925278314114,41.76628807531106],[-94.4608945387175,41.76945109420252],[-94.46091606493971,41.76991917118762],[-94.46474462055161,41.77525644968476],[-94.46643889050833,41.777945861238535],[-94.4646044152475,41.78024796685419],[-94.46414388499444,41.781442725415005],[-94.46401769705258,41.787415790514814],[-94.46431384167533,41.78854686232109],[-94.47047994713633,41.79314708513642],[-94.47178795780475,41.7945398840667],[-94.4723953040218,41.796819804085416],[-94.4726924443015,41.79750951124863],[-94.48060392374822,41.79817338359853],[-94.48167823210345,41.798159531955406],[-94.48741910027871,41.79782865057508],[-94.49177793886426,41.79804683298545],[-94.49497609910674,41.79787916278271],[-94.4966415389087,41.798069134015606],[-94.50013378137899,41.79860901740213],[-94.50343596332849,41.79838571699044],[-94.50630765060939,41.798604791788144],[-94.50713258936109,41.798607482696596],[-94.51047520036654,41.79764039724106],[-94.51325514351396,41.79861256347672],[-94.52165010884545,41.79960950136647],[-94.52783459076211,41.801441341846],[-94.52772466527087,41.802609169525745],[-94.52962404576053,41.80283608279802],[-94.53031477230327,41.80306105773662],[-94.53487583023434,41.8022121259234],[-94.53575920349441,41.80218681030835],[-94.5420988410601,41.80600628208461],[-94.54713709175944,41.8059295343842],[-94.55132721081142,41.80528309112473],[-94.55626999545443,41.806067369148785],[-94.5632046962491,41.8094768106807],[-94.5655546943134,41.81141726895835],[-94.56700163904023,41.812915163600024],[-94.56730323272157,41.8134649588894],[-94.57490712296887,41.814815541185574],[-94.5783043641138,41.81480944663354],[-94.57918416608578,41.81492344880359],[-94.58131210263568,41.81456993742096],[-94.58297321203284,41.8135788444364],[-94.58487712603217,41.8142280924564],[-94.58754262667492,41.81692030308202],[-94.59562937829723,41.81975793941757],[-94.60046769054813,41.82126679513786],[-94.6042286947395,41.824091954810896],[-94.60550014493614,41.824497503644764],[-94.60763499852266,41.82605281400332],[-94.60800158949978,41.82761934003449],[-94.6079881279845,41.82847966149122],[-94.60922332662535,41.83246580922003],[-94.60981031181248,41.833452816348284],[-94.61467864556299,41.83493362662403],[-94.6170671453199,41.83601684830117],[-94.61823646925893,41.83646422204745],[-94.62055599204969,41.83744926958914],[-94.62392312266046,41.83711350614645],[-94.62612545563239,41.835888974517836],[-94.6278244271342,41.83598199694526],[-94.62815517165492,41.836810420998084],[-94.62807793440571,41.837356415663216],[-94.63092223349223,41.83756825252585],[-94.63237460106473,41.837241397853276],[-94.63759519135753,41.83932417313267],[-94.6386412530637,41.84092143742867],[-94.6397415907619,41.84293222045797],[-94.64218973056373,41.844405852091015],[-94.6458052334219,41.84499807802653],[-94.64834793701229,41.8453669149288],[-94.6488226964384,41.84563480219154],[-94.65072387559884,41.848939934623175],[-94.65246082026779,41.84916264117954],[-94.65534322975685,41.85039106705694],[-94.65498511190751,41.85275144858736],[-94.65545818264773,41.853753368471075],[-94.65885652570452,41.854861685531766],[-94.66108069665351,41.85966156874991],[-94.66318876592801,41.86285991758479],[-94.66425942086386,41.86375407249579],[-94.66456523291993,41.864105400275044],[-94.66598922609666,41.865786994895856],[-94.66784848790967,41.871983540945955],[-94.6688887982958,41.87718772295632],[-94.66890117923772,41.87822779847859],[-94.66865380457034,41.88048753034239],[-94.66860356927926,41.88538781397354],[-94.67321241778326,41.887041012364215],[-94.67765062340112,41.88990789445244],[-94.67994453067703,41.89161712662396],[-94.68394622407763,41.89118025179333],[-94.68559341624282,41.89172350014552],[-94.68775174138085,41.89565466985761],[-94.69371365415302,41.899210037215134],[-94.69844583572878,41.89880241103404],[-94.70018585673589,41.90287462303077],[-94.70331963981556,41.905552653773896],[-94.71204599470667,41.90988561703068],[-94.71348938891005,41.910755733003725],[-94.71562725979895,41.91193518847397],[-94.71938430084357,41.91239687594867],[-94.72447064075504,41.914491175970014],[-94.72623261651898,41.91559501784738],[-94.72730738083474,41.91653354403831],[-94.72964979579109,41.918488718949234],[-94.73100480728169,41.91940497587804],[-94.73844848042675,41.92077410275835],[-94.74098178484208,41.92124909532129],[-94.74882144315922,41.922116189275854],[-94.75141346956583,41.92429226818321],[-94.7518834160704,41.92464985819338],[-94.75237582136346,41.92577265148923],[-94.75246233389342,41.92602801447399],[-94.75084568037343,41.92996148138471],[-94.74469859894856,41.93088363030429],[-94.74363969119068,41.93143109262381],[-94.74343963700257,41.93256894149119],[-94.74860433265988,41.938587775467006],[-94.75130466532634,41.93984804832061],[-94.75323642937623,41.94457394922952],[-94.75257656441548,41.9480920262872],[-94.75299818562465,41.94974727094177],[-94.75262216364024,41.95629166545944],[-94.75545057163966,41.96255742096007],[-94.75442938037641,41.964302263119826],[-94.7559607015099,41.965066903234984],[-94.75839072137215,41.97046505024241],[-94.76069222102085,41.9762208626553],[-94.76306617006767,41.97966537706932],[-94.76340180030432,41.980236627477424],[-94.76921225532921,41.98234925148609],[-94.77939443776135,41.981957658659894],[-94.7820014367173,41.983340208964606],[-94.77483514068425,41.98745908974336],[-94.7745315888006,41.99098076045864],[-94.77991556844958,41.99381092675641],[-94.7827125313691,41.99379002523021],[-94.78538140426825,41.994059250994546],[-94.78400419569468,41.997701212966845],[-94.78496179327767,41.999131836016495],[-94.78555383073846,42.00025291574716],[-94.78675389419146,42.00181032664015],[-94.79179741197451,42.00806756287147],[-94.79077537388315,42.009583052866375],[-94.79044939628201,42.01009699093484],[-94.7918253748636,42.0121694579234],[-94.79196434507388,42.01326154262776],[-94.79274197573959,42.01345653892009],[-94.80092140286125,42.01530531945089],[-94.80242496409146,42.01570500322773],[-94.80327995223081,42.016177905001605],[-94.80330027712839,42.0172178021073],[-94.80666458078842,42.0218165823039],[-94.81303176027431,42.0238100934621],[-94.81457598427443,42.024501675367695],[-94.81472809503254,42.0248730265938],[-94.81632100598189,42.026464433354384],[-94.81990425797689,42.02898792781864],[-94.82084150046944,42.02894604007056],[-94.82198726804774,42.02848654937755],[-94.8232160973403,42.02872820954902],[-94.82546794981165,42.02930032341103],[-94.82628568979946,42.0308859072529],[-94.82685179917199,42.03068326259891],[-94.82781557730921,42.03043375328286],[-94.82980188944971,42.03101001132759],[-94.83349518449081,42.03112217162568],[-94.83396478372893,42.03089851860117],[-94.83637081394579,42.03139140083844],[-94.83681848347221,42.03230736781767],[-94.83355386343915,42.03450305111172],[-94.83579722826522,42.035556926432534],[-94.83965804998496,42.03828700042712],[-94.8404884517015,42.04535702479828],[-94.84125108939743,42.04549789346246],[-94.84312794187431,42.045584839306585],[-94.84524879165404,42.04623521793364],[-94.84943438653937,42.04551938464949],[-94.85041314123112,42.0452739473294],[-94.85440265692131,42.043714516987734],[-94.85925408715919,42.0431046422365],[-94.8630028267753,42.04510173898415],[-94.8648381697445,42.04538263544589],[-94.86713289627984,42.04523273905572],[-94.8629963850373,42.04904203023974],[-94.8622074909869,42.049698775868485],[-94.86281490994756,42.05147663358236],[-94.86311336492372,42.05168793479327],[-94.86579883623638,42.05257192736576],[-94.86619920602409,42.05267799256319],[-94.8681180031606,42.05532158710374],[-94.87195271228612,42.05920827085156],[-94.87406146031371,42.06055178192137],[-94.87048416445593,42.068594077846704],[-94.87042055054917,42.069360634058675],[-94.87231052086406,42.073621215011144],[-94.87277455543439,42.07405043716372],[-94.87410316307529,42.07613166580369],[-94.87478932556145,42.08147457687819],[-94.87875291345237,42.08508872393052],[-94.87948663484269,42.0856260771838],[-94.88148239699521,42.086345372213174],[-94.88292071158915,42.08749256525826],[-94.8852824977024,42.09117778986108],[-94.88695978642899,42.09200579121792],[-94.89782798415767,42.09378533782898],[-94.8997880616907,42.09530644187433],[-94.9011687842463,42.0962787386397],[-94.9017752401479,42.0962011415187],[-94.90268757546315,42.09576272927371],[-94.90279433662573,42.09713438234814],[-94.90286082798073,42.09805640023971],[-94.90297442743567,42.09859487924346],[-94.91034253373675,42.104731625990006],[-94.91072233354849,42.10523414228741],[-94.91167676080406,42.10691137760865],[-94.91389401921298,42.10959423129999],[-94.91576163462615,42.11075185456978],[-94.91747345974596,42.11292072645832],[-94.91765885451278,42.113741679149804],[-94.91949624122087,42.12047897625183],[-94.92270481296752,42.120411734758086],[-94.92534065013153,42.12170491966169],[-94.92741716350125,42.12270123797733],[-94.92996165504523,42.12432907277368],[-94.93021999439509,42.124806547658345],[-94.93228345562454,42.12936036801765],[-94.93492569412938,42.1318014861937],[-94.93601979785342,42.136353567730076],[-94.93863297692275,42.138335781888564],[-94.94218581831414,42.142080711026004],[-94.95224038024016,42.14626892490036],[-94.9620585580928,42.146605741633486],[-94.96006735366156,42.153479812205184],[-94.96060072084758,42.15433977181779],[-94.96557072022487,42.16029320492934],[-94.96596402238147,42.1631368460114],[-94.96708312283663,42.16560780222913],[-94.97369800683917,42.168758821663545],[-94.97928477047645,42.17343569429259],[-94.98659288684512,42.1812570722652],[-94.98767481054551,42.181828215151675],[-94.9881640508659,42.182576232039615],[-94.98799528848505,42.18517285807264],[-94.9927912235647,42.188917139542134],[-94.9952119497702,42.19637245936731],[-94.99724337080447,42.19803471213131],[-94.99784397792814,42.19868168119986],[-94.99851155503359,42.1992554330329],[-94.99933452980108,42.20005161911572],[-95.00071863431742,42.20097310268986],[-95.00192316079756,42.20174460804617],[-95.00224891147973,42.20238734644721],[-95.01234221133913,42.20774035239341],[-95.01402630918822,42.2086924384249],[-95.0168357889037,42.20962922355538],[-95.02181343838345,42.21327453268578],[-95.02416237057156,42.213732936061675],[-95.02631914614449,42.214136147384615],[-95.02964904296998,42.21626119854668],[-95.02992389168534,42.21815206384299],[-95.03318572851971,42.221732654806075],[-95.03480811180266,42.223653649929254],[-95.03768305145522,42.224782381065936],[-95.04732091283819,42.22767275389224],[-95.05145756322712,42.228940715963724],[-95.04972854224913,42.225712087655616],[-95.05303954333996,42.224904817673966],[-95.05645066201676,42.22555234960799],[-95.0631902877158,42.22755725527737],[-95.06618893860502,42.230846715725114],[-95.0736525282882,42.23357137312944],[-95.08130699771641,42.23884396293348],[-95.0857586958983,42.23888117300411],[-95.08980398137614,42.24105159376115],[-95.09994718076564,42.24015760006735],[-95.10613670658643,42.244650337669285],[-95.1086803687587,42.25102086133074],[-95.10464767119014,42.25404769879886],[-95.09669028205461,42.25379980624213],[-95.08911525101956,42.25521527495343],[-95.08389149382353,42.25458434005587],[-95.07889233087496,42.25727350946344],[-95.06947967084919,42.25798475390549],[-95.06666211223384,42.25814362350002],[-95.06076703816132,42.25820466115191],[-95.05932146496949,42.25856833695939],[-95.0559761314023,42.25787637590988],[-95.05416978261665,42.26009261727727],[-95.05271567891684,42.25974041119171],[-95.05188501014352,42.259651708824066],[-95.04982433641031,42.26023339757089],[-95.04895694682257,42.260613625550015],[-95.04658387414786,42.260417342073346],[-95.04504238185042,42.261111256773],[-95.04294553675727,42.262864205321016],[-95.04306982210639,42.26796820976399],[-95.04373495237884,42.27244118324261],[-95.04360791149472,42.278360166554194],[-95.04589976777669,42.28423602140895],[-95.04277430840436,42.29559381142241],[-95.04337665014003,42.29690690931065],[-95.04287327206534,42.29789298775181],[-95.03999957841363,42.302582037659185],[-95.04288782356679,42.30420567252956],[-95.04565537939332,42.30376009392497],[-95.04614005809314,42.305755198084235],[-95.04656439363701,42.30690484841105],[-95.04809498799216,42.30850754095123],[-95.04834901040336,42.30978180117658],[-95.05084025779382,42.31381681878326],[-95.05138400988908,42.315112906287986],[-95.05476349651249,42.311423190673324],[-95.05546520002562,42.300926533071575],[-95.05284715620435,42.293991067782414],[-95.05481381621719,42.28537798046056],[-95.05325222262442,42.27958278092605],[-95.05595689550283,42.27600610677831],[-95.06472629212789,42.274478739052306],[-95.07874168514476,42.2736106033409],[-95.09190045929094,42.26973278847245],[-95.09788816662648,42.26675671157469],[-95.11439857697073,42.26845735734],[-95.11913482329223,42.26568710267254],[-95.12177765473028,42.2591248701285],[-95.12628655190608,42.261118867314295],[-95.1197536130145,42.27420447820355],[-95.12454835129637,42.297930988938994],[-95.12144500601367,42.301086361101234],[-95.12761851086145,42.30737007936968],[-95.13663795245982,42.309590058200214],[-95.14666677063383,42.30916972450216],[-95.14566711979356,42.30284052088934],[-95.13986057024822,42.29638023825885],[-95.14124221246452,42.290538306765214],[-95.14506178176374,42.2895846949569],[-95.1558477008775,42.292731513354084],[-95.16339182863669,42.30065470084152],[-95.17367978452606,42.30797857299699],[-95.18465411580236,42.30845342953803],[-95.18804686189885,42.305381315389646],[-95.18574369344714,42.30002560652921],[-95.17819893041006,42.29750357458136],[-95.16568625317088,42.28700968401338],[-95.1571959365179,42.28368391001332],[-95.14886429274543,42.27649034464196],[-95.14952913101347,42.27090648369294],[-95.15708947778556,42.26984765887688],[-95.17056988271344,42.27805607606712],[-95.17662166491327,42.28005704023108],[-95.18268598602585,42.27965963513677],[-95.18830472454191,42.277366274073835],[-95.19316096719663,42.27226627656406],[-95.20419296673658,42.26457915723185],[-95.21053657295512,42.26135395883198],[-95.23063953600497,42.26604225866026],[-95.23536080971287,42.27067537683103],[-95.23439646570124,42.27563083152779],[-95.25049854815597,42.276097008795276],[-95.25131661623608,42.280500567479],[-95.25770424159955,42.285083416207996],[-95.2692329245898,42.28979532835307],[-95.27796659954674,42.298952367530795],[-95.28654925805876,42.29849260957572],[-95.30178132913194,42.2997520444903],[-95.30548304772577,42.30295552416751],[-95.3038234207569,42.30867500890856],[-95.30675871426455,42.31299368860942],[-95.31521270136822,42.315921239392246],[-95.33149561257144,42.32690728086207],[-95.33914314132551,42.329254564640785],[-95.34215455201362,42.33209865381643],[-95.35148189693665,42.336622930101264],[-95.36188019993538,42.33617753986121],[-95.37583384572052,42.33799290764804],[-95.38629892516292,42.3379141558734],[-95.39058385966004,42.33939210751265],[-95.39488958758345,42.350008491011316],[-95.40461101783048,42.35243990448875],[-95.4116201438186,42.3499349866306],[-95.41547852557603,42.3530434476994],[-95.4239388004296,42.354251637564296],[-95.43471574163294,42.35249764777998],[-95.43669576576703,42.35051399174561],[-95.43618504536319,42.34213449077516],[-95.42709936463308,42.33435296071868],[-95.42900438427422,42.332856416473234],[-95.4386198657754,42.3325828631572],[-95.44568239944692,42.33395787813593],[-95.44981885803551,42.33698990859654],[-95.45431504848445,42.34445195581501],[-95.4606170457006,42.34785323490012],[-95.45947344365533,42.351758620208145],[-95.44439119897554,42.35610545811533],[-95.43960113464755,42.360368039283635],[-95.44745758897444,42.37037705830585],[-95.45406593458904,42.38158179012314],[-95.45844761546047,42.385110970465796],[-95.46356274403571,42.38594078622993],[-95.4668382355198,42.390264495006946],[-95.46681731103808,42.395097199630044],[-95.46952818318756,42.39987105156355],[-95.4619191446431,42.406971420607384],[-95.45994844102675,42.410365146630284],[-95.46594055773696,42.41834202346196],[-95.47044481612812,42.40982753727136],[-95.47659097541873,42.41366974805523],[-95.48502231858727,42.41676062556268],[-95.50383419100767,42.41635103437056],[-95.50352482739555,42.41386374282329],[-95.49636334838593,42.40833045091143],[-95.48798497990687,42.40656422110491],[-95.48454922006614,42.40211829793356],[-95.4886350345655,42.39906792482815],[-95.49023661341722,42.39170681932537],[-95.48650794706401,42.38781288524423],[-95.49119467544486,42.38352026071877],[-95.49607372522084,42.38263207886282],[-95.50132812739068,42.37725975095707],[-95.50358801273185,42.370106420079935],[-95.52021339464031,42.368544834947336],[-95.52312364449323,42.36325623135422],[-95.53449633586105,42.36613579914453],[-95.54044283217885,42.36596397405766],[-95.54452234522773,42.3704890176637],[-95.54782760960569,42.36656257427449],[-95.55254710019895,42.36549428450487],[-95.5638048670641,42.369497278572354],[-95.57012150403135,42.37441280542717],[-95.57146998331852,42.37960012881459],[-95.56842095711787,42.387133667960164],[-95.57036113715917,42.39752529560557],[-95.57272345649177,42.399679702493245],[-95.5807272565406,42.4007438750967],[-95.59107764672733,42.396978367317786],[-95.6075300707843,42.398905600090394],[-95.6092193990266,42.401983532696576],[-95.61729196733684,42.405625538100516],[-95.62320181264164,42.41030107424594],[-95.62754736509137,42.41078024408303],[-95.64810887497647,42.41970045305974],[-95.65578879287672,42.42147809092049],[-95.66360273916638,42.42659793592768],[-95.67242385131482,42.4253151098425],[-95.67212616451576,42.433015031492076],[-95.67657829268569,42.43355216899266],[-95.6794893927166,42.43978044060255],[-95.68673045554881,42.443286853660844],[-95.69011317543941,42.44230678160316],[-95.69674274293565,42.43624208607648],[-95.7156678679724,42.43507875046264],[-95.72418583696786,42.4336231057458],[-95.72851690059991,42.43430108386871],[-95.74476659437178,42.44826185610843],[-95.75304869391698,42.449674570595555],[-95.75748825346321,42.45717755086785],[-95.7640007426272,42.46230264691011],[-95.76537388063258,42.46584255848872],[-95.77585144077752,42.47123785632295],[-95.78174091682881,42.47999103106668],[-95.78732092832512,42.48500006908481],[-95.7994463464927,42.490311063811276],[-95.80265974885181,42.497013415061296],[-95.8090554648651,42.503572071719205],[-95.82252863534289,42.50740893102264],[-95.82674396961082,42.510662625835316],[-95.82659822686384,42.51437123902352],[-95.83504578013067,42.51775163696064],[-95.8392649664817,42.523640354282726],[-95.84910963529803,42.52759133841704],[-95.85255719090713,42.53260330140167],[-95.85930329628776,42.53486302186499],[-95.8626906809953,42.533620572255906],[-95.87939568532144,42.5326228022959],[-95.8923320100171,42.517824136574745],[-95.8929267953945,42.513756772541406],[-95.88917687183307,42.51049379545888],[-95.87806514919679,42.50706861467306],[-95.87134946884983,42.500521882001905],[-95.87343893705616,42.48480160324507],[-95.88492248427723,42.48605539465677],[-95.88691428815662,42.48122956392378],[-95.89593364159072,42.47720963165635],[-95.90381780926482,42.48534625643907],[-95.91131756709869,42.48515583617304],[-95.91109700222847,42.48022604740013],[-95.90709743169907,42.47032303304937],[-95.90483620102636,42.461571208141095],[-95.90539378027384,42.456178586553904],[-95.90990394033263,42.44901229451596],[-95.9123577292435,42.44123449257727],[-95.92204974819316,42.43949987214277],[-95.93049747715975,42.4407182912174],[-95.93471695342868,42.44814011312037],[-95.93680264179848,42.454779854842435],[-95.95237711753998,42.46334350411619],[-95.9588881435899,42.464490193718845],[-95.96410048048514,42.46889720054881],[-95.96391837569462,42.482381300924985],[-95.96975679891062,42.486081174804895],[-95.96509552235128,42.49337320736988],[-95.9649050916612,42.49959320827324],[-95.95982945966304,42.50498342182649],[-95.96466863329879,42.51167089493783],[-95.96893727392295,42.51311405668553],[-95.96823488870061,42.51874971840909],[-95.96954529360193,42.52935303055983],[-95.97439885252298,42.53627872293892],[-95.97846256583622,42.53677067986857],[-95.97995230101004,42.54063928279285],[-95.99299307261882,42.545697721299646],[-96.00337650114167,42.557513826819324],[-96.00986192919757,42.55963183023227],[-96.01239434358001,42.56349189418178],[-96.00482436024036,42.5688184243707]],[[-91.58665143966549,41.726691889622906],[-91.5960100758568,41.725640135821344],[-91.5945659526799,41.72049316203287],[-91.59810381254486,41.715177321098466],[-91.60811764658578,41.71250233063047],[-91.61796118785418,41.71774586643547],[-91.62512063649196,41.71760199077968],[-91.62795484438276,41.716001103731834],[-91.63600835621601,41.717731610684304],[-91.64987914967162,41.72395680767058],[-91.65635427999584,41.72682922811816],[-91.68415479372462,41.73694097085524],[-91.71043109599488,41.74586254620092],[-91.7125724530301,41.74775093507875],[-91.72216488990895,41.75065898567401],[-91.73953491262489,41.75388131722343],[-91.74736597712091,41.751400018609765],[-91.76257206508848,41.7538972269036],[-91.77094019389976,41.75585125040786],[-91.77618302229163,41.75846947655366],[-91.78830985662559,41.75930031541534],[-91.7963509013724,41.76218122861442],[-91.7841626076971,41.76461544182207],[-91.77361299000555,41.76263914154785],[-91.75521525090733,41.764071754457206],[-91.74745987707452,41.76259157980971],[-91.73743453924375,41.765746808575265],[-91.72679048841579,41.76865563817356],[-91.71590375869792,41.76807077410385],[-91.70994626965286,41.770102603413484],[-91.70085720501274,41.77303095389471],[-91.6961870120097,41.772978103724746],[-91.69213457059934,41.77316625719425],[-91.68454829855526,41.778672711728014],[-91.67642904764222,41.779745880530555],[-91.66234465049767,41.78307739185682],[-91.6591824634934,41.78537321677862],[-91.65665732049813,41.78697389958243],[-91.65437028694792,41.79207628507414],[-91.65263804861094,41.80044992340539],[-91.64854957474832,41.802266255898026],[-91.64302178216319,41.79847252585097],[-91.64031725914931,41.793775288871714],[-91.63636701313229,41.78906772336044],[-91.63266019805724,41.78762321710679],[-91.62709986854045,41.785458484397886],[-91.62592844856586,41.781950025980194],[-91.61730042722658,41.777649641017405],[-91.61486971312378,41.77482391293259],[-91.61056603222448,41.77220968395106],[-91.60318519665753,41.76792330344608],[-91.59122262374454,41.75961761162573],[-91.58629862199109,41.75699487482678],[-91.57749917195501,41.74662799167791],[-91.57571928577225,41.74264301696299],[-91.57767904762578,41.7384701475883],[-91.5702577772113,41.736279567910195],[-91.56444400319623,41.73178035256958],[-91.56141093572803,41.728243348614406],[-91.56180500847206,41.72451949769321],[-91.56710381445818,41.724117283770326],[-91.57854763024322,41.727290044599],[-91.58665143966549,41.726691889622906]]]},"properties":{"LANDFORM_R":"Southern Iowa Drift Plain","Acres":14860965.2163,"Hectares":6014019.25285,"tooltip":"Southern Iowa Drift Plain"}},
{"type":"Feature","geometry":{"type":"Polygon","coordinates":[[[-96.45124869552188,42.79420774599128],[-96.45282885772203,42.79827006877211],[-96.45346385459321,42.79888302256494],[-96.45610698719196,42.79779178502261],[-96.46074852948988,42.795597030547626],[-96.46064995518833,42.793830062985066],[-96.46465490215644,42.79253938524639],[-96.46864758298102,42.78796188958802],[-96.46984934113543,42.7871984945574],[-96.46891799004766,42.78128476654443],[-96.47410848643526,42.780495105133426],[-96.48148629118235,42.76592152784911],[-96.48507251659615,42.766381230514746],[-96.49245436610259,42.765681983546415],[-96.49230482135303,42.762888025674684],[-96.49343530479989,42.76100590541378],[-96.49486098871655,42.760425047312815],[-96.5017528203624,42.761699761600624],[-96.50457162257942,42.76300410604721],[-96.51574942463584,42.76193413699544],[-96.52213688059248,42.763381149292414],[-96.52693678592736,42.75801822143278],[-96.53323199677669,42.75633844519668],[-96.52868387975933,42.746491278065996],[-96.52972719628302,42.74598499426392],[-96.53093950074546,42.74612953994054],[-96.5382192282419,42.7460070848188],[-96.53848770987274,42.743944375278716],[-96.53920937798269,42.74231013076579],[-96.55051736279255,42.73984207364872],[-96.56236992298547,42.73941034241522],[-96.56821513836834,42.74039757807523],[-96.57350242469181,42.74882938472091],[-96.57408508417339,42.75001221182908],[-96.58149579399813,42.751960830085885],[-96.5833754808628,42.74750910671505],[-96.58315752390165,42.74680287885987],[-96.58481287542564,42.74269154561495],[-96.5938927327547,42.75283281645386],[-96.60027971930717,42.75256006368626],[-96.6002561251486,42.74804527040101],[-96.58852742708287,42.73926984915063],[-96.57287308876685,42.73195743006356],[-96.56930325395474,42.731735647236505],[-96.5609562551516,42.730919620711475],[-96.55859432636784,42.72790013082164],[-96.54673390434536,42.72463503822351],[-96.54110345853458,42.724971431068965],[-96.53163085873642,42.73455642119269],[-96.53013941647535,42.73674542758689],[-96.52211506537823,42.74342611782765],[-96.5095173658972,42.749292105329644],[-96.50494629286077,42.74848221569971],[-96.47167873183865,42.737984345089785],[-96.46395985913259,42.73307579313139],[-96.46106669312904,42.73563261900784],[-96.46039493530365,42.74452039831548],[-96.45650823539654,42.749659999064946],[-96.4533278873533,42.75083635277681],[-96.45204870641076,42.75196743509768],[-96.45301504520297,42.75462683826372],[-96.45095495057721,42.75901019606961],[-96.44822023686234,42.76256505004161],[-96.45182340354373,42.77086725072026],[-96.45384132512571,42.776367942557286],[-96.45073768778342,42.78768186109028],[-96.45082615314318,42.78850095596316],[-96.45124869552188,42.79420774599128]]]},"properties":{"LANDFORM_R":"Southern Iowa Drift Plain","Acres":7013.00994067,"Hectares":2838.06443187,"tooltip":"Southern Iowa Drift Plain"}},
{"type":"Feature","geometry":{"type":"Polygon","coordinates":[[[-91.54219097934248,41.651455056973816],[-91.5560603725578,41.644456057607385],[-91.55981900590923,41.63910676650984],[-91.54627511115999,41.620397817100105],[-91.54803398104143,41.60988105363611],[-91.5464907663338,41.603258795546395],[-91.53811484242142,41.595851447815704],[-91.53753300966885,41.591653830525125],[-91.5404774565906,41.58483453030336],[-91.53970252834927,41.57703931971185],[-91.53783818140803,41.57510539573407],[-91.53743700135426,41.56783081656531],[-91.5486057807802,41.55497218072942],[-91.55180829523384,41.54929335369246],[-91.54336833102825,41.537855636297216],[-91.54347191169359,41.52431267356311],[-91.53556235289372,41.51096889208817],[-91.53390107759321,41.495948957675076],[-91.53543882209372,41.48740979093986],[-91.53837174537097,41.48122254339037],[-91.53654104414586,41.470617491579155],[-91.53220400391393,41.462760039084365],[-91.52271405554217,41.45963696134044],[-91.51573132716682,41.45879459027473],[-91.50981074340466,41.455256679327945],[-91.50495630710024,41.448872950564486],[-91.49844776824348,41.44487533112684],[-91.48992908860613,41.43272430474893],[-91.48640758423149,41.42936715165179],[-91.4863265159536,41.42424929041162],[-91.48207272391939,41.41802297593631],[-91.47876279204047,41.41421689497057],[-91.47012106677604,41.40763103475635],[-91.46410344592164,41.400026129528605],[-91.45495503361401,41.39809769005315],[-91.44756308301972,41.38957048350363],[-91.44489173136033,41.384267093926184],[-91.43801902000199,41.37920766371265],[-91.42822754540104,41.37094759341173],[-91.43032960581203,41.366611938960645],[-91.43623630763695,41.36187652878529],[-91.43672211440528,41.3582712465476],[-91.419248809799,41.353969143044424],[-91.40700751974241,41.33995475248609],[-91.3870881834169,41.321768306444206],[-91.38497844663026,41.31827731560938],[-91.37095548986942,41.30423404830536],[-91.36696480784224,41.29620120326177],[-91.35997191280595,41.28857696092884],[-91.36171061898563,41.28288286626118],[-91.3580796482113,41.27651027438131],[-91.34587696005137,41.26981834927247],[-91.34167831760698,41.26613896116452],[-91.33300929699273,41.26290269170087],[-91.32448366540365,41.25738219091147],[-91.31258904317974,41.2520656841644],[-91.29459402213298,41.24849896289635],[-91.29012917768655,41.245512155911676],[-91.28672157760266,41.23104908232068],[-91.28901193186014,41.207718466930864],[-91.2971751295919,41.20091895939165],[-91.30236339649629,41.198582910377176],[-91.30429886833376,41.195246394169374],[-91.29300359056384,41.18676212970102],[-91.28575406879557,41.18436873622458],[-91.28186596018796,41.17878703782177],[-91.27529639350931,41.17614916876856],[-91.27070547279618,41.16858833146293],[-91.2645805160215,41.161893077924944],[-91.26249915674966,41.154814139961],[-91.26807090404266,41.150580646877685],[-91.271983755802,41.14232202346079],[-91.25541770507249,41.1430881233701],[-91.24271827170757,41.13743476668432],[-91.22900210656006,41.135319909139135],[-91.22260522758079,41.129634104203795],[-91.21163072784853,41.12559122649492],[-91.2038113239994,41.119818790758394],[-91.19702046823429,41.119458718047625],[-91.18952673727085,41.117182448837234],[-91.17631802151271,41.11818039314548],[-91.17174581354212,41.11956820680795],[-91.16197303325742,41.11776188183263],[-91.15065985528156,41.1140252603728],[-91.1308429740977,41.102340402863426],[-91.12727589281185,41.09790155223224],[-91.12058081745721,41.097221080776514],[-91.1096946934045,41.09050332318487],[-91.09141774515986,41.08988446861742],[-91.08443819536744,41.08748291934195],[-91.07914101995185,41.08783914138014],[-91.06943394168272,41.0852792449929],[-91.06269231468214,41.10473665683388],[-91.06211040028153,41.11107084166673],[-91.06486284753478,41.114348956553684],[-91.08409295493595,41.12250923372226],[-91.08915561589674,41.12936571486438],[-91.09610367553508,41.129142172733054],[-91.10665705405094,41.132025110164356],[-91.1127252688582,41.13906639739893],[-91.11370143409346,41.1440770103602],[-91.12031670658017,41.15163478009018],[-91.12880429139264,41.15642901338468],[-91.1312133910011,41.16230929272766],[-91.13879776980731,41.167426745366186],[-91.15038859360837,41.17353932839656],[-91.15051265851645,41.18107555667237],[-91.1530746017098,41.185603359149354],[-91.17403776211589,41.2014294591114],[-91.1804949640922,41.21109761071518],[-91.19142018491033,41.213301462254734],[-91.19813023505174,41.2179780061059],[-91.20321429289174,41.22474514055699],[-91.21831334874872,41.238524469086464],[-91.2192142764733,41.242517144836164],[-91.23091973786374,41.258133742804425],[-91.23500383584549,41.26581527841582],[-91.24249859754306,41.26873941117142],[-91.25067704935175,41.269721124605006],[-91.26601890092617,41.26952472030836],[-91.27344742559507,41.272636315959765],[-91.29245641301091,41.27706265198073],[-91.30376006532133,41.28418199878785],[-91.30269944629991,41.29830882750874],[-91.30659333552858,41.30155657601282],[-91.31808134916639,41.30172504658131],[-91.32335153990152,41.305516129880274],[-91.32887588223139,41.314215281371276],[-91.33303684901503,41.324418185106154],[-91.33537572140919,41.326832921175516],[-91.33584725477206,41.33312525650122],[-91.33312939177677,41.34060947903302],[-91.3187583882828,41.35154285894234],[-91.31489074093564,41.3593907479063],[-91.30633828828648,41.37235989113991],[-91.3020612455284,41.37153497406281],[-91.2975287184,41.37808676262127],[-91.29789783624369,41.38090163032255],[-91.2935996001524,41.388123356631134],[-91.28523358838682,41.39128452338724],[-91.27336422468528,41.40015418229541],[-91.26719313896776,41.40629918361688],[-91.2509851836673,41.41871991042569],[-91.24692395286,41.423895906218405],[-91.24134112028023,41.42447730870584],[-91.2379200345188,41.42699623945978],[-91.23453482680273,41.434406886071734],[-91.2173019187809,41.44345270594727],[-91.18418969879028,41.46494390142257],[-91.17699389342624,41.468723983111886],[-91.17191336596527,41.47329910974873],[-91.16149633837921,41.47948181478112],[-91.15570063974113,41.48142061273628],[-91.15014346316765,41.4868336134357],[-91.14157840973886,41.491097307001],[-91.13761175477393,41.495942831995805],[-91.13070367240186,41.50124832606635],[-91.11841626110424,41.50561899017882],[-91.11029758903265,41.50599373686515],[-91.10556195974627,41.510063637758115],[-91.09546216735419,41.51269020985172],[-91.08473192674721,41.52520936871697],[-91.08517535517545,41.53308913999271],[-91.0807239237288,41.54266491253169],[-91.07818050249685,41.560060106811044],[-91.06406235653651,41.56862665749377],[-91.05415809736188,41.579677759980825],[-91.06071550259762,41.5825372467283],[-91.06584497517044,41.588210479711826],[-91.06955381401843,41.58861142886391],[-91.08071081991605,41.58498910278318],[-91.08850177801841,41.588420233263136],[-91.0983405380056,41.595101383750645],[-91.09993535291252,41.60223823324185],[-91.10880479500776,41.607463434409595],[-91.11620282492899,41.608821451058446],[-91.12376416504945,41.60826336778647],[-91.12792086287038,41.60443347740794],[-91.12599808975813,41.59529233246801],[-91.12790906811044,41.591598932769834],[-91.1448051045535,41.58433915351731],[-91.14939346079517,41.57764120254572],[-91.15481477244538,41.57332660730649],[-91.16866902054927,41.57371747392485],[-91.17715543872262,41.57258263183681],[-91.18238951077612,41.56682471279125],[-91.18911462145532,41.5668320999943],[-91.19563641439089,41.5700949057733],[-91.22441689804303,41.567382831094164],[-91.24884400500653,41.55884111097585],[-91.2532892310431,41.56025769636683],[-91.2635670720664,41.56077956650916],[-91.27036252387646,41.55940211157884],[-91.27349607020416,41.54725013143787],[-91.27807541805399,41.533210438621175],[-91.28153402721189,41.52739309445068],[-91.29149778918,41.51975373921233],[-91.3004788860039,41.51514640952338],[-91.31096734964086,41.506296234589776],[-91.32163453955022,41.50530964920618],[-91.324734051894,41.49646649194863],[-91.3288956577948,41.48897193205735],[-91.33556374863966,41.48246584204106],[-91.34885041482711,41.477895742915415],[-91.34877992113141,41.47402192455454],[-91.35327797672933,41.46640428974936],[-91.36101443634162,41.45749939693679],[-91.3644481860697,41.45183427875176],[-91.37418822118822,41.44365531980321],[-91.39222061714966,41.43438543232216],[-91.39706257024041,41.4341811879475],[-91.4115796751385,41.447757648570565],[-91.41918464319494,41.449640125770124],[-91.42408851883457,41.4515697739186],[-91.4295020160732,41.45570712996348],[-91.42896437857468,41.463995695564535],[-91.43441432922465,41.47135009353379],[-91.44371167267917,41.47790983950587],[-91.44282268359822,41.48213040274913],[-91.44778568382098,41.486430092960184],[-91.44485775340677,41.50999777507607],[-91.45105555403892,41.5176256573492],[-91.46036528706021,41.52422627851079],[-91.46198811437327,41.532299866056945],[-91.46415223723828,41.534288507817074],[-91.45993562296108,41.543024284398115],[-91.45457559628723,41.5453014290163],[-91.45305314232918,41.54889978630864],[-91.45293330009943,41.5574690848091],[-91.45884373507245,41.56484961203949],[-91.45628873916917,41.56919600899363],[-91.4610095963951,41.573322543656914],[-91.46159235646077,41.577266602724386],[-91.45771621282292,41.5838174122716],[-91.45892835588539,41.58618272239033],[-91.47184742677324,41.586990077450245],[-91.47623387795815,41.59104804903852],[-91.47140513030854,41.59498367427789],[-91.47205895844314,41.60311881009726],[-91.47057199661687,41.605194129935875],[-91.46051232928333,41.60848816815378],[-91.45059091116809,41.609497631598146],[-91.44801373149352,41.61466884490109],[-91.44099930590902,41.61787526560317],[-91.44642748147282,41.62436100577268],[-91.45670906819389,41.626086715270546],[-91.45559047094727,41.63749942701526],[-91.45289339318391,41.6405740323089],[-91.45713111333798,41.643868855389265],[-91.47011571489784,41.642391774972864],[-91.47140195746826,41.645265822501024],[-91.4812141769303,41.64552289057299],[-91.49098502625816,41.64755622806272],[-91.50101845830734,41.64559245011775],[-91.51033544521161,41.64736976770116],[-91.50127894259344,41.63703637548877],[-91.50203607493651,41.632343802531274],[-91.50767262521761,41.63160636340122],[-91.5199774772783,41.63225194021925],[-91.52203508581943,41.6273327358635],[-91.53351842823962,41.63558751196892],[-91.53126923570642,41.639450472451806],[-91.5248315138897,41.64212462542534],[-91.52868746726642,41.64841695335453],[-91.53800287774388,41.65234643654723],[-91.54219097934248,41.651455056973816]]]},"properties":{"LANDFORM_R":"Iowa-Cedar Lowland","Acres":193421.950786,"Hectares":78275.0863771,"tooltip":"Iowa-Cedar Lowland"}},
{"type":"Feature","geometry":{"type":"Polygon","coordinates":[[[-91.09554107608501,40.79930187369641],[-91.09745228497513,40.80808495290122],[-91.09586495553988,40.81477856491386],[-91.08991281218921,40.82491298067857],[-91.07753812823529,40.8336881283157],[-91.06990756837217,40.84019038824034],[-91.0619129350163,40.84435301640803],[-91.05486218338679,40.85040460604097],[-91.04648584536207,40.86591839465429],[-91.0424270005086,40.87085783766571],[-91.03462997203863,40.8762289092356],[-91.02274210195561,40.88275441742418],[-91.01236603893207,40.89775389059279],[-91.0051032589487,40.90429410441043],[-90.9972899781212,40.90881558081533],[-90.98483881109493,40.912291697422646],[-90.97991136192405,40.91538512467259],[-90.97066339481066,40.91833029625244],[-90.9630037841862,40.92450948736926],[-90.96069902252873,40.935665102923686],[-90.95343610169436,40.95080411314863],[-90.95186467777052,40.95672114932473],[-90.95462649963544,40.96823672683873],[-90.95824296152553,40.97690299028781],[-90.95781494838228,40.98290338660463],[-90.95014027018216,40.994341709993286],[-90.94524197079515,41.009422952653196],[-90.94580759111254,41.015999415544165],[-90.94231250439209,41.032339463408256],[-90.94255737756255,41.038919197787536],[-90.94539597968665,41.05429131832149],[-90.94539436001313,41.06086663033166],[-90.94884439618691,41.0686293488557],[-90.94847800060849,41.08596186002309],[-90.94643343694759,41.09343749976054],[-90.94769953967055,41.09890044866977],[-90.95867112166277,41.11252519745009],[-90.96575167854236,41.119432902352415],[-90.97148811892394,41.13082012496412],[-90.9816676200944,41.142843432255184],[-90.98848873512053,41.15454602318706],[-90.99483528985297,41.16068249753426],[-91.00066522713055,41.16385529168765],[-91.01198677748548,41.16629399633818],[-91.02402666757722,41.16367285349405],[-91.03333368133559,41.16400323320292],[-91.04276450967947,41.167235287962455],[-91.0526981871787,41.18234657249636],[-91.06872042667942,41.20338685714694],[-91.07552628791866,41.210238118956184],[-91.09133591838058,41.221219673602185],[-91.0978658403002,41.22816411639219],[-91.11088185838686,41.23747553181397],[-91.11393435319731,41.24206515423375],[-91.11422490053828,41.24998718857208],[-91.11191978817124,41.25421884796831],[-91.10320732460639,41.26387554115079],[-91.0973943529198,41.2747594205423],[-91.09186917582284,41.28789052743592],[-91.08518618775899,41.29591305567864],[-91.07717543673877,41.30229173331336],[-91.07426185012119,41.30746717455264],[-91.07323875717584,41.315187164396285],[-91.07203439490327,41.337738756666],[-91.0706000143209,41.34719015643271],[-91.06606808872263,41.367199812408344],[-91.06414494727508,41.37051810103704],[-91.05315894707357,41.38285257022451],[-91.05065686588331,41.38889894954646],[-91.05106854922208,41.39774176244737],[-91.04900886064551,41.40866834032872],[-91.043317379078,41.41656088666838],[-91.0633518232646,41.41461196232949],[-91.07576304292725,41.41651342721534],[-91.10599348649431,41.417167956256115],[-91.13371416839885,41.412698426911156],[-91.141911445136,41.41190782116553],[-91.14994803463753,41.40957835103076],[-91.16341638362863,41.403020736412564],[-91.1700732994211,41.3988213833051],[-91.178479545203,41.3904925720842],[-91.18294327571544,41.384253659468726],[-91.18602039672462,41.376457016280135],[-91.18658626606747,41.37077344844696],[-91.18517560172197,41.36274841197805],[-91.18153668079576,41.354075695808476],[-91.17175696348306,41.33868978409319],[-91.16526494640871,41.32997120150697],[-91.15440304990767,41.302564497553185],[-91.15379130013528,41.29532192885931],[-91.14967859658093,41.282024365985414],[-91.14867246056458,41.27431604597731],[-91.14474896857888,41.2616338062993],[-91.14228355125906,41.24790309801158],[-91.13619137852886,41.232722198126496],[-91.12397663315703,41.210830130176596],[-91.1115753429085,41.19570258468656],[-91.09674642926511,41.180227364582215],[-91.08672319511045,41.167752972125214],[-91.07442535290367,41.15662231849256],[-91.06943745068799,41.15315663124182],[-91.06572979273339,41.147708112525216],[-91.0542026446053,41.13828159062933],[-91.05258092270437,41.131178985341236],[-91.057097666872,41.122946015311996],[-91.05766962652233,41.113547539901106],[-91.06269231468214,41.10473665683388],[-91.06943394168272,41.0852792449929],[-91.06057636758432,41.08091792480317],[-91.05198897472988,41.068703245141926],[-91.04472370571935,41.06445935225044],[-91.04546975522378,41.052402130015906],[-91.04369165666073,41.0467783798284],[-91.0458440808282,41.03975309694924],[-91.04689984400305,41.03034924645994],[-91.0498365067853,41.023039907468856],[-91.04231925033649,41.014373447110664],[-91.03949895167015,41.00461099668803],[-91.03046639820636,40.994742481825384],[-91.03059784333648,40.99032655571943],[-91.03777110772447,40.984269731441174],[-91.04258847266401,40.97463702451242],[-91.04155946230266,40.970476090150235],[-91.04499667962558,40.95080791730225],[-91.04702005629204,40.946752777033375],[-91.04667608174178,40.93688366585032],[-91.04910763438285,40.92970976092747],[-91.05379365279283,40.9213668488053],[-91.05597763785812,40.91177906143895],[-91.05502006546591,40.901178961138925],[-91.0569990437,40.8985640779725],[-91.06696286485376,40.89392144252678],[-91.07342559336638,40.88970141174605],[-91.0761141299239,40.884449790038055],[-91.09235004314453,40.871009799431505],[-91.10182472830884,40.86105947933918],[-91.10600372512035,40.85896182322615],[-91.11224045545626,40.85136696699405],[-91.11848432824624,40.85581071236897],[-91.12275655230933,40.85487145756089],[-91.12343980643429,40.84944640811196],[-91.11825385180836,40.84039921834567],[-91.11273175220542,40.83405311947428],[-91.11008033760753,40.82703320103481],[-91.10600612791964,40.825525136923304],[-91.10018992498448,40.818452981356465],[-91.09998348536591,40.814598758967],[-91.1096996484767,40.81013738689425],[-91.10556284921488,40.807713991468844],[-91.09952803895821,40.7972692835205],[-91.09554107608501,40.79930187369641]]]},"properties":{"LANDFORM_R":"Mississippi River Alluvial Plain","Acres":107585.556866,"Hectares":43538.3301762,"tooltip":"Mississippi River Alluvial Plain"}},
{"type":"Feature","geometry":{"type":"Polygon","coordinates":[[[-96.37948599842933,42.48125861736158],[-96.38201726592389,42.48999946412613],[-96.38954707514944,42.49300050102392],[-96.39903484920426,42.493790822974624],[-96.4130017427377,42.49170503040596],[-96.4204409077318,42.495652203473405],[-96.42588748488124,42.49613321065753],[-96.44250390948729,42.49176739020054],[-96.44291925091967,42.489854932060794],[-96.42971977912241,42.48967474024685],[-96.40413056850247,42.48715160755894],[-96.39735414205254,42.48493059655039],[-96.39047272787275,42.480596190873136],[-96.3843390662853,42.471187639358504],[-96.38089030602481,42.46042984381603],[-96.38028105955742,42.44723792244698],[-96.38319470021354,42.43920973515493],[-96.38935890331003,42.430905235869716],[-96.3970809220798,42.42397696349874],[-96.40574763587875,42.41820871443293],[-96.41096661232301,42.41297476107986],[-96.41563593693182,42.40473137843277],[-96.41623125085208,42.40076955808512],[-96.41456884113433,42.391652308920186],[-96.40849515477457,42.379739811008555],[-96.41093584706584,42.37006809876645],[-96.41720838211903,42.361479737051376],[-96.41798697773274,42.354792985361264],[-96.41436985680382,42.344788470688854],[-96.40896784031949,42.33793458813742],[-96.39839297709163,42.3316121722515],[-96.38380625021024,42.325317248101136],[-96.3741151382263,42.31664318638513],[-96.36859295271286,42.30465807921974],[-96.36915700239346,42.294790158537225],[-96.36781416617876,42.288373120725176],[-96.36026113094594,42.27861738326446],[-96.35328743787875,42.274319165469386],[-96.34082027233929,42.268812011706494],[-96.33280919157285,42.2610488269297],[-96.32849114441758,42.25211529494219],[-96.32769751914314,42.24654622919178],[-96.32992582445983,42.240367110416],[-96.32327121852884,42.23390549935342],[-96.32594182779226,42.22869517632706],[-96.33409069815654,42.219921695293166],[-96.35757405800976,42.2147878600973],[-96.35948209519348,42.20794217746135],[-96.350784626885,42.19959689265232],[-96.34721325222635,42.190912280247304],[-96.34738163855535,42.18550432813248],[-96.3503413688102,42.17827686817402],[-96.34991424565288,42.1714544981334],[-96.34754886280967,42.16631863999714],[-96.3425595261941,42.160439777675705],[-96.33650144700488,42.156473853146494],[-96.32513275789785,42.1511938689032],[-96.31789979834305,42.14506374230774],[-96.31527460606125,42.138682970252106],[-96.30978162762064,42.13206974321548],[-96.29687315203506,42.127128472972544],[-96.28526104636424,42.1254625161668],[-96.2756635249847,42.12168466878363],[-96.27102348561831,42.11642295775583],[-96.26622995420298,42.10512290140879],[-96.2679701277528,42.09522159553009],[-96.27686590017395,42.08153199220562],[-96.27859135004334,42.07647576929454],[-96.27943003879615,42.06734747377662],[-96.27866620674992,42.06120069133301],[-96.27549189786036,42.05152962760132],[-96.2714947462707,42.04517786207656],[-96.2673281464926,42.04146032236467],[-96.25992432514337,42.03868114118018],[-96.2440883519155,42.04159753594426],[-96.23732829864495,42.041131201162536],[-96.22715021609531,42.03697846346748],[-96.22139799880873,42.02840499787726],[-96.22212881566531,42.02458419657596],[-96.22731692726789,42.018755908679296],[-96.23902279905062,42.011725871714546],[-96.2413564000277,42.00858009700614],[-96.24230350217432,42.0018893413759],[-96.23664203400442,41.99619582247797],[-96.2256083293161,41.99448050049698],[-96.22173259560668,41.99729102065467],[-96.21831511569134,42.002988294808326],[-96.21317275962754,42.00739204691484],[-96.20104181860745,42.0095864102922],[-96.19257212746287,42.008417663306375],[-96.18593482279888,42.0050090777369],[-96.18358352016861,42.00088684575886],[-96.18436197159377,41.996191469583955],[-96.19219017042676,41.9852935642045],[-96.19080196726317,41.98063142079737],[-96.18715493767729,41.97751792343575],[-96.17834936547449,41.976105289141096],[-96.16727095199626,41.979446540390406],[-96.15941277657616,41.98034767276828],[-96.14429072390612,41.97935838168505],[-96.1307401449414,41.97348831730986],[-96.12893951932065,41.96510840554122],[-96.13504392521051,41.95229815505162],[-96.14191077936303,41.946535940169106],[-96.14432217552583,41.94258854162505],[-96.14366586754821,41.938536085117526],[-96.13649347645786,41.9274576189075],[-96.13580627841296,41.92251441142764],[-96.13762311779372,41.91877250940992],[-96.14476428821747,41.91451553836556],[-96.155094866752,41.91222369998066],[-96.16150288557287,41.90666205675284],[-96.1611518144551,41.90070113057882],[-96.1490047733665,41.88861664022797],[-96.14671579762509,41.88450990703725],[-96.1458770857342,41.87447379211338],[-96.13947111431693,41.86631915743298],[-96.13521061049157,41.862959516013724],[-96.11950843075805,41.85674136213339],[-96.10969705105565,41.84854243732186],[-96.10762132054602,41.84363660535287],[-96.10794186036966,41.83869288106944],[-96.1107496336134,41.83098009759397],[-96.10810982967416,41.820974380127645],[-96.10150313753903,41.8154975860285],[-96.09033261812934,41.811863432442834],[-96.07830876539106,41.80945781914595],[-96.07038954017482,41.804392621711614],[-96.06704689914491,41.80045646061789],[-96.06455892551999,41.79353452351728],[-96.06631430346368,41.789011837261825],[-96.07380624685995,41.782417460854205],[-96.07894906161188,41.77242745332163],[-96.07867512598223,41.759790836974524],[-96.08190954709669,41.755147185788445],[-96.08676243961064,41.75196389149367],[-96.09689401087681,41.74923252504009],[-96.10441698130316,41.744139404013985],[-96.10623237807025,41.734931755760435],[-96.10304374160933,41.72861508327393],[-96.09579521888128,41.725073462083834],[-96.08602933561762,41.72188723099944],[-96.07997136462083,41.71857375071304],[-96.07453931594301,41.71345108889524],[-96.07260190867409,41.70881106455852],[-96.07359350309325,41.704101653714496],[-96.07733235124874,41.700957656941405],[-96.08612126836083,41.69744379898189],[-96.1027991166811,41.699011643455655],[-96.11518921801326,41.69645185780261],[-96.11908064333626,41.69353651881079],[-96.12204199103142,41.687170215710665],[-96.12204108934029,41.68114555939526],[-96.11857750458809,41.67425138316324],[-96.11123708656632,41.66841675848749],[-96.10200649512707,41.66312801736902],[-96.09671107658737,41.65778652475882],[-96.09468139128347,41.651816504311995],[-96.09545988822939,41.644455986278004],[-96.09870978776283,41.63766821389405],[-96.11604457885637,41.62117838323297],[-96.11824166688243,41.61522011209958],[-96.1136039737438,41.60228778434162],[-96.10408114469755,41.5932336558173],[-96.08740325156712,41.5868117167199],[-96.08358859652643,41.58376217503699],[-96.08122347033579,41.57817006602883],[-96.08168119545917,41.57225907696083],[-96.0901798808759,41.5632232931495],[-96.0949719753877,41.554647003032194],[-96.0966812613998,41.54675700666614],[-96.09425514439715,41.539347631624906],[-96.09088286571432,41.53362969981027],[-96.08476362452421,41.5277152501581],[-96.07234287740867,41.52100546570419],[-96.06109669512439,41.51792837816575],[-96.05107152626623,41.51656489225536],[-96.0433046142657,41.51743723012416],[-96.03282085952337,41.522226234116715],[-96.03038032762647,41.52700963728727],[-96.02844213156331,41.53853408523567],[-96.02288814684832,41.544768204179576],[-96.01537948618554,41.54609117912412],[-96.00511047816188,41.543631397288685],[-95.9992208782259,41.53812960424503],[-95.99442935910903,41.52507904153925],[-95.99246053253933,41.515593143151044],[-95.99316256101197,41.511198023793874],[-96.00106738860237,41.50198605803093],[-96.01423693453032,41.493959480444474],[-96.01986683029446,41.48813801842966],[-96.01649471877202,41.48139108927731],[-96.00956776867778,41.47453003252201],[-96.00422523717076,41.47215712250173],[-95.9827863993662,41.46982448936254],[-95.97108394999587,41.46653416122761],[-95.9640650194567,41.46342817311211],[-95.9560689355396,41.46340890732751],[-95.94706594808571,41.46632382860067],[-95.94051931397325,41.46672562004091],[-95.93386770050168,41.46464406646068],[-95.9260242781291,41.46016985026209],[-95.9201948260001,41.452482842004024],[-95.91946211101,41.44794440703967],[-95.92126415358884,41.4425940897919],[-95.9323266651962,41.431748425623184],[-95.93330227611798,41.42835528729253],[-95.92948832964738,41.41320529761729],[-95.93154774697203,41.40478619122517],[-95.93656914133454,41.39827277592942],[-95.93775881074156,41.39335209886316],[-95.93510392066176,41.383522217819014],[-95.92942690407351,41.37512018958963],[-95.92921437018397,41.36841606053671],[-95.93515024870798,41.360654570052375],[-95.9429009169116,41.35670096669546],[-95.95420832377171,41.35252045204575],[-95.95684924809817,41.34929144941836],[-95.95584140886336,41.34313016303494],[-95.9437561851426,41.331966299117454],[-95.92321818720505,41.32134045164931],[-95.91642728947015,41.32007183436232],[-95.90164108165132,41.32140941564668],[-95.88709888770109,41.31876723851281],[-95.88087428042742,41.31531180013344],[-95.875121263777,41.30813366891478],[-95.87158097216737,41.294775781023475],[-95.87428174765313,41.28758439824261],[-95.88159134510136,41.28228600699928],[-95.90254240212471,41.27368978282289],[-95.9131476538272,41.279609032389345],[-95.90426668364566,41.29396431680041],[-95.90621949838173,41.300858789319186],[-95.92033473124235,41.30114979099766],[-95.92802537833768,41.29852263845325],[-95.93023797462972,41.29198184900429],[-95.92964247136209,41.2814777768204],[-95.91455151777274,41.27158495632681],[-95.92158581461811,41.26849754261935],[-95.92224308845054,41.26105071108918],[-95.91957194380112,41.25392253237135],[-95.91214032944528,41.23971864925856],[-95.9107826861466,41.23230466523459],[-95.91337654843794,41.22522299400531],[-95.92608660901502,41.20997680591522],[-95.92788752571856,41.20110465811902],[-95.92257665318579,41.190323786648705],[-95.91427537987543,41.18549965354985],[-95.90792800485916,41.18452538149824],[-95.89323375343797,41.18531901325949],[-95.87409810894425,41.187689827484604],[-95.8637678051793,41.18808242723387],[-95.85104159213085,41.185165020204074],[-95.84472433147542,41.181205329100855],[-95.84101571198366,41.17280372678516],[-95.84315292826324,41.16864395287467],[-95.85178979769272,41.165223948334905],[-95.86843647323886,41.16856604986967],[-95.87531983969026,41.165899487163394],[-95.88317731125105,41.157146701366415],[-95.88358963100309,41.152993351012114],[-95.88120842793246,41.14259633956266],[-95.87481476998127,41.132254500272445],[-95.86800858054092,41.124120172099865],[-95.86579586399257,41.11835699721834],[-95.86588839955367,41.10565533796925],[-95.86288167533692,41.09469699652369],[-95.86199626098002,41.087855932290154],[-95.86455948082,41.08131639322452],[-95.86990055264506,41.07563527736174],[-95.87926972378166,41.06841218979227],[-95.88254963438044,41.06267393247608],[-95.87955863486214,41.053417841739396],[-95.87128816802935,41.046004693122136],[-95.86098867327179,41.038857519432305],[-95.85882147893606,41.03147177994471],[-95.85949259766394,41.02609610722275],[-95.86809948489127,41.01355184310402],[-95.86968531164058,41.00752284817444],[-95.86645004178122,41.00064118781647],[-95.86248279998156,40.99676789091868],[-95.85219835039771,40.991609982179995],[-95.84032709554671,40.9875981029217],[-95.83197887958363,40.981534939017905],[-95.8279512350418,40.97295133938856],[-95.83031601172507,40.96250841975054],[-95.83658710537844,40.953140222227596],[-95.83850944433166,40.948292247433855],[-95.84000491262783,40.93391653850888],[-95.8373035309823,40.923976490746355],[-95.83170350412153,40.91627827165472],[-95.81436901019408,40.90359787311835],[-95.80977562026251,40.89590995861895],[-95.80936391221434,40.890506832846796],[-95.81246058069833,40.88423454943091],[-95.81796884536851,40.87863281673237],[-95.82591998437141,40.87468228265035],[-95.83892056214704,40.87203005790172],[-95.84416992361767,40.8689283857935],[-95.84796790710308,40.86287205301869],[-95.84813758173485,40.85828334754747],[-95.84513006529818,40.85165646395045],[-95.83814072235882,40.84095735981734],[-95.83672161265412,40.83591236392436],[-95.83717965343274,40.82933502503759],[-95.84496078751614,40.814894308841446],[-95.84555667204928,40.8114209328328],[-95.84329843078262,40.803685598452255],[-95.8343104389039,40.78760415668859],[-95.83537788282212,40.77835473724543],[-95.83856726013133,40.77451136378865],[-95.8462887384777,40.76855661313549],[-95.8555659739147,40.76443631491172],[-95.86626266910855,40.76142391026732],[-95.87175537049822,40.75878336890994],[-95.87900303226421,40.753288609967804],[-95.88490945047562,40.746331740359636],[-95.8890285723816,40.73485268508344],[-95.88739616700595,40.727994093477456],[-95.88254297945763,40.71790135335027],[-95.87941472303021,40.71530434128298],[-95.86157715817282,40.70920890460006],[-95.85205536063822,40.70126613523188],[-95.84877476203292,40.69618605597717],[-95.84610365085818,40.6821827213757],[-95.8399389936141,40.67523691277538],[-95.82429829060364,40.6675953170906],[-95.81393751082969,40.66557858797503],[-95.80504055083534,40.665227724606204],[-95.79254385090377,40.6611262381555],[-95.78045695732376,40.652023476860705],[-95.77461386653529,40.64521046509055],[-95.77035601521612,40.635503786490396],[-95.7696084310101,40.62435264722408],[-95.7669682826399,40.6196781108286],[-95.75717205418471,40.61300389715843],[-95.74963397819553,40.60676146325622],[-95.74844255687343,40.60059276741843],[-95.7503199395471,40.59628756357724],[-95.75532476517866,40.591178121968895],[-95.76624164978286,40.585260393995156],[-95.63258091780719,40.58371091719719],[-95.63887893879698,40.592326918015466],[-95.63772940102547,40.59994649735367],[-95.64290072808772,40.60244939488708],[-95.66085387564513,40.60282962705781],[-95.66616504713325,40.610575083625555],[-95.67268039518088,40.62496239700396],[-95.6835937229983,40.63972000781316],[-95.6988412669453,40.6531907804602],[-95.70612342813689,40.66302741640939],[-95.70797593290348,40.67013578280466],[-95.70780760416763,40.673711136790594],[-95.70364169483122,40.679055578906286],[-95.70065832044345,40.68269684039262],[-95.69903179827418,40.68893192831944],[-95.6938873893861,40.693344126331894],[-95.684352646368,40.697615117259446],[-95.68270514982954,40.70337307519369],[-95.69275328901071,40.71958182749096],[-95.70827633898452,40.73161248300982],[-95.73079909308473,40.746096607894124],[-95.73570962381388,40.75122245663299],[-95.74397843722741,40.77700277336428],[-95.74475288673568,40.78818474588885],[-95.74212053261687,40.80040249898603],[-95.7452937822167,40.808906300091564],[-95.74795930490924,40.82028185439203],[-95.7521220993791,40.822326277836005],[-95.76569407487165,40.83939874172634],[-95.7661563552634,40.84296345355573],[-95.76603095294807,40.847492504439934],[-95.76531831073524,40.85299038502501],[-95.76450651437446,40.856108274585864],[-95.7598361327492,40.86456068521053],[-95.75904378324753,40.86815544308719],[-95.75351944769322,40.8787717091857],[-95.75552271909717,40.889212514691565],[-95.75196551867086,40.894300892218936],[-95.75118236511042,40.89813405643105],[-95.75705754885742,40.903474428494235],[-95.77054442892982,40.91053673258156],[-95.78543609469226,40.9285294024636],[-95.78849154929456,40.93393621122875],[-95.7890461737044,40.939642171794596],[-95.78759338134512,40.949922671120916],[-95.78018354539279,40.96059023504116],[-95.77127572489056,40.9655694982238],[-95.76476974759524,40.96786945778176],[-95.74988881932515,40.96536591573791],[-95.74645392533823,40.96592518535576],[-95.74035976719674,40.97059622716271],[-95.73745508284843,40.976384654210875],[-95.73848905326955,40.99375694404254],[-95.74188771522903,40.99987287686199],[-95.74850931015764,41.0078168142846],[-95.76014936314292,41.01599590412816],[-95.76939598743252,41.01828233752689],[-95.77441067470113,41.02530855804924],[-95.78055394554717,41.02921346625404],[-95.78203220014844,41.03441972474027],[-95.78687874552844,41.037400880706386],[-95.79809290825764,41.04951777461893],[-95.81202115427794,41.07348769457929],[-95.81619269293978,41.08268067630024],[-95.81640630476274,41.087678678161616],[-95.81972708835724,41.099035905017054],[-95.81820567745935,41.10765202321648],[-95.8152827994071,41.120350891163795],[-95.8154275036945,41.138459737860416],[-95.81285833491309,41.14471911350909],[-95.8075760368621,41.146514294000184],[-95.8050058389201,41.152773518625715],[-95.8018049702873,41.15904803564788],[-95.79707950608001,41.16654839344369],[-95.79330940588446,41.166878619050436],[-95.78376561538657,41.17235618339307],[-95.7793116565276,41.17889454550174],[-95.77737782272615,41.18537645537264],[-95.7773046258292,41.191097422228935],[-95.77772780996115,41.201098052004376],[-95.785280045277,41.20806226627352],[-95.7945328027181,41.21045888725031],[-95.80729488494617,41.21372390637231],[-95.81696673951318,41.218490717402105],[-95.82308220823545,41.22859030419159],[-95.8333673137372,41.232863314197],[-95.84023689290943,41.23841310501225],[-95.84617167782851,41.24422427064961],[-95.84772286106787,41.25085968581242],[-95.84640440566473,41.25684998586157],[-95.84809526586216,41.25942898441996],[-95.85852847764673,41.274179259191776],[-95.86040773849385,41.28104487301457],[-95.85921458098544,41.289891665964035],[-95.86062950858135,41.30057844088361],[-95.86701264336816,41.309236654625096],[-95.88081655340649,41.321284361492374],[-95.88477285327095,41.33214575476727],[-95.88513010401937,41.34023785589907],[-95.88367649258434,41.3502846676464],[-95.88109087840706,41.354325684303845],[-95.87551454854238,41.35882871589209],[-95.86788005651668,41.35782600995707],[-95.86295065483725,41.360808273911076],[-95.8576702325632,41.37023395958492],[-95.85699305760055,41.37644702417463],[-95.86337341009033,41.38486671114316],[-95.86764927248001,41.38856977055896],[-95.87842810510176,41.39985984926377],[-95.87875188543258,41.40354424980989],[-95.87451512285304,41.40794164260615],[-95.8734391483153,41.41225543956819],[-95.87019189581865,41.4175780871031],[-95.86676396252622,41.426003243691746],[-95.86739459805125,41.433138353193804],[-95.87460321368955,41.45724771388634],[-95.87530845266603,41.461773628437136],[-95.88048670964447,41.47141104905143],[-95.88439021508265,41.48084604783334],[-95.88724976453595,41.48815918868191],[-95.891641459266,41.501395677461616],[-95.88986993774665,41.51144586988353],[-95.88521602274632,41.52085694556549],[-95.8809827430622,41.52548863139181],[-95.8789770129549,41.53030754844133],[-95.87898741590088,41.53769217465788],[-95.88250434184262,41.5454662128036],[-95.88691968390803,41.55202877944635],[-95.89556183727323,41.56086679923482],[-95.89764415720248,41.56486696702942],[-95.8979420091328,41.571528321624754],[-95.8979552369644,41.578917318522016],[-95.89696630058579,41.59228446148453],[-95.89402347180254,41.61165818246115],[-95.89524116451194,41.61758486692006],[-95.8944814317943,41.62189529341593],[-95.89577393036255,41.62948615516089],[-95.90232145610231,41.633846337637074],[-95.90857411953564,41.63869541286551],[-95.9131339399537,41.64120054745322],[-95.91993093753602,41.65103338303657],[-95.92286237552881,41.652629392518314],[-95.92808009698199,41.65559447553329],[-95.92945290396547,41.664848899126504],[-95.92999714032378,41.6698422072319],[-95.93967899946827,41.68007745044367],[-95.94603655498106,41.68706055777809],[-95.94625160628138,41.698730917392474],[-95.9483201621796,41.702253078708175],[-95.95401331370742,41.70854130718811],[-95.95951066306648,41.7105430926791],[-95.96536993876832,41.71348986246432],[-95.96741828398791,41.7165348824394],[-95.96922551798319,41.72125214004735],[-95.97129679226512,41.73168560098914],[-95.97617453801071,41.74776033173465],[-95.97332630659021,41.7549801872509],[-95.97692278981472,41.76394229211096],[-95.98592489221602,41.77276377577011],[-95.99170267335316,41.77380659279106],[-96.00471823128636,41.76965271108022],[-96.01557775507311,41.77274514051609],[-96.01930876194479,41.782139110613436],[-96.01739551976846,41.78885814388315],[-96.01246395909142,41.79232427527743],[-96.00922207035954,41.797889276047044],[-96.00393135040368,41.80732173353169],[-96.0041523082236,41.80992760451321],[-96.00237420498308,41.81616554205288],[-96.0026847510121,41.83488023388415],[-96.00124637413805,41.84527887417062],[-95.99152030520759,41.86221131986121],[-95.98428965569754,41.87121613710385],[-95.9819528359219,41.87580222895057],[-95.98058006909817,41.88618087404702],[-95.97580498290257,41.89321664549541],[-95.96869295639094,41.8992590534002],[-95.96013740605545,41.914253845137274],[-95.95980387424687,41.92326356141644],[-95.96038751659114,41.932213579245754],[-95.96259251908162,41.95350438972657],[-95.96106547939307,41.96188297408872],[-95.95865800710928,41.96504301096892],[-95.95749599975566,41.97119225470984],[-95.95890382539177,41.974015208287334],[-95.95867329359389,41.97593033149686],[-95.95682572546,41.97740535473665],[-95.95535210098637,41.98006394863343],[-95.9540477025977,41.98771624016699],[-95.94831639555359,41.99566701161839],[-95.95918644391999,42.002776122066365],[-95.9602663516554,42.01228069076949],[-95.96745017182371,42.02049725332662],[-95.96758202058055,42.03062062165793],[-95.96565142825501,42.04083335458292],[-95.97090325910686,42.05026131945422],[-95.98086750730032,42.060201512462775],[-95.99680708678564,42.072308225612716],[-96.0069037768863,42.08220661835251],[-96.00647462536277,42.0878868286441],[-96.0016021323401,42.09626800986248],[-95.99413519086616,42.100749849991956],[-95.98970260495634,42.10896144142525],[-95.99188600618706,42.127734911492624],[-95.99621363262644,42.13823481415898],[-96.00439636461476,42.14803921105575],[-96.00883310855966,42.156892243831955],[-96.01793644596907,42.190040404431095],[-96.02263451890488,42.19359530277364],[-96.02396846206625,42.201421788237425],[-96.0272209221129,42.21006210600631],[-96.03405317034334,42.22620809267052],[-96.03718691837354,42.23626055621764],[-96.04155654232854,42.25580765334176],[-96.04609745349663,42.26352155886936],[-96.05352213330201,42.26673242655015],[-96.06717094527404,42.268682261005765],[-96.08117947676095,42.27615445454098],[-96.08610339342472,42.277881516614045],[-96.09758590517647,42.27947628967429],[-96.10334261164824,42.28361147447623],[-96.10961239124558,42.291604640197555],[-96.12919346166176,42.30919882553559],[-96.13939070678201,42.31655618262199],[-96.14501863965143,42.319972346675065],[-96.15443591539145,42.328529403731636],[-96.15608768924163,42.33347720846857],[-96.16315646000783,42.34234582636302],[-96.16510649748562,42.349203320196985],[-96.1674355128959,42.3508048802114],[-96.1755915648044,42.36367686479605],[-96.17823358547882,42.37146494949153],[-96.18484448537005,42.37748577767986],[-96.19503198977931,42.379574905992534],[-96.21201516362079,42.378622713125885],[-96.21508052580349,42.378068464923864],[-96.2193372442399,42.37961933483381],[-96.22964757345892,42.39266992259807],[-96.24013402512362,42.40045119136528],[-96.25337013298041,42.40669013326134],[-96.25955567003567,42.411597565274974],[-96.26349380823994,42.41146743673986],[-96.26996381141983,42.411706170184274],[-96.2809867152173,42.41547470472209],[-96.29075778813457,42.421894037304526],[-96.30100070583593,42.42327872998624],[-96.31650653382485,42.42234459040012],[-96.32395474359646,42.41951731164291],[-96.33393844249764,42.41374775775596],[-96.34196883790683,42.40755708836025],[-96.3502133016465,42.40541175809066],[-96.35411557774815,42.40624757264634],[-96.36059676969872,42.408804078674386],[-96.35357111781823,42.4141246872679],[-96.35359683967552,42.43068370371072],[-96.3623256955349,42.445555774996286],[-96.37211212287602,42.45408368545287],[-96.37945607733488,42.46285841910999],[-96.38336398273472,42.47540813065541],[-96.37948599842933,42.48125861736158]]]},"properties":{"LANDFORM_R":"Missouri River Alluvial Plain","Acres":619562.269945,"Hectares":250727.95512,"tooltip":"Missouri River Alluvial Plain"}},
{"type":"Feature","geometry":{"type":"Polygon","coordinates":[[[-93.1128970409269,43.49920923444671],[-93.11293573532934,43.49965040589624],[-93.2408203540598,43.499597977921155],[-93.2803115142082,43.49939945803519],[-93.35991893488837,43.49939205480981],[-93.4387638116342,43.499566274992745],[-93.55703883187313,43.499563943150825],[-93.65653024731658,43.4996211421809],[-93.74991756520163,43.49950590967218],[-93.75368773089026,43.49970626095665],[-93.81324518055474,43.499568894931926],[-93.89230309074821,43.49963736090983],[-94.00037105612257,43.49982450267156],[-94.10813786227261,43.50012751541981],[-94.25053346151377,43.500162530028085],[-94.34436152801706,43.50014259432059],[-94.54241739561861,43.500515150722684],[-94.5608628968375,43.50038191059155],[-94.62539498332184,43.50071638679944],[-94.7184763113269,43.50085901818427],[-94.7979155520036,43.50108764649991],[-94.83772786352517,43.50079725740151],[-94.95440422623594,43.500907485458676],[-95.0918590487856,43.50088061118339],[-95.15113630185196,43.501050775048725],[-95.23104871728698,43.500609439463005],[-95.2891681493781,43.500505149928685],[-95.34872122041477,43.50017062169308],[-95.38780740566081,43.50024333464951],[-95.46736663775364,43.4999495233919],[-95.50466256768497,43.500038837250294],[-95.58462225944417,43.49973531352709],[-95.64324809735727,43.49990715367145],[-95.70353245993665,43.499865591267415],[-95.70600243337736,43.49506677528184],[-95.70621358358031,43.49449005105898],[-95.70692987368898,43.49267688208599],[-95.70723119436308,43.492120529128094],[-95.70987246800803,43.483959246253626],[-95.71001367375753,43.48348771363132],[-95.7118257709076,43.47975327735403],[-95.71357279498434,43.47715030282022],[-95.7143017980026,43.47625964821701],[-95.71644684717606,43.473206002443575],[-95.71817232534536,43.469036849452834],[-95.71833197316708,43.46827225174083],[-95.71842626393652,43.4651457721323],[-95.71712736968102,43.462056918862324],[-95.71378058644854,43.45520367051401],[-95.71364801751808,43.45487368520356],[-95.71338318721492,43.454168688784605],[-95.7132727473036,43.45391020634065],[-95.71234599107015,43.45212698138379],[-95.70944694415364,43.44802707049371],[-95.70853588800506,43.44693671699551],[-95.70686489557808,43.44474790698879],[-95.70545429441307,43.440896245206105],[-95.7051384820721,43.440057379885694],[-95.70491813416521,43.43943684317566],[-95.70407119885759,43.43803881154516],[-95.70298631485076,43.434895196434326],[-95.7023879922408,43.42944414430716],[-95.7022042044209,43.42896679481079],[-95.70191944290326,43.42805965748117],[-95.70014303651801,43.423847413567344],[-95.69924342930702,43.42245508718692],[-95.69579114814177,43.41800321361278],[-95.69547868930829,43.41754689339546],[-95.69409096188431,43.41514411768454],[-95.69339941451598,43.41411148688144],[-95.69169421111458,43.412422945799214],[-95.68963918176551,43.41153943253441],[-95.6846659856702,43.41061189849475],[-95.68014386422006,43.40600457832834],[-95.67197714716399,43.400095738518175],[-95.66058164841115,43.395684064511826],[-95.65902037943451,43.39472097369403],[-95.65306203871074,43.39287406916927],[-95.65190744731234,43.39269376900378],[-95.65000702321687,43.3922831436554],[-95.64433506578536,43.390559696197904],[-95.6391884334937,43.38479017042283],[-95.63752126158008,43.3839147605129],[-95.63220793925629,43.38320435336661],[-95.63158237276639,43.38306568885451],[-95.62492113207826,43.381368532544855],[-95.61679221380275,43.37903830440689],[-95.60841700599745,43.37518697340348],[-95.60783222682655,43.37506975681413],[-95.60653126773359,43.37465823459012],[-95.60503361405779,43.37362541649907],[-95.60205205135354,43.37290547177466],[-95.59905728450983,43.37368037571881],[-95.59866133086855,43.37376590680998],[-95.59172577418045,43.37490022148915],[-95.5875840924304,43.3764211170889],[-95.58231726195858,43.37700387284184],[-95.57731163025137,43.37917416943243],[-95.57422075567047,43.381202116752235],[-95.57301224018713,43.381386882931594],[-95.57081832521763,43.382107010651524],[-95.56411734416847,43.38485056016965],[-95.5438051663211,43.38154514423365],[-95.54203133258778,43.38081476497316],[-95.53970310627288,43.37976803289441],[-95.53809613872971,43.378615208085705],[-95.53683261144526,43.377796886823],[-95.53499309344055,43.376550134160965],[-95.53427692125241,43.37618334569133],[-95.53367496966666,43.37569697224105],[-95.5314912549905,43.374453285849235],[-95.52752872937316,43.371799269902276],[-95.52379417285876,43.368514315716176],[-95.5215194765546,43.364737860064515],[-95.52080133165279,43.36101259231674],[-95.5184400859274,43.35562628536652],[-95.51698472378331,43.354262726383695],[-95.51671557132751,43.35391749896267],[-95.51537475035805,43.35201116591243],[-95.51130536517309,43.35084455639902],[-95.50653708772629,43.34879723433381],[-95.50504107124873,43.348271771501594],[-95.5028517885653,43.34815763353249],[-95.50157077778752,43.34828470308729],[-95.5003327467946,43.34850085752056],[-95.49620112428948,43.34878467768572],[-95.49418734304862,43.34854048091833],[-95.49276836982312,43.34827428394169],[-95.49041154661008,43.34765482997416],[-95.48879457497739,43.347212816018114],[-95.48518589500293,43.34777298290043],[-95.48476948555427,43.34825473366502],[-95.48008790806541,43.35046774653523],[-95.47650972014792,43.35239107022471],[-95.47607773406703,43.3528146014023],[-95.47541242181717,43.35326569027213],[-95.46908731864366,43.35942150220354],[-95.46653279052497,43.35798196785473],[-95.46610529542583,43.35750047265682],[-95.46393594446961,43.35550333587067],[-95.45573635701996,43.35103814512829],[-95.45503621647873,43.3483429935201],[-95.45054298735633,43.347282333244],[-95.44807892777708,43.34783931264313],[-95.44392980836916,43.34793253378181],[-95.44186285872208,43.34691421007907],[-95.43910760149711,43.3463247078653],[-95.43775986729035,43.34636694234453],[-95.43642612240505,43.346296313746336],[-95.43573241246132,43.34621654530667],[-95.42763680649519,43.34630759892136],[-95.42105644201865,43.34221969837076],[-95.41727805295275,43.3424076479843],[-95.41474269668755,43.34262776674294],[-95.41398239488811,43.3426753268758],[-95.41222912717137,43.342833863977994],[-95.40935962738047,43.34280429572063],[-95.40814402758923,43.34250124651085],[-95.40669343746073,43.34203655474774],[-95.4035181970644,43.34084275459288],[-95.396180121639,43.33907434150645],[-95.39308604687116,43.339917951360405],[-95.38601285782416,43.34578772616929],[-95.38054217433205,43.34625735519415],[-95.37833371206601,43.34223798853836],[-95.37354516388996,43.339775802298874],[-95.37492508889963,43.33870270012221],[-95.37069260778432,43.3380971770732],[-95.36969090495342,43.33822147633429],[-95.3679781901179,43.33800482763315],[-95.36242200342235,43.335499529344865],[-95.36064854681301,43.33518498012541],[-95.35809269186849,43.33501258875338],[-95.34533999059808,43.33637772483877],[-95.34380391818995,43.33662079885594],[-95.34088016604734,43.3367661977659],[-95.34009634751703,43.336773228812184],[-95.3378401966018,43.33636465071941],[-95.33666142254012,43.33589351033428],[-95.33542992583095,43.33537391168649],[-95.33283631110771,43.33274362224664],[-95.33156286098635,43.33024844854945],[-95.32928268437128,43.326954390549574],[-95.31990471736493,43.32515953330881],[-95.31796547201856,43.32474863458857],[-95.31495555209423,43.32421530572006],[-95.31347008718782,43.32410128640428],[-95.31031194967994,43.323967010705765],[-95.3080966290673,43.32403873398527],[-95.30277683010404,43.32555956627496],[-95.30236930804048,43.32546422066365],[-95.30097859498918,43.324695336518175],[-95.29977669006996,43.323985668785525],[-95.29852180479845,43.323250040247835],[-95.29481728249321,43.321028358318124],[-95.29289181847594,43.32027910207588],[-95.28342052441778,43.31758269528645],[-95.27689442871701,43.31599746322614],[-95.27519968606275,43.31607169295561],[-95.27328572381455,43.316064714053596],[-95.27225389330326,43.316193258646564],[-95.26399812299238,43.31840984617071],[-95.25715325781226,43.31777972572928],[-95.25128705305306,43.31863363258939],[-95.25072839906446,43.31846003819319],[-95.24856780988014,43.31807931779506],[-95.24765406784462,43.31798471596949],[-95.24591262178626,43.31809093818905],[-95.24478353948788,43.31827066316392],[-95.24045473324854,43.32155645999698],[-95.23867248002722,43.322370195289324],[-95.23340146727261,43.32165831066519],[-95.23116042594462,43.32248088176122],[-95.23029409256698,43.32265083892031],[-95.22881902747034,43.32283714862105],[-95.2275300887333,43.322970293901214],[-95.22308936473806,43.32371844761663],[-95.21739559399329,43.31697675626017],[-95.21291194310069,43.317383187623996],[-95.2066095774717,43.32324952492868],[-95.20408929626679,43.32586877516037],[-95.20258520567629,43.32729337549046],[-95.20210575304885,43.32775280936518],[-95.19815172532282,43.32967017223318],[-95.19704207648113,43.32916924016344],[-95.19625434381545,43.32580330285876],[-95.19552143162926,43.32410657686281],[-95.19379690881703,43.32366242732708],[-95.18891611017943,43.324125053915274],[-95.18542211334909,43.3232373871901],[-95.18373397742504,43.322558282205115],[-95.18177477831973,43.321659215733376],[-95.17823794019827,43.321636544593126],[-95.17671325128619,43.32171057425517],[-95.17630683499331,43.32170479706843],[-95.17478423577343,43.32264766342829],[-95.17160805408508,43.322613431117134],[-95.16669205748398,43.32948224062756],[-95.16579026278175,43.33420398319569],[-95.16383574810013,43.33692419304047],[-95.16277579383042,43.33736292248121],[-95.15892876892195,43.33793529074875],[-95.15692316937381,43.33722126112007],[-95.15279230652078,43.335588250752245],[-95.14880481440477,43.33478978529562],[-95.14085087135449,43.332521230755496],[-95.1320417711868,43.33031757602213],[-95.13103896318626,43.33005712315722],[-95.12697479985854,43.32794921083138],[-95.12682777399675,43.3274251981584],[-95.12608732890365,43.32234258291709],[-95.12385773377217,43.3217221701856],[-95.12307350588416,43.32150261101899],[-95.12117305932854,43.318710528937935],[-95.12120868778771,43.31837221101583],[-95.11795180839542,43.31173789509605],[-95.11707598509788,43.31069610294521],[-95.11653538042556,43.31000827420355],[-95.11540780090985,43.308872077501476],[-95.11322055877031,43.30737726112887],[-95.11178197143697,43.30645836866373],[-95.10968513488399,43.30574518315912],[-95.10706061048226,43.305325307416254],[-95.10563965958858,43.30394229412008],[-95.10537225358641,43.30357353735628],[-95.10494926831187,43.30039381742471],[-95.11062914471046,43.2927976964659],[-95.11153554188267,43.29122774733581],[-95.1149883310711,43.2860540907662],[-95.11447533162226,43.27709532684936],[-95.11303233195348,43.27413705785978],[-95.11173463141083,43.27177937483565],[-95.1072197231565,43.26376322297818],[-95.10559240562108,43.26251905931086],[-95.09718447603878,43.25684311491391],[-95.09523593819708,43.25357421360849],[-95.09317560868637,43.25328324581145],[-95.09288288821577,43.25013258601523],[-95.09059112570063,43.247743345418684],[-95.09030044685599,43.24750554210522],[-95.08991582697644,43.24705335427948],[-95.08838137903041,43.242736870360105],[-95.08805111598586,43.242387231642084],[-95.085284930799,43.240348692598104],[-95.08491830528551,43.24007173987806],[-95.08407113169712,43.239528908736816],[-95.08084084481189,43.23618410516568],[-95.08023577781974,43.23507408650213],[-95.07702056177754,43.22777608095375],[-95.07873938790749,43.22682196234823],[-95.07932321299549,43.22693741891437],[-95.08029214745713,43.224223077143435],[-95.08011773895569,43.223631972332655],[-95.08077556026716,43.222530517530465],[-95.08017719168524,43.221330332627595],[-95.08500543943056,43.2194056630189],[-95.0873880554489,43.219479303388056],[-95.08777227078171,43.21935074194356],[-95.09424433491627,43.21496007340283],[-95.09744589346887,43.208639078168815],[-95.09882418892317,43.20664190972408],[-95.10261190171978,43.202326951475655],[-95.10412709749177,43.200952993560904],[-95.1058559772096,43.19971014802181],[-95.1073654603449,43.19847581664954],[-95.10837054799839,43.1968365625198],[-95.10974426961319,43.19186796657516],[-95.11014731245083,43.189915636728045],[-95.10627612306074,43.186011567255534],[-95.1061424510877,43.18563585021372],[-95.10474355257686,43.18398229184623],[-95.10597019757203,43.18090731600524],[-95.1037193237802,43.17827894841477],[-95.10334742019822,43.17816422396338],[-95.10139228062279,43.178848424342895],[-95.09769233852681,43.17904232573668],[-95.09650577718759,43.17849229053137],[-95.09596986870494,43.17689935337025],[-95.0963599833549,43.17615386694518],[-95.09571874536361,43.17457186050801],[-95.09311065179794,43.17503826100818],[-95.09243900631247,43.17509555753015],[-95.09002533459166,43.17429774542304],[-95.08937148785782,43.17346778425977],[-95.08916340627134,43.17316093560603],[-95.08875064752874,43.1722635422633],[-95.08804974522059,43.171303870399626],[-95.0854834159074,43.16539434757436],[-95.0851033056546,43.163577914002246],[-95.07834558600997,43.159387739054374],[-95.07530083941462,43.15822738804277],[-95.07439368432676,43.15818079526597],[-95.07295553054365,43.158526489120206],[-95.07099270222362,43.15973705775418],[-95.06875195561975,43.15769307916081],[-95.06567026230113,43.15830247178499],[-95.0632592017131,43.158773640640774],[-95.06083880987259,43.159677130278226],[-95.06004599795854,43.15970490184684],[-95.05335811417932,43.15779906377689],[-95.05242144103303,43.153174164056814],[-95.04966280620037,43.14841980095569],[-95.0424763848545,43.144064074901884],[-95.0399876411057,43.14199243109954],[-95.03948139257486,43.14139816156014],[-95.03853283569708,43.140456094953436],[-95.03599902272958,43.139564725388084],[-95.03459551656998,43.13907192279967],[-95.03337205698291,43.1390486310306],[-95.0311981922261,43.13913673185902],[-95.03068496110139,43.139163842139645],[-95.03102436874839,43.13675367943259],[-95.03131638094548,43.135384350879086],[-95.03153059676922,43.13498436239619],[-95.02693265814075,43.13505682922382],[-95.02381369996058,43.13385138809737],[-95.02105063366467,43.13208581706543],[-95.02027020379344,43.13186097307803],[-95.01790578628516,43.13239789451361],[-95.01791886978904,43.13404545013307],[-95.01516045763249,43.138100930501786],[-95.01307815885474,43.13887140143262],[-95.01210893356834,43.13866782912968],[-95.00472428270932,43.14117896945884],[-95.00314711241242,43.140045013197955],[-94.99987993073839,43.139507833477744],[-95.00000008761432,43.13863231736191],[-95.00073387342516,43.138074737979544],[-95.00124931069192,43.13710227249277],[-95.00019368285693,43.13528383781944],[-94.99760665193728,43.1358017433895],[-94.99721747603078,43.13601563378279],[-94.99423409994736,43.13704912130424],[-94.98863778534577,43.1356652821912],[-94.98703986670425,43.13545441947181],[-94.98584895565995,43.135222967153446],[-94.98417709025496,43.13445958236885],[-94.9801476863148,43.13442130971917],[-94.97473225984712,43.13519019078429],[-94.9670808387756,43.13292679301179],[-94.96638803181175,43.13050302890584],[-94.9640974122575,43.12482461065467],[-94.9647043857645,43.121752721378044],[-94.9646764492711,43.12138402320518],[-94.96450544782589,43.12059007453858],[-94.96414969002322,43.11970024823637],[-94.96366624633882,43.11816880098595],[-94.96365564943898,43.1161204953619],[-94.9638160716489,43.11531185461816],[-94.96403911104902,43.1136872460027],[-94.96550614526865,43.11114985256803],[-94.96556089867842,43.10924899469409],[-94.96340027020075,43.10724658883979],[-94.96072735848153,43.1055050389947],[-94.95844816591138,43.10465262431997],[-94.9569321557179,43.10425984850927],[-94.955395908553,43.10393042874113],[-94.9547353236064,43.10382015204817],[-94.94912840702773,43.104325458044485],[-94.94000590491214,43.11214763908268],[-94.93615215756256,43.1138201640665],[-94.93529516926884,43.11415881284001],[-94.92874073351692,43.11082526999954],[-94.92621959738987,43.10973317106694],[-94.92496718695477,43.10953813372995],[-94.91572313111095,43.107901338436804],[-94.91432869866662,43.107078254742945],[-94.91395088703219,43.106625349097186],[-94.91293336848074,43.10444979119414],[-94.91273921375246,43.10027500235951],[-94.91420758805863,43.09905287515313],[-94.9215353014694,43.09743988458091],[-94.92572176881878,43.09802235375052],[-94.92621878846244,43.097536759456766],[-94.92641028007912,43.09717786400948],[-94.92759268856125,43.09467274993738],[-94.92889220126395,43.09338124229284],[-94.93000299202689,43.09252511230811],[-94.9318877120508,43.09070144809211],[-94.93244586276464,43.09024631017513],[-94.93627080179822,43.089749468027655],[-94.9404564961291,43.08944448009902],[-94.94859233921224,43.083953172844275],[-94.95048718836286,43.080683823736365],[-94.95499723234819,43.07930125487739],[-94.95922705784221,43.073529156943486],[-94.96134531306677,43.072164735494354],[-94.96761975288089,43.06250788947494],[-94.96360788120452,43.054720412743606],[-94.96561410512467,43.052106215925036],[-94.97299909463796,43.04930036532526],[-94.98069893505314,43.05164812950233],[-94.99032820765561,43.04532209951392],[-94.9969292448629,43.041731439477324],[-94.99746493460287,43.03788170276353],[-95.00240448598746,43.038097085077254],[-95.00229438117752,43.03498347421805],[-95.003006403227,43.034867475363214],[-95.00488267448183,43.0339161996855],[-95.00588061868332,43.033781671808],[-95.00656471290021,43.03371566424124],[-95.00839641471602,43.032612036185256],[-95.00944211770225,43.032355079960396],[-95.01172113755979,43.03023505358648],[-95.01155480765084,43.02917094788719],[-95.01154826579923,43.027608791483765],[-95.01170052536287,43.02711537539225],[-95.01194897839245,43.02586839816439],[-95.01172538812709,43.02399039482727],[-95.0124400622699,43.02252812522045],[-95.01393486378745,43.022722464722285],[-95.0158415036272,43.020559375954065],[-95.01928802445431,43.01787837882326],[-95.01968322243259,43.01741668684868],[-95.02535592013727,43.01283681518072],[-95.02646963772521,43.01259650997209],[-95.03113393224724,43.01194212153247],[-95.0337170960645,43.01113541474717],[-95.03506482249998,43.007928403180834],[-95.0387707354796,43.003607898560276],[-95.04033591554963,43.00247698502239],[-95.04379099520557,43.00108723664126],[-95.04686900104967,42.99940696685384],[-95.05111205863096,42.99827303415204],[-95.05238709084163,42.997039079721176],[-95.06019549096378,42.99520605308591],[-95.06142597563027,42.994481558362395],[-95.06482642687085,42.99067440268487],[-95.07516179276985,42.988574164142406],[-95.07621116557621,42.987830279066316],[-95.07863628175808,42.985247000577644],[-95.07994165828187,42.9838230896105],[-95.08103806604386,42.98337545790324],[-95.0830065607363,42.983443233182044],[-95.08585616385143,42.98078904836377],[-95.08635391068458,42.97992454564464],[-95.08735499599344,42.97836201693096],[-95.09081282429987,42.97668262810915],[-95.09598621438893,42.9782089173774],[-95.10033540158571,42.97624278929295],[-95.10567861347829,42.97347482559919],[-95.10557423754396,42.97068531116518],[-95.1048308733045,42.96995609097982],[-95.10500979655652,42.966404979764214],[-95.1050972568477,42.96516073342219],[-95.10426562356977,42.96190733075789],[-95.10363179686122,42.96062230423552],[-95.10335908226945,42.960073526698366],[-95.10241997735592,42.958384386794805],[-95.10212385161265,42.95780001723783],[-95.09916131287271,42.95545910792991],[-95.09733373599899,42.95459662074717],[-95.0921101597097,42.95071658491372],[-95.0904757374004,42.94507348796319],[-95.08981179881114,42.94281642667178],[-95.08937065563937,42.94143775484921],[-95.08918978395361,42.940936792234446],[-95.08865245679551,42.939839016089905],[-95.0883423810008,42.9352657929269],[-95.08906680067982,42.933289564898004],[-95.089872552036,42.93126232227361],[-95.09171658259999,42.92890095594278],[-95.09143259919377,42.92608767403338],[-95.09101409397174,42.91976051238183],[-95.09028917240406,42.91627991851905],[-95.09064515893206,42.915926741385896],[-95.09080756539996,42.91467212362953],[-95.09009615749898,42.91421686072196],[-95.08993714269162,42.90825414191595],[-95.09097740464112,42.90726265017554],[-95.09785939165724,42.903796080104144],[-95.0988259455183,42.903548755565595],[-95.10057863621665,42.902814262890544],[-95.11093878362755,42.899413643069586],[-95.11147713144734,42.89751272975824],[-95.11163428099572,42.89703708504553],[-95.11244320923106,42.894924069845196],[-95.11372666852208,42.89287883382363],[-95.11671400113896,42.88977557283391],[-95.11924473372981,42.88833304967853],[-95.12118761295314,42.887707280765945],[-95.12407816755682,42.887198982293434],[-95.12556988391198,42.887144299383316],[-95.12665150562364,42.887182755862],[-95.1312501967697,42.888862220332825],[-95.13619289195975,42.895865882998706],[-95.14570397656257,42.891721545454885],[-95.147173580091,42.89110419934627],[-95.14770304964595,42.8908781604034],[-95.14881345638412,42.890321555335085],[-95.15025560667314,42.88938951896052],[-95.15089013443117,42.88914798607805],[-95.15236163605752,42.88767508805251],[-95.15350960187719,42.88667199724504],[-95.15491207841636,42.88558306479719],[-95.15556372248959,42.88502151585559],[-95.15890216560206,42.88197357733354],[-95.15990570010585,42.88133333316538],[-95.16843795166082,42.878223087106925],[-95.17384755096023,42.87847624506141],[-95.17999372481955,42.88111939670681],[-95.18218022839304,42.8826310817926],[-95.18680982639115,42.888044684277844],[-95.19059527630905,42.89508158184765],[-95.19432954603163,42.89842739611322],[-95.19976713744421,42.89937215067799],[-95.20179860829175,42.89913051441113],[-95.20587156267025,42.89793106656586],[-95.20822184159326,42.895170862312234],[-95.21207269037468,42.89189088352285],[-95.21257766533253,42.891574970270355],[-95.2162103144848,42.88783532232816],[-95.2226932285283,42.88398625727279],[-95.22328151316881,42.88234948769679],[-95.22457031532277,42.87993371041535],[-95.22962709697597,42.87617046741048],[-95.24299882860366,42.87413097312398],[-95.24432762511424,42.87440660385443],[-95.2544765596225,42.87676459754779],[-95.25642823482542,42.87684770941106],[-95.25723175193696,42.87698494914105],[-95.25907400405634,42.879060216346346],[-95.25954046468884,42.87965882874165],[-95.26210995254037,42.881075851756364],[-95.26343133640864,42.880995704510255],[-95.26782801606015,42.87994518422075],[-95.26873515550209,42.879337401227936],[-95.27125395643685,42.877594569492736],[-95.27291127289052,42.876953857917734],[-95.27557589421052,42.87681087447816],[-95.2759360627194,42.876835230960076],[-95.27915326799213,42.87547904850186],[-95.27886744299022,42.87475085500276],[-95.2780500499512,42.87258348130965],[-95.27730569054849,42.87166180091875],[-95.27458648182055,42.86890638906365],[-95.27406866540666,42.86789013804135],[-95.27421557130923,42.867536035641365],[-95.27458798485735,42.86602034587116],[-95.27336800185309,42.86206899144842],[-95.27263178503802,42.859445221877245],[-95.27301553898488,42.85709186986809],[-95.27315854072116,42.8559229170961],[-95.2741121926153,42.85125753202382],[-95.27418988091516,42.849945798486694],[-95.27348443270347,42.846186819314475],[-95.27319237070076,42.84561631432416],[-95.27257819576666,42.844520922144945],[-95.27233781498035,42.84403493405317],[-95.27462779369091,42.840202962368714],[-95.27494397586962,42.84006611145953],[-95.27642814926605,42.83992405284987],[-95.27713300893757,42.839865012644296],[-95.27806937074519,42.83981036698736],[-95.27952643757257,42.838889896152985],[-95.2797801897131,42.83840759177229],[-95.27725098912772,42.835508864805796],[-95.27888698631249,42.830730803653054],[-95.28071076581624,42.82755182621593],[-95.28033560816353,42.825947444057284],[-95.27704456804602,42.820213860620704],[-95.28083616290627,42.813141680116686],[-95.28220997719183,42.81224084295519],[-95.28376378237901,42.81076909797378],[-95.28535369469152,42.80710394432151],[-95.28485909947713,42.80603323866931],[-95.28458236400277,42.80547145788199],[-95.2858179116828,42.79977377727126],[-95.28612324541699,42.79761553371532],[-95.28168862438862,42.79580396267264],[-95.28131367608249,42.79362776523676],[-95.28459207870702,42.791239167008975],[-95.28660119668503,42.789789814924966],[-95.28706974162618,42.7882991661316],[-95.28681496349704,42.787781974497705],[-95.28031926934257,42.78464274784565],[-95.27999886332955,42.78289768769196],[-95.2845100222381,42.780543073565916],[-95.28652985702206,42.78052527656818],[-95.28779463600098,42.7804504911087],[-95.28969500216445,42.77926439715702],[-95.28856619790066,42.77864311449799],[-95.27958045312074,42.77893938738076],[-95.27819347271151,42.77862930473295],[-95.2790101356087,42.77515970021157],[-95.27701445877581,42.77230883962706],[-95.27515068087519,42.77023874407084],[-95.2761226135022,42.76745044003806],[-95.27506639385248,42.76592259027116],[-95.27189294824133,42.76670597214834],[-95.27114146800042,42.766428218249516],[-95.27021805467743,42.76339837916353],[-95.26932316043086,42.761565613338234],[-95.2697403374493,42.76057581616233],[-95.27277217587606,42.75864268176019],[-95.27246616270143,42.755839233533166],[-95.27025312272785,42.75530230496766],[-95.26794170781262,42.75376323715121],[-95.26751287066196,42.75286223454286],[-95.26752573847023,42.75242974543178],[-95.26787600501522,42.75142777118193],[-95.27052619219633,42.746467576971355],[-95.26951040611374,42.744182437627934],[-95.26942298919295,42.74386899588026],[-95.26943159825893,42.7414059670317],[-95.26968880877679,42.7408695775572],[-95.27007481769752,42.740128023217856],[-95.26978156846668,42.738139233489704],[-95.26772079222141,42.73805398073466],[-95.2671602937523,42.738114603192905],[-95.26628390263245,42.7384741349713],[-95.26246361987162,42.74012102374083],[-95.25981773224868,42.74039837839404],[-95.25882475097056,42.74031440700884],[-95.25407954261219,42.73956141551971],[-95.25158125406149,42.73355019415396],[-95.25092010548572,42.730839177300396],[-95.25022519773026,42.72936700564166],[-95.2500165175707,42.72861018195779],[-95.24924792613747,42.72749514705719],[-95.24884536396696,42.72691772489498],[-95.24782304204018,42.72540243524902],[-95.24704029820869,42.724094054841096],[-95.2444963948163,42.720631968797626],[-95.24245134673832,42.71930325409961],[-95.24130171639501,42.718663882125625],[-95.2389731611845,42.7173856756692],[-95.23783096289162,42.71672811319934],[-95.23713720264924,42.71607078841495],[-95.23579420221469,42.714836302339606],[-95.23554829772287,42.71441786487219],[-95.23519093832793,42.71333973215406],[-95.23510235149432,42.71244546044357],[-95.23505788832932,42.71195105145415],[-95.23264515063605,42.705973729567766],[-95.2284499878431,42.698374104901234],[-95.22760894167445,42.69642736002135],[-95.22734828708396,42.695838094325175],[-95.226977600306,42.693643564851754],[-95.2271566583443,42.693455480684385],[-95.22791906599187,42.69269323821264],[-95.2274208587559,42.69096494927464],[-95.22229719165074,42.68725980642612],[-95.2201763461608,42.68247420693205],[-95.21955255759258,42.68019900424182],[-95.21123761700142,42.67525389899419],[-95.21073665742536,42.670720499578444],[-95.20981996396553,42.66993673011915],[-95.20631625823927,42.6677394699403],[-95.19992759699264,42.66385053893322],[-95.19658264296886,42.66064135678944],[-95.19527884045888,42.659509187420895],[-95.19309748154448,42.65687193850917],[-95.18952669283713,42.6551256965869],[-95.18572551443238,42.65310908105384],[-95.18499117699362,42.65098436950634],[-95.18210133136691,42.64852700856029],[-95.18190016245751,42.648301208538975],[-95.18127497514412,42.647646731863354],[-95.1804185965332,42.64681204599587],[-95.17858965937924,42.64392016494371],[-95.1775922572695,42.64270091742547],[-95.17644793780684,42.640579434736836],[-95.17583966439395,42.63887550671298],[-95.17501541328814,42.633564609445145],[-95.17380301400996,42.63197569317093],[-95.16845485122921,42.62883516825792],[-95.16759582521908,42.62432182314844],[-95.16728267500079,42.62284189341219],[-95.16771381551678,42.6222979307315],[-95.16685004067143,42.621355216727665],[-95.16608191295492,42.621104086385145],[-95.16683068553976,42.61872156938406],[-95.166367862887,42.61623138324117],[-95.16590605138022,42.609549261217985],[-95.16448023691433,42.608509086284165],[-95.16402428888584,42.60648702664167],[-95.1623104630192,42.60304337223943],[-95.16191023041935,42.60287081960147],[-95.16152123265387,42.601833554424374],[-95.16358317111673,42.60147045607638],[-95.16508694540804,42.60140153132361],[-95.16471993834878,42.60059349403894],[-95.1620909845673,42.6004540156835],[-95.16036424003904,42.59980218579044],[-95.16026643928146,42.599529370775656],[-95.15999680643156,42.596499698822065],[-95.161253374041,42.59439580397924],[-95.1574445302977,42.58968130172637],[-95.15212675172074,42.58784516851471],[-95.15058476491107,42.58587495607146],[-95.15048577297718,42.58279702568774],[-95.15273386065535,42.57920675670601],[-95.150263155908,42.57632193643768],[-95.15098175022243,42.574430858683385],[-95.15118643948865,42.57329685873591],[-95.1508208266521,42.5692738734204],[-95.1486808780458,42.5659730665268],[-95.14682691973678,42.56402215188252],[-95.1462031783938,42.56284063761052],[-95.14583862130262,42.56085730149214],[-95.14427679671692,42.55793730979256],[-95.14456230219594,42.557004425124106],[-95.14341214533961,42.552640374527044],[-95.1429337736593,42.55208649046127],[-95.14164496216988,42.550327536611135],[-95.14149059269883,42.549898167799455],[-95.14078072504462,42.54377432934634],[-95.14075072024852,42.54327509631867],[-95.14175460348984,42.53792070573084],[-95.1395307749784,42.53198272221163],[-95.1388911582645,42.531013082296326],[-95.13799270308259,42.53008428850775],[-95.13463602272817,42.526621275925095],[-95.13420079956504,42.52626466576525],[-95.13131110408592,42.525233297183],[-95.13086006047226,42.52509309593461],[-95.12909815014743,42.522158586435985],[-95.1312156794303,42.51870171160537],[-95.13205050926577,42.51746596377757],[-95.13248797576888,42.516638340600295],[-95.13310279710754,42.50818890292329],[-95.13518736709392,42.50566011250421],[-95.13430649667261,42.504307706462356],[-95.12668733560137,42.503679371549666],[-95.12750004630793,42.50093116600376],[-95.12462701694353,42.49924192473445],[-95.12410375437004,42.498288054080774],[-95.12499225566737,42.496619109863154],[-95.12515357842811,42.496116323831956],[-95.12338085789388,42.49268212862151],[-95.12315598646146,42.49174523770899],[-95.12372690635831,42.490266793116724],[-95.12331296649432,42.48960806754754],[-95.12172049235738,42.48847136552793],[-95.11932037117195,42.487218999230706],[-95.11737452239883,42.48722344114145],[-95.11703321817116,42.48558176893418],[-95.11748029906508,42.48382197275224],[-95.11852909676999,42.48062821118538],[-95.11872266446417,42.47975111522993],[-95.11787501380168,42.47770455563438],[-95.11731325517535,42.477539329079214],[-95.11261658923242,42.47358258257902],[-95.11060690292845,42.47200314179271],[-95.11017449931767,42.47111506933963],[-95.1085852035693,42.46707389087079],[-95.10726307159354,42.46690008502017],[-95.10457056350569,42.464590142608685],[-95.1034499438095,42.46178302360271],[-95.10391079583837,42.46082449923039],[-95.10437308788038,42.460397263718846],[-95.10551930355865,42.45898938847363],[-95.10451788579805,42.45750387896246],[-95.10575914993021,42.45640494155229],[-95.10654523991028,42.45749816081118],[-95.10690436542724,42.457599625446434],[-95.10672912600553,42.456918437210525],[-95.10641144098958,42.45665861637507],[-95.10659009792569,42.45311171508614],[-95.10830476799143,42.45227421087453],[-95.11156845701011,42.448738061543615],[-95.10701875794166,42.445404227795855],[-95.10470770275394,42.44531160002103],[-95.10138258621889,42.443868697484824],[-95.10454423363339,42.44182500864825],[-95.10497419566714,42.44079950413552],[-95.10468929238442,42.44068766478878],[-95.10322383659454,42.43816602996424],[-95.10243826498834,42.43665852532074],[-95.10145955528483,42.43514554994434],[-95.10180809606024,42.43327503972338],[-95.10276084673501,42.42880889186724],[-95.10365018699072,42.4267663563977],[-95.10326989814183,42.422743405457304],[-95.10308378663217,42.42186879026267],[-95.10146515153117,42.418179227200035],[-95.10151023674302,42.41775514525525],[-95.09745150238322,42.41509631973926],[-95.0938117141224,42.412988035537914],[-95.09418034525324,42.41096408227787],[-95.09432784137954,42.41044357465878],[-95.09533464318874,42.40874566217318],[-95.09740325249757,42.40685721727679],[-95.09862349450422,42.404583524112326],[-95.09657188238621,42.403000076708295],[-95.09617198841012,42.40002207800522],[-95.09611790036615,42.39944671716502],[-95.095040696407,42.398259673374326],[-95.09395892295831,42.39767606896353],[-95.09200957251518,42.39685163164215],[-95.09148566889607,42.392646628142735],[-95.09215100305418,42.392377833446815],[-95.0902911750768,42.38797655609963],[-95.09244541596777,42.38500147431733],[-95.09473744524061,42.382717256726856],[-95.09464778652233,42.38089978573988],[-95.09369750386516,42.380151675215245],[-95.09177196424571,42.379398839048065],[-95.0894660784197,42.379044641068035],[-95.08837268099029,42.3786367999462],[-95.08735115302537,42.37808355196186],[-95.08620511681173,42.37359715563524],[-95.08571132836957,42.37177351818579],[-95.08513771812636,42.37087439434382],[-95.08429778560566,42.3705744725734],[-95.08319739260762,42.37012168048219],[-95.08093679413625,42.36879389069669],[-95.0798539051236,42.365476993991706],[-95.0801283062014,42.36530541429286],[-95.08136588298525,42.36357190794866],[-95.08175671939145,42.36193931616829],[-95.0798140893678,42.359669153543685],[-95.07845913051244,42.35782957712781],[-95.07598902309483,42.35541131030626],[-95.0735973850881,42.35067714561211],[-95.07431195982156,42.34733667273256],[-95.07303365644366,42.34666185923652],[-95.06893847112357,42.34427280061856],[-95.06857220792661,42.34279799444166],[-95.06943897809496,42.3416746720702],[-95.07130784375262,42.33541808790635],[-95.06796926499952,42.33227235972659],[-95.06893008849538,42.329544351703696],[-95.0648412076966,42.325673604358606],[-95.06377899235947,42.32526946279263],[-95.05916649359213,42.32351073513071],[-95.05869119520783,42.32318155902176],[-95.05807315255844,42.32196338934472],[-95.05796769832877,42.320799057790744],[-95.06194376707654,42.319102127963106],[-95.06047774639447,42.31641779349135],[-95.05138400988908,42.315112906287986],[-95.05084025779382,42.31381681878326],[-95.04834901040336,42.30978180117658],[-95.04809498799216,42.30850754095123],[-95.04656439363701,42.30690484841105],[-95.04614005809314,42.305755198084235],[-95.04565537939332,42.30376009392497],[-95.04288782356679,42.30420567252956],[-95.03999957841364,42.302582037659185],[-95.04287327206534,42.29789298775181],[-95.04337665014003,42.29690690931065],[-95.04277430840436,42.29559381142241],[-95.04589976777669,42.28423602140895],[-95.04360791149472,42.278360166554194],[-95.04373495237884,42.27244118324261],[-95.04306982210639,42.26796820976399],[-95.04294553675727,42.262864205321016],[-95.04504238185042,42.261111256773],[-95.04658387414786,42.260417342073346],[-95.04895694682257,42.260613625550015],[-95.04982433641031,42.26023339757089],[-95.05188501014352,42.259651708824066],[-95.05271567891684,42.25974041119171],[-95.05416978261665,42.26009261727727],[-95.0559761314023,42.25787637590988],[-95.05932146496949,42.25856833695939],[-95.06076703816132,42.25820466115191],[-95.06666211223384,42.25814362350002],[-95.06947967084919,42.25798475390549],[-95.07128704608691,42.2566282958162],[-95.0688110001764,42.25195850941558],[-95.06958830104018,42.24702285408312],[-95.064462771943,42.24011322942632],[-95.06409630397329,42.236283360743535],[-95.05851598354432,42.233929561297764],[-95.05245697857303,42.22928307062365],[-95.05145756322712,42.228940715963724],[-95.04732091283819,42.22767275389224],[-95.03768305145522,42.224782381065936],[-95.03480811180266,42.223653649929254],[-95.03318572851971,42.221732654806075],[-95.02992389168534,42.21815206384299],[-95.02964904296998,42.21626119854668],[-95.02631914614449,42.214136147384615],[-95.02416237057156,42.213732936061675],[-95.02181343838345,42.21327453268578],[-95.0168357889037,42.20962922355538],[-95.01402630918822,42.2086924384249],[-95.01234221133913,42.20774035239341],[-95.00224891147973,42.20238734644721],[-95.00192316079756,42.20174460804617],[-95.00071863431742,42.20097310268986],[-94.99933452980108,42.20005161911572],[-94.99851155503359,42.1992554330329],[-94.99784397792814,42.19868168119986],[-94.99724337080447,42.19803471213131],[-94.9952119497702,42.19637245936731],[-94.9927912235647,42.188917139542134],[-94.98799528848505,42.18517285807264],[-94.9881640508659,42.182576232039615],[-94.98767481054551,42.181828215151675],[-94.98659288684512,42.1812570722652],[-94.97928477047645,42.17343569429259],[-94.97369800683917,42.168758821663545],[-94.96708312283663,42.16560780222913],[-94.96596402238147,42.1631368460114],[-94.96557072022487,42.16029320492934],[-94.96060072084758,42.15433977181779],[-94.96006735366156,42.153479812205184],[-94.9620585580928,42.146605741633486],[-94.95224038024016,42.14626892490036],[-94.94218581831414,42.142080711026004],[-94.93863297692275,42.138335781888564],[-94.93601979785342,42.136353567730076],[-94.93492569412938,42.1318014861937],[-94.93228345562454,42.12936036801765],[-94.93021999439509,42.124806547658345],[-94.92996165504523,42.12432907277368],[-94.92741716350125,42.12270123797733],[-94.92534065013153,42.12170491966169],[-94.92270481296752,42.120411734758086],[-94.91949624122087,42.12047897625183],[-94.91765885451278,42.113741679149804],[-94.91747345974596,42.11292072645832],[-94.91576163462615,42.11075185456978],[-94.91389401921298,42.10959423129999],[-94.91167676080406,42.10691137760865],[-94.91072233354849,42.10523414228741],[-94.91034253373675,42.104731625990006],[-94.90297442743567,42.09859487924346],[-94.90286082798073,42.09805640023971],[-94.90279433662573,42.09713438234814],[-94.90268757546315,42.09576272927371],[-94.9017752401479,42.0962011415187],[-94.9011687842463,42.0962787386397],[-94.8997880616907,42.09530644187433],[-94.89782798415767,42.09378533782896],[-94.88695978642899,42.09200579121792],[-94.8852824977024,42.09117778986108],[-94.88292071158915,42.08749256525826],[-94.88148239699521,42.086345372213174],[-94.87948663484269,42.0856260771838],[-94.87875291345237,42.08508872393052],[-94.87478932556145,42.08147457687818],[-94.87410316307529,42.07613166580369],[-94.87277455543439,42.07405043716372],[-94.87231052086406,42.073621215011144],[-94.87042055054917,42.069360634058675],[-94.87048416445593,42.068594077846704],[-94.87406146031371,42.06055178192137],[-94.87195271228612,42.05920827085156],[-94.8681180031606,42.05532158710374],[-94.86619920602409,42.05267799256319],[-94.86579883623638,42.05257192736576],[-94.86311336492372,42.05168793479327],[-94.86281490994756,42.05147663358236],[-94.8622074909869,42.049698775868485],[-94.8629963850373,42.04904203023974],[-94.86713289627984,42.04523273905572],[-94.8648381697445,42.04538263544589],[-94.8630028267753,42.04510173898415],[-94.85925408715919,42.0431046422365],[-94.85440265692131,42.043714516987734],[-94.85041314123112,42.0452739473294],[-94.84943438653937,42.04551938464949],[-94.84524879165404,42.04623521793364],[-94.84312794187431,42.045584839306585],[-94.84125108939743,42.04549789346246],[-94.8404884517015,42.04535702479828],[-94.83965804998496,42.03828700042712],[-94.83579722826522,42.035556926432534],[-94.83355386343915,42.03450305111172],[-94.83681848347221,42.03230736781767],[-94.83637081394579,42.03139140083844],[-94.83396478372893,42.03089851860117],[-94.83349518449081,42.03112217162568],[-94.82980188944971,42.03101001132759],[-94.82781557730921,42.03043375328286],[-94.82685179917199,42.03068326259891],[-94.82628568979946,42.0308859072529],[-94.82546794981165,42.02930032341103],[-94.8232160973403,42.02872820954902],[-94.82198726804774,42.02848654937755],[-94.82084150046944,42.02894604007056],[-94.81990425797689,42.02898792781864],[-94.81632100598189,42.026464433354384],[-94.81472809503254,42.0248730265938],[-94.81457598427443,42.024501675367695],[-94.81303176027431,42.0238100934621],[-94.80666458078842,42.0218165823039],[-94.80330027712839,42.0172178021073],[-94.80327995223081,42.016177905001605],[-94.80242496409146,42.01570500322773],[-94.80092140286125,42.01530531945089],[-94.79274197573959,42.01345653892009],[-94.79196434507388,42.01326154262776],[-94.7918253748636,42.0121694579234],[-94.79044939628201,42.01009699093484],[-94.79077537388315,42.009583052866375],[-94.79179741197451,42.00806756287147],[-94.78675389419146,42.00181032664015],[-94.78555383073846,42.00025291574716],[-94.78496179327767,41.999131836016495],[-94.78400419569468,41.997701212966845],[-94.78538140426825,41.994059250994546],[-94.7827125313691,41.99379002523021],[-94.77991556844958,41.99381092675641],[-94.7745315888006,41.99098076045862],[-94.77483514068425,41.98745908974332],[-94.7820014367173,41.983340208964606],[-94.77939443776138,41.981957658659866],[-94.76921225532921,41.98234925148609],[-94.76340180030432,41.980236627477424],[-94.76306617006767,41.97966537706932],[-94.76069222102085,41.9762208626553],[-94.75839072137215,41.97046505024241],[-94.7559607015099,41.965066903234984],[-94.75442938037641,41.964302263119826],[-94.75545057163966,41.96255742096007],[-94.75262216364024,41.95629166545947],[-94.75299818562465,41.94974727094177],[-94.75257656441548,41.9480920262872],[-94.75323642937623,41.94457394922952],[-94.75130466532634,41.93984804832061],[-94.74860433265988,41.938587775467006],[-94.74343963700257,41.93256894149119],[-94.74363969119068,41.93143109262381],[-94.74469859894856,41.93088363030429],[-94.75084568037344,41.92996148138471],[-94.75246233389342,41.92602801447399],[-94.75237582136346,41.92577265148923],[-94.7518834160704,41.92464985819338],[-94.75141346956583,41.92429226818321],[-94.74882144315922,41.922116189275854],[-94.74098178484208,41.92124909532129],[-94.73844848042675,41.92077410275835],[-94.73100480728169,41.91940497587804],[-94.72964979579109,41.918488718949234],[-94.72730738083474,41.91653354403831],[-94.72623261651898,41.91559501784738],[-94.72447064075504,41.914491175970014],[-94.71938430084357,41.91239687594867],[-94.71562725979895,41.91193518847397],[-94.71348938891005,41.910755733003725],[-94.71204599470667,41.90988561703068],[-94.70331963981556,41.905552653773896],[-94.70018585673589,41.90287462303077],[-94.69844583572878,41.89880241103401],[-94.69371365415302,41.899210037215134],[-94.68775174138085,41.89565466985761],[-94.68559341624282,41.89172350014552],[-94.68394622407763,41.89118025179333],[-94.67994453067703,41.89161712662396],[-94.67765062340112,41.88990789445244],[-94.67321241778326,41.887041012364215],[-94.66860356927927,41.88538781397352],[-94.66865380457034,41.88048753034239],[-94.66890117923772,41.87822779847859],[-94.6688887982958,41.87718772295632],[-94.66784848790967,41.871983540945955],[-94.66598922609666,41.865786994895856],[-94.66456523291993,41.864105400275044],[-94.66425942086386,41.86375407249579],[-94.66318876592801,41.86285991758479],[-94.66108069665351,41.85966156874991],[-94.65885652570452,41.854861685531766],[-94.65545818264773,41.853753368471075],[-94.65498511190751,41.85275144858736],[-94.65534322975685,41.85039106705694],[-94.65246082026779,41.84916264117954],[-94.65072387559884,41.848939934623175],[-94.6488226964384,41.84563480219154],[-94.64834793701229,41.8453669149288],[-94.6458052334219,41.84499807802653],[-94.64218973056373,41.844405852091015],[-94.6397415907619,41.84293222045797],[-94.6386412530637,41.84092143742867],[-94.63759519135753,41.83932417313267],[-94.63237460106473,41.837241397853276],[-94.63092223349223,41.83756825252585],[-94.62807793440571,41.837356415663216],[-94.62815517165492,41.836810420998084],[-94.6278244271342,41.83598199694526],[-94.62612545563239,41.835888974517836],[-94.62392312266046,41.83711350614645],[-94.62055599204969,41.83744926958914],[-94.61823646925893,41.83646422204745],[-94.6170671453199,41.83601684830117],[-94.61467864556299,41.83493362662403],[-94.60981031181248,41.833452816348284],[-94.60922332662535,41.83246580922003],[-94.6079881279845,41.82847966149122],[-94.60800158949978,41.82761934003449],[-94.60763499852266,41.82605281400332],[-94.60550014493614,41.824497503644764],[-94.6042286947395,41.824091954810896],[-94.60046769054813,41.82126679513786],[-94.59562937829723,41.81975793941757],[-94.58754262667493,41.81692030308202],[-94.58487712603217,41.8142280924564],[-94.58297321203284,41.8135788444364],[-94.58131210263568,41.81456993742096],[-94.57918416608578,41.81492344880359],[-94.5783043641138,41.81480944663354],[-94.57490712296887,41.814815541185574],[-94.56730323272157,41.8134649588894],[-94.56700163904023,41.812915163600024],[-94.5655546943134,41.81141726895835],[-94.5632046962491,41.8094768106807],[-94.55626999545443,41.806067369148785],[-94.55132721081142,41.80528309112473],[-94.54713709175944,41.8059295343842],[-94.5420988410601,41.80600628208461],[-94.53575920349441,41.80218681030835],[-94.53487583023434,41.8022121259234],[-94.53031477230327,41.80306105773662],[-94.52962404576053,41.80283608279802],[-94.52772466527087,41.802609169525745],[-94.52783459076211,41.801441341846],[-94.52165010884545,41.79960950136647],[-94.51325514351396,41.79861256347672],[-94.51047520036654,41.79764039724106],[-94.50713258936109,41.798607482696596],[-94.50630765060939,41.798604791788144],[-94.50343596332849,41.79838571699044],[-94.50013378137899,41.79860901740213],[-94.4966415389087,41.798069134015606],[-94.49497609910674,41.79787916278271],[-94.49177793886426,41.79804683298545],[-94.48741910027871,41.79782865057508],[-94.48167823210345,41.798159531955406],[-94.48060392374822,41.79817338359853],[-94.4726924443015,41.79750951124863],[-94.4723953040218,41.796819804085416],[-94.47178795780475,41.7945398840667],[-94.47047994713633,41.79314708513642],[-94.46431384167533,41.78854686232109],[-94.46401769705258,41.787415790514814],[-94.46414388499444,41.781442725415005],[-94.4646044152475,41.78024796685419],[-94.46643889050833,41.777945861238535],[-94.46474462055161,41.77525644968476],[-94.46091606493971,41.76991917118762],[-94.4608945387175,41.76945109420252],[-94.45925278314114,41.76628807531106],[-94.45802206007211,41.76407002771032],[-94.45719641261284,41.76139198724764],[-94.45619275855985,41.753032927081485],[-94.45594356234993,41.75256773351653],[-94.45043722816033,41.749021162921764],[-94.44726807792611,41.74781819105249],[-94.43970773723684,41.74538677368122],[-94.43851477168954,41.743582338917754],[-94.43780822161571,41.740736018808455],[-94.43528280429186,41.736601935799925],[-94.43457207376217,41.73630908376135],[-94.43095583445505,41.7353048856015],[-94.4292586933678,41.73321390654701],[-94.42884024606914,41.73216981378489],[-94.42819173401112,41.73178157605919],[-94.42534901254746,41.730618968192225],[-94.42096665359881,41.72938977722349],[-94.4204581639566,41.729179900657925],[-94.4136127016321,41.72796734468404],[-94.41361345564127,41.727093669864004],[-94.41009367322654,41.7248266628757],[-94.4088553602091,41.72350433453972],[-94.40720202382377,41.72282206084945],[-94.40217615978919,41.71913664805113],[-94.40127933749476,41.719323223658265],[-94.40028362949934,41.71961007316634],[-94.39595882266929,41.71886559241221],[-94.39338408487049,41.71558681678365],[-94.39529387965462,41.71013248517522],[-94.39557111673685,41.70522035886986],[-94.39063373545267,41.7045686773387],[-94.38966220085861,41.705620729215276],[-94.38629818828207,41.70804369232189],[-94.38381115311059,41.70872216959124],[-94.37563081548855,41.70968506389351],[-94.375002790864,41.70979165723843],[-94.37341282411025,41.710288039526716],[-94.36900793145178,41.71036312576591],[-94.36779788028734,41.709346246594386],[-94.3666235720611,41.708418998360365],[-94.3642472798248,41.70786178886402],[-94.36595283589052,41.7042027330838],[-94.36973917605664,41.70271655166203],[-94.37152088241685,41.70319067821258],[-94.37309441274758,41.703905948097145],[-94.37346942037001,41.70386093490981],[-94.38234968825213,41.70006610996575],[-94.3822808289145,41.69800885812068],[-94.38108829928446,41.696879319577086],[-94.38040713183729,41.69584720567695],[-94.378499721365,41.692488004807366],[-94.37744254404589,41.69179814251902],[-94.37523068110065,41.69089692267865],[-94.37133725759772,41.6884890655114],[-94.37108325954932,41.688163343396546],[-94.36869125914185,41.686300403334386],[-94.36827919183327,41.686363855996056],[-94.36711818834247,41.68636416465992],[-94.36510699298779,41.68538380152751],[-94.36484726434364,41.68489150498057],[-94.3652667039731,41.68192774058944],[-94.365574766003,41.68124405539443],[-94.36557182066535,41.68082076377688],[-94.36570583211146,41.679931986560455],[-94.36566341942948,41.6790272920262],[-94.36477632587285,41.676650988607825],[-94.36377732226723,41.67515868743609],[-94.36172943724887,41.67060293324392],[-94.36147025385131,41.670061082841684],[-94.35987987142238,41.66898106427945],[-94.35834425220096,41.66894968812977],[-94.35400820609145,41.66834335192804],[-94.35245139441035,41.66826711178988],[-94.35176001882206,41.66832478502531],[-94.34745807038844,41.66940210436462],[-94.34511018780529,41.67047442016283],[-94.3431311005999,41.67070923305685],[-94.34231059893833,41.670498149503814],[-94.33832487069901,41.66800917397043],[-94.33810276240045,41.66748935571121],[-94.33763708429468,41.666355394244036],[-94.33761997237427,41.66449565146529],[-94.33800930622587,41.66308602930397],[-94.33901390742652,41.66119186764118],[-94.33827818372295,41.65850734765153],[-94.33771603162809,41.65816712358666],[-94.33289954353803,41.65582272466132],[-94.32936770315646,41.65360738074304],[-94.3234087944916,41.648974498586334],[-94.32183469563081,41.647808192275555],[-94.32003008103112,41.64694624712397],[-94.31664856026939,41.64112146647677],[-94.31640817208482,41.63757094700338],[-94.31446131563443,41.63626469292568],[-94.31271240756844,41.6363702492822],[-94.30622369166429,41.634084336597844],[-94.30554706790417,41.63415057057422],[-94.30190416868936,41.63421441258783],[-94.30060779218937,41.63387331235546],[-94.29847706861831,41.633982972217304],[-94.297281032736,41.63391091204987],[-94.29614532302338,41.63368503930852],[-94.2929953763696,41.63231992477078],[-94.29186215872174,41.63185979818891],[-94.29048571285549,41.63086647212756],[-94.2883675595474,41.62661188465385],[-94.28390350075571,41.618812180945184],[-94.28205607567894,41.617540288029225],[-94.28146626729924,41.61728566041879],[-94.27952976164646,41.6168343635495],[-94.27738242174635,41.61700686572947],[-94.27537413087494,41.617574096347234],[-94.27200295761679,41.61876436091785],[-94.27131626841238,41.61896110717435],[-94.26644253467248,41.619992181032245],[-94.2608672356869,41.62012103204211],[-94.25930155286592,41.61507171320659],[-94.25805097221028,41.61445040868752],[-94.25748400816862,41.6141683862262],[-94.24867667957773,41.61191805797723],[-94.2483507244596,41.61174145663117],[-94.2455420366733,41.611006323204016],[-94.24429380154083,41.61004707589176],[-94.24369864168368,41.6097562828233],[-94.23981848086298,41.60805532666873],[-94.23935515986342,41.603894536107454],[-94.23788309575829,41.600199467794134],[-94.23012683004288,41.600219684735364],[-94.22725444772969,41.601349256636084],[-94.22343739696603,41.60333548427725],[-94.22245660350103,41.60386382841462],[-94.21807429414656,41.60679713129344],[-94.21062365727187,41.60848361405117],[-94.20705561119343,41.60665666534575],[-94.20546940233895,41.60354333742816],[-94.20575977003372,41.60145514290759],[-94.2058516516407,41.60097229787876],[-94.20196422266471,41.5961716804963],[-94.20166487086287,41.595801014223525],[-94.20056295565006,41.59396606526162],[-94.20061532274285,41.59076347995597],[-94.20035915556582,41.59041487664745],[-94.2001069088705,41.587080362910136],[-94.19772671300103,41.582808775875755],[-94.19649743792263,41.580168969306264],[-94.19597932143728,41.578481014525295],[-94.19546092534252,41.577121821332014],[-94.19512407198931,41.57645879361093],[-94.18947354803075,41.5747024547781],[-94.18897815896894,41.574874212217786],[-94.18531197747274,41.57668648481957],[-94.18091096253809,41.582289200499446],[-94.17660481103802,41.58260807470905],[-94.1736638527721,41.58352084084602],[-94.17185489207152,41.58276918334382],[-94.17145892394909,41.58245346486934],[-94.1662197945986,41.57974153484254],[-94.1624115023483,41.58193732370735],[-94.16237710020246,41.58246459085891],[-94.16265011987377,41.5836192506667],[-94.16230498900093,41.58548722372026],[-94.16189168990574,41.58589672414326],[-94.16043122356623,41.5868482212797],[-94.15247000482302,41.5902654653836],[-94.14778786523519,41.59124004877426],[-94.14422437190606,41.58932552451375],[-94.14285949675644,41.5881276387506],[-94.14287745481575,41.577350378635636],[-94.14030527358439,41.57360641533006],[-94.13593507629456,41.57264537990367],[-94.13372833434299,41.57261762448581],[-94.1201171342039,41.565765969410265],[-94.1146969016007,41.56676891331537],[-94.11195393652815,41.56728186620404],[-94.10985119282124,41.56712204148566],[-94.10466323560254,41.564879674969916],[-94.10454615599474,41.564651116048495],[-94.10272130039347,41.562754601875696],[-94.10143768609119,41.56299659104538],[-94.09729976900559,41.562729915866555],[-94.09273232521825,41.561102581470806],[-94.09184814181731,41.56096236311421],[-94.08873794339544,41.55997854716951],[-94.08510478314571,41.55423025634266],[-94.08391397175808,41.55463780783784],[-94.08189412194234,41.55627363149886],[-94.08149098506843,41.5567728221921],[-94.08055512276431,41.55761929442719],[-94.07812615942053,41.55882204544224],[-94.07047633359724,41.55659668622189],[-94.06673301602635,41.55750518194039],[-94.05853134123898,41.56221070721252],[-94.05475293033217,41.56244359396165],[-94.0536980827105,41.5624983031316],[-94.04623614885749,41.56318344839081],[-94.03444429806895,41.56356938057578],[-94.03334622995882,41.56364230639759],[-94.02899815442177,41.564217237047],[-94.02422035189585,41.56388159845027],[-94.02190920076353,41.56208270387164],[-94.01521198070485,41.56054775848656],[-94.0131530658664,41.560885678626576],[-94.00888672012059,41.55816247727513],[-94.00686553176666,41.557500149388126],[-94.00491894955556,41.556377763952355],[-94.0026417149711,41.554708786911476],[-94.00131225857679,41.553864684474576],[-93.99873530176124,41.55306293601646],[-93.99292518971149,41.55134333671199],[-93.98655112919398,41.55011917922005],[-93.98609369520685,41.54990242564866],[-93.98437650165391,41.54864711689166],[-93.98292587000982,41.547051730709036],[-93.97991111777824,41.54345203793291],[-93.9738336922024,41.54435036075176],[-93.97271424655356,41.54467959579911],[-93.96973204450202,41.54561902722293],[-93.96714654739964,41.54630734472485],[-93.96055806710345,41.54731284796572],[-93.95183204008838,41.548209588892774],[-93.94832043531571,41.54859439586305],[-93.94667685276686,41.550328331536356],[-93.94463267690536,41.55083153879171],[-93.94096713055023,41.55226673384029],[-93.94057323382505,41.55267528450485],[-93.93777534556507,41.55330613204568],[-93.9386168081716,41.5558843524084],[-93.93328192424468,41.55673393571028],[-93.93297963265468,41.557029125636014],[-93.93212530224315,41.55786922819988],[-93.92363363049417,41.559797766603104],[-93.9188461227293,41.559192110938106],[-93.9179272684357,41.559433640301016],[-93.91745081172267,41.55963560359247],[-93.9121744919126,41.56311836689595],[-93.89886044627852,41.563277281702284],[-93.89621639776199,41.56363119371609],[-93.8932692301709,41.562469675252665],[-93.89263805856858,41.562411526892014],[-93.88721474020986,41.56296242033499],[-93.87313260722533,41.56430873765239],[-93.86734710721505,41.56274473404552],[-93.86432774463796,41.561776673600974],[-93.85857428492498,41.56209000497593],[-93.85769497567189,41.562083057717956],[-93.84927649414436,41.563230935281304],[-93.84834556772091,41.56331887434153],[-93.84779989848576,41.5627464335202],[-93.84750393767983,41.562095587523984],[-93.84619235780407,41.562105249107184],[-93.84540370145628,41.56281361980278],[-93.84398697336017,41.563211342718496],[-93.84019659767137,41.56463974024636],[-93.83127766206127,41.56387140502939],[-93.82557893905248,41.56471411989468],[-93.82117895984746,41.56317836534026],[-93.81889485322466,41.56604096195572],[-93.8183595821147,41.56713465535293],[-93.81444050143833,41.56801817956628],[-93.81352360380455,41.56812825558799],[-93.80770943814414,41.568628625130884],[-93.80403213952546,41.5685057831967],[-93.8012439817941,41.568025345593156],[-93.79078459385421,41.569408331019616],[-93.77775129312388,41.56723641637579],[-93.7712211383868,41.56837479717599],[-93.76220005762609,41.56759728442324],[-93.75996547911284,41.566639290051484],[-93.7558734569929,41.566193385266146],[-93.75430401117288,41.56543807311512],[-93.74789045521158,41.56435856211668],[-93.74728638706674,41.565862205663855],[-93.74711703217231,41.56619207270123],[-93.74330454268228,41.56596007051868],[-93.74183566506734,41.566316336842675],[-93.74055545884052,41.566063376367644],[-93.73994893250214,41.56536471064659],[-93.73966985575706,41.564884615004146],[-93.73369836113599,41.56661173945714],[-93.72760765895073,41.56692966445386],[-93.72850624846038,41.56941449582151],[-93.7239761521704,41.574410632513185],[-93.72279010066339,41.574508166602925],[-93.71520302298671,41.57367739313749],[-93.71394078793818,41.57431124418346],[-93.71338476183226,41.573958906534266],[-93.71276794985224,41.57332771654671],[-93.70935482484788,41.57714539906169],[-93.70901962824692,41.577413181604406],[-93.70821979318787,41.57773336590858],[-93.7052527056311,41.58062492912126],[-93.70166337327078,41.58126388673138],[-93.69743548108627,41.58046994352885],[-93.69547668674973,41.57854523808433],[-93.69031614062258,41.575405762687275],[-93.68897181895827,41.574796824383505],[-93.68767694763544,41.57439474262151],[-93.6851283043182,41.57364433422456],[-93.68094142005587,41.570728315158696],[-93.67966041303546,41.56924067867352],[-93.6780311660155,41.56892603290053],[-93.67147264950574,41.570446219379825],[-93.66752740230984,41.57257239705185],[-93.66589363919299,41.573608703171],[-93.6600588688703,41.576114850023245],[-93.65956248344915,41.57636539928688],[-93.65018028959264,41.581237740809826],[-93.62714169965986,41.58860757145068],[-93.6243728326018,41.58919009940876],[-93.62220913300004,41.589467543086215],[-93.61975483744689,41.590489615025014],[-93.61779290273628,41.59089649386792],[-93.61552551335583,41.59084560240114],[-93.6144214387983,41.59081998165503],[-93.61386656723174,41.590705850283996],[-93.60469659501082,41.587570356091625],[-93.60161326541157,41.58692899542196],[-93.59665277132797,41.586855760618974],[-93.595293622283,41.58693035963963],[-93.58842323301074,41.58821323446256],[-93.58563623467386,41.58919124455549],[-93.584236847504,41.59004955388101],[-93.58360193647975,41.59057520191842],[-93.5819856218188,41.5968434704086],[-93.57755625613997,41.59994179611043],[-93.57299725276305,41.60038794820609],[-93.56537673299897,41.600195984801836],[-93.56174253805575,41.59992556313529],[-93.55911154791086,41.59914124030858],[-93.55364949746027,41.597789552261176],[-93.54364110611087,41.58732126629298],[-93.54279186366774,41.586555151846035],[-93.53657305892528,41.58360741589472],[-93.535256418355,41.58360904820639],[-93.5311874020013,41.58326311898135],[-93.52590028012958,41.582395693711035],[-93.52524651469896,41.58244822199417],[-93.52290533299241,41.58235981088734],[-93.52219557528925,41.58220991136621],[-93.51318921230205,41.580183272019354],[-93.51085842570619,41.58121147924428],[-93.50654795620959,41.58447318879592],[-93.50408532316314,41.586177389048636],[-93.50305875676594,41.586654769480056],[-93.5008247179929,41.586425826546105],[-93.49679335840167,41.58458329696528],[-93.49433960631852,41.58458486283859],[-93.48823939194133,41.58636284878744],[-93.48647613451668,41.58865818360177],[-93.48640740209049,41.58949165246459],[-93.47826221101887,41.59029143645797],[-93.47785487669118,41.59042373596104],[-93.47422920856913,41.591244899630034],[-93.47214446084905,41.59201009285402],[-93.47365002561345,41.594287259398335],[-93.47375950872664,41.59495335042269],[-93.47095031924276,41.59604576730347],[-93.46814959250952,41.596246356076655],[-93.46744318185686,41.59552413999335],[-93.46468822482947,41.594157183867914],[-93.45866457472151,41.596770970928155],[-93.45701678038073,41.596484792840926],[-93.45614286264987,41.59650627702301],[-93.45249685988637,41.59670533033364],[-93.45095433427649,41.59812553883989],[-93.44573432967108,41.60273061398286],[-93.44514482992876,41.60267885338404],[-93.44399737850851,41.60241757325749],[-93.44235489442762,41.60253649413074],[-93.43755040656059,41.601892835987925],[-93.43433763617314,41.602328358379594],[-93.4334847645119,41.6023135615871],[-93.43166179667021,41.602532090311364],[-93.42964096960696,41.60396281348253],[-93.42993101444696,41.6061910396059],[-93.4298799134068,41.60855114573546],[-93.4294182995998,41.60907079048279],[-93.42165670455407,41.6114414095967],[-93.41524942752132,41.61435606730417],[-93.40801206010664,41.61611137359167],[-93.4056763127226,41.618078723811095],[-93.40402670039234,41.6196563039503],[-93.40272520099826,41.62227298345373],[-93.40174940584824,41.623528409550524],[-93.3990913810184,41.62483471374253],[-93.39352686055146,41.62389911750337],[-93.3907586402968,41.62400763699538],[-93.38237968100411,41.62916995418568],[-93.37902926637551,41.63003673714912],[-93.37839107240957,41.63016043705594],[-93.37736590202978,41.629997170972615],[-93.3744523192079,41.63272238889288],[-93.37356238359483,41.63350441243706],[-93.36801308180677,41.63472027206532],[-93.36806948062384,41.63916517898614],[-93.36813353300208,41.6394757246159],[-93.36702756845065,41.64176260106217],[-93.36614510163484,41.643837083993525],[-93.36751831530266,41.64585032911308],[-93.36711471207575,41.64713965566311],[-93.3597396721552,41.64824833720145],[-93.35585213938616,41.648309972564476],[-93.34730109495112,41.654123272441716],[-93.34387027196284,41.65466951369243],[-93.3417184531759,41.65521185900756],[-93.3310300277674,41.66039976784945],[-93.32638493316749,41.66178214502627],[-93.32071089113917,41.66318972656932],[-93.31990606321935,41.663408141835866],[-93.31483819361712,41.665480280323486],[-93.30964612961087,41.66802540855155],[-93.30332803168754,41.6736627531217],[-93.3013553187685,41.676194463327136],[-93.297325535853,41.68065001082187],[-93.29310729414433,41.68664612521606],[-93.29061272428616,41.69372760525421],[-93.28987340414379,41.69886806843134],[-93.29018860959151,41.700146292491894],[-93.2912185917908,41.70151277916457],[-93.28996162215003,41.702461708740636],[-93.29221302138478,41.70830166099847],[-93.29476259687932,41.712546532638186],[-93.29378259376296,41.716034808831786],[-93.29281503846487,41.7216307143273],[-93.29565091229404,41.727144832356515],[-93.29374174052845,41.7349859254049],[-93.2940557452061,41.74197014006352],[-93.29309025625031,41.74503502149013],[-93.29358790574071,41.746200171690866],[-93.29426645690758,41.75093167440962],[-93.29799681766899,41.75535809195351],[-93.29949019703643,41.75768706420441],[-93.29798893418308,41.76072637442405],[-93.2851444215285,41.76191636724461],[-93.28143180190737,41.766172383239585],[-93.28100918719778,41.769699711180394],[-93.2806844977424,41.77940117982184],[-93.28010094275469,41.78252807254209],[-93.27892603341054,41.78424228064397],[-93.27835157249083,41.78436977260155],[-93.27864174569844,41.78572463970737],[-93.27661056464288,41.78590518362932],[-93.27719178509209,41.79048840029115],[-93.27903202546985,41.792645652220465],[-93.28034421162589,41.794178169670055],[-93.27977984698428,41.7957828074112],[-93.2760567832007,41.79568372332585],[-93.274678415317,41.79643011030649],[-93.27071065316058,41.79915065687951],[-93.26649981063146,41.80193467871396],[-93.26604913946291,41.802386076843064],[-93.25898844501017,41.809711445567],[-93.25768562889974,41.80981345121602],[-93.25317982665364,41.81225086912859],[-93.25386563622952,41.818144480482616],[-93.25423519504369,41.819778444873194],[-93.25595681894112,41.82217950800428],[-93.25754090035079,41.826003966119536],[-93.25691762752,41.82955863995885],[-93.25509408344551,41.831026345542845],[-93.24908717106402,41.830809847678566],[-93.24837351251935,41.83077987209674],[-93.24765251660871,41.832654896550125],[-93.24765152516446,41.83298365551198],[-93.24409904723025,41.83415318550522],[-93.24252300958523,41.83439521833732],[-93.2422136085071,41.83438686570977],[-93.24213095682127,41.84291669400273],[-93.24225126883375,41.84417742230601],[-93.24174645154578,41.84536741443311],[-93.24153797432544,41.84598483452244],[-93.24233649872943,41.84900950480921],[-93.24268920577703,41.849202409192046],[-93.24351926284858,41.84979511110532],[-93.24406175980228,41.85039742672156],[-93.24415524064744,41.851023214640485],[-93.24167543204327,41.85260469633894],[-93.24022075567089,41.85371111228889],[-93.23675042095215,41.85810474112924],[-93.23684463410258,41.8585368821802],[-93.2363613816188,41.85981236913831],[-93.23494536570051,41.86033768590256],[-93.2335106880009,41.863812811187536],[-93.23229499795829,41.86395488964184],[-93.23107383399046,41.86550655891824],[-93.22983882487371,41.86678352961658],[-93.22899708470142,41.86737517142045],[-93.22921474307127,41.86822139218692],[-93.22947641661477,41.86905401383415],[-93.22877059064572,41.87070370084709],[-93.22953439195048,41.871260606143515],[-93.22981307252738,41.87157979526118],[-93.22931929468278,41.87535020012945],[-93.22893775949439,41.87692267785143],[-93.22412034067013,41.877729313549146],[-93.22451633716733,41.8779942439803],[-93.22566282369574,41.879725832267724],[-93.22663715427053,41.88207022203025],[-93.22614978150405,41.88313850836626],[-93.22395639243331,41.88513785349017],[-93.22294552064162,41.88581084131165],[-93.22192772819378,41.88688464256774],[-93.22087619166415,41.89413725892424],[-93.22092961086993,41.89761383102007],[-93.22153081219534,41.90010308595447],[-93.22198046262872,41.90048501061709],[-93.223484746538,41.90165298858136],[-93.22150784026218,41.907191574754535],[-93.22136027741722,41.9083222270413],[-93.2214795934231,41.91101055884433],[-93.21988992822396,41.91378324069612],[-93.21976185154509,41.91665218356354],[-93.2198026440315,41.91722854675815],[-93.21965339479812,41.918651922058565],[-93.22046769137175,41.92256835716227],[-93.2215165987669,41.92530893294669],[-93.22171926728343,41.925497685944265],[-93.22116196113389,41.92902495545594],[-93.22115007394356,41.931803599392744],[-93.22193689990803,41.93620193574766],[-93.22181642543356,41.93646336787084],[-93.219131174687,41.94357043707308],[-93.21919492002323,41.94379999007968],[-93.21858024721782,41.94518821801631],[-93.2177633264482,41.945649120765594],[-93.21437498531185,41.94774959370449],[-93.21365484950864,41.955082504790134],[-93.21429544777818,41.96182292183458],[-93.21433301756817,41.96639381289878],[-93.20805032020621,41.978325880914575],[-93.20471516198658,41.98023681409289],[-93.19940686945522,41.98696972320932],[-93.1973219005499,41.98908541511461],[-93.19720592406753,41.9911121386838],[-93.19484346490563,41.99682195964641],[-93.19775637736768,41.99976219088781],[-93.19848141377341,42.0033456026219],[-93.19896181302879,42.00541630794508],[-93.19812667187215,42.008205318527175],[-93.19847285812122,42.01067705252398],[-93.1987408588809,42.01227076958796],[-93.19616469468052,42.01472951576391],[-93.19587231046708,42.016121544346994],[-93.19564947091199,42.018904982165715],[-93.19551335085933,42.01993647623123],[-93.19547480198351,42.02041389463627],[-93.19532133623541,42.02453920246545],[-93.19347744572681,42.028554784291174],[-93.19217441856021,42.029718828816726],[-93.19084612544486,42.029518394405585],[-93.18687652277856,42.02883141087303],[-93.18512081654237,42.02846047863112],[-93.17040033286197,42.03049174290122],[-93.17453818616644,42.033646858409],[-93.17604116940561,42.03461728089219],[-93.17666631145705,42.03527830840639],[-93.17919324906651,42.038931084644915],[-93.17758210445068,42.03944246125794],[-93.17446364344585,42.04007770403129],[-93.1739982994602,42.04015046286768],[-93.17645616634262,42.042569494220196],[-93.1771781452321,42.042991693860586],[-93.17880094320074,42.04350705967578],[-93.17949866761175,42.04455974557662],[-93.17914129934408,42.04759553227584],[-93.17789081844532,42.05036700798252],[-93.17822236264148,42.050632188956385],[-93.18134263718282,42.051663064781636],[-93.18503301252017,42.05222009193843],[-93.18614788410403,42.052375906126],[-93.18692239323043,42.05262232992916],[-93.19225574256288,42.0567250398679],[-93.1929679781456,42.05808384156279],[-93.19276581010949,42.05892179435772],[-93.19288872294767,42.061974822590486],[-93.19092878814811,42.062712134133704],[-93.1904184717728,42.0629516558184],[-93.1884191522749,42.06444103953635],[-93.18656920708602,42.065376240604344],[-93.18427016245305,42.065942863142496],[-93.18047733537425,42.066966628515296],[-93.17911942330413,42.070873105147406],[-93.17954614314999,42.07350686132561],[-93.1792985980182,42.074543003423216],[-93.17826195702091,42.07520659944302],[-93.17598943184655,42.07650254554667],[-93.17680936649387,42.08281938838975],[-93.17908710652755,42.088683627918364],[-93.17627431688446,42.09208794803295],[-93.17509822721378,42.092450008059856],[-93.17481339882475,42.09358526566374],[-93.17518297560362,42.09770969554475],[-93.17497511256038,42.09798020822822],[-93.16608780515001,42.10306407292688],[-93.16572152281917,42.10420392666472],[-93.16606072671766,42.104419593458935],[-93.1693527910523,42.10560364910637],[-93.1716335426289,42.10650541993078],[-93.17501312136497,42.10603648633207],[-93.17798427554908,42.108206995964444],[-93.17962720945067,42.10977607580498],[-93.1770891850784,42.114711078818964],[-93.17357788619474,42.11472544324785],[-93.17208939358123,42.11546621540197],[-93.17078237491263,42.11918784974172],[-93.16795133233367,42.12107888301828],[-93.1669375174489,42.121264993372655],[-93.16122231305383,42.119381789666576],[-93.16054184379641,42.119531349440315],[-93.15423244032372,42.12221041510781],[-93.15300185977651,42.12314873480471],[-93.15465173847801,42.12471365551632],[-93.15567576888255,42.12526617193059],[-93.16117753844097,42.13245026260153],[-93.16201248342148,42.132476108049566],[-93.16541758795773,42.13414195834959],[-93.16621338000377,42.13465868232635],[-93.16732107415083,42.13558023825378],[-93.16999014859971,42.139759825317455],[-93.16854893205269,42.14387790048074],[-93.17045131570654,42.144487533829036],[-93.16803691405251,42.14675621256908],[-93.1673382393061,42.1468472964604],[-93.1655271322098,42.14703004810763],[-93.16539346504912,42.149439465930186],[-93.16566623205675,42.149902905143605],[-93.16852442925438,42.15375350813432],[-93.16764899015963,42.159275734310135],[-93.16687381448456,42.160970071406936],[-93.1669542719453,42.16164543677521],[-93.16707958669446,42.163410514455165],[-93.16745292172733,42.16482848310155],[-93.1682956354301,42.167911951679635],[-93.16861318224285,42.169244436157506],[-93.17228855418101,42.17281903561212],[-93.17262249995161,42.17541238050842],[-93.17253983432595,42.17785324046715],[-93.17557034888709,42.179505829556085],[-93.17621437454699,42.17950484404145],[-93.17843057003128,42.18204122967289],[-93.17919739409263,42.18411150770998],[-93.18232856466122,42.18849719889493],[-93.18239923292016,42.189911089393256],[-93.1832932342378,42.19348069777137],[-93.1836085679541,42.19598847060396],[-93.18878919224275,42.2008885508755],[-93.19103860226012,42.20247445791801],[-93.19190568842689,42.20355828041194],[-93.19544844898003,42.212292980214094],[-93.1955786526361,42.21326544450438],[-93.1973346340032,42.21523032997408],[-93.1987274044172,42.21942038269608],[-93.20058374298125,42.220826650011595],[-93.20249582811883,42.22389445732343],[-93.19894746239247,42.226566527603026],[-93.19841759098259,42.226896174469175],[-93.19254661353888,42.22990076173086],[-93.19085592215026,42.23172285792987],[-93.19068089450656,42.23207889798246],[-93.19058538327758,42.23381727556952],[-93.19901346127745,42.23830614941568],[-93.2064449470929,42.24206668473943],[-93.20692252170223,42.242399059197375],[-93.20796467575862,42.243140198253684],[-93.2083137115921,42.24423383178377],[-93.20811942852399,42.24516633573158],[-93.20641021053267,42.24931231369344],[-93.20396805536033,42.25156373033255],[-93.20104759716212,42.25452291419122],[-93.19684331667581,42.25614680539872],[-93.19484665697954,42.25574042426939],[-93.19356285817841,42.25528327617717],[-93.18807894899896,42.25486458323212],[-93.18539054792988,42.256769260289786],[-93.18305034526732,42.26005126938151],[-93.18258530465012,42.26078601445626],[-93.18204646091263,42.26194866899932],[-93.18150582280656,42.262755578738144],[-93.18068957912536,42.26364847808888],[-93.18007760794893,42.264297884418404],[-93.1765970648121,42.266491788202444],[-93.17471914382982,42.26827338000822],[-93.17395403993173,42.272264281409115],[-93.1679555818384,42.27538483454768],[-93.16662967139969,42.28047525272534],[-93.16546028052397,42.282877085343614],[-93.16494588767323,42.28562020174299],[-93.1643161423116,42.285990355848206],[-93.1610746100486,42.28626512589742],[-93.16001487555795,42.28658182071272],[-93.15645784210109,42.28835642443845],[-93.15616737671735,42.2923150247358],[-93.15591939934538,42.29290526411848],[-93.15558869830699,42.29315338105394],[-93.14951677421773,42.29865968551653],[-93.14079175275728,42.30760477857797],[-93.14041583504732,42.30787091868034],[-93.1369057643286,42.308145331646784],[-93.13399996252835,42.307838040074984],[-93.13143150974479,42.313694981497626],[-93.13125312216542,42.31581612552884],[-93.13102558934351,42.316915130660696],[-93.1291471003799,42.31941194626744],[-93.12797867867094,42.319971629846194],[-93.1267125782926,42.32100422966622],[-93.1223792981356,42.325295822161785],[-93.12138293068139,42.325675132946664],[-93.11865380579803,42.32633542253576],[-93.11627816700178,42.32681967184147],[-93.11027985093881,42.32874837227983],[-93.10840723830792,42.329596722366304],[-93.10490016750667,42.33181546701267],[-93.10307558221274,42.33431179952507],[-93.10160660976285,42.33582162298865],[-93.09980037986922,42.33760190212616],[-93.09776213656717,42.33880596033131],[-93.0965896011746,42.33932479814688],[-93.08787866775359,42.34077724088171],[-93.08572763382128,42.34382741464949],[-93.08585790833529,42.34506114906775],[-93.08775501867024,42.34766697722906],[-93.08795317242533,42.34801806272788],[-93.09265675391362,42.35486348605981],[-93.09348534534502,42.356074131100655],[-93.09389966562097,42.358356827555944],[-93.09225002819225,42.36168589201604],[-93.09332326161987,42.36430128267273],[-93.09391238060684,42.36541755283735],[-93.09502332203569,42.36854173588029],[-93.09516180742368,42.369779950658916],[-93.09442490461838,42.37447719796626],[-93.09587515533526,42.38046950462466],[-93.10070255397807,42.38001508867789],[-93.1037556991786,42.3819036430564],[-93.10666904582364,42.38407593422034],[-93.10738245201786,42.38928974643224],[-93.10447183592125,42.391701525258554],[-93.10151741036759,42.394635615054575],[-93.09784002807875,42.39553038721712],[-93.09424975021705,42.397366095435544],[-93.0939736052683,42.39934763688012],[-93.0936826284815,42.400811345263065],[-93.09319563265129,42.40145566719913],[-93.09282386443942,42.40170363134473],[-93.08963940412323,42.402192472511544],[-93.08653632025434,42.40391498266316],[-93.07574701498795,42.40508883912453],[-93.07275270045068,42.406743358995385],[-93.07124366391571,42.412611684286055],[-93.0710290282918,42.41290451006144],[-93.07010323096547,42.41406684375118],[-93.06853708351431,42.41597254233129],[-93.06413401596312,42.419847626477726],[-93.06562370127588,42.42423268528961],[-93.07088470361094,42.424481745907954],[-93.07235189286406,42.425282365300276],[-93.07369471715955,42.42690708841566],[-93.0727413273156,42.42865934674428],[-93.07165545367134,42.43122221246727],[-93.07263082858512,42.43401794385858],[-93.06895586182294,42.44068907754806],[-93.0686064854571,42.441216131274146],[-93.06762072332246,42.4428783025542],[-93.06662013695849,42.445310478443204],[-93.06442632928128,42.448189107277635],[-93.06361358284308,42.44941886237687],[-93.06234075525462,42.4519727269066],[-93.06338424891759,42.455331358145266],[-93.06401730334909,42.45635317813609],[-93.06637871396937,42.4604630341514],[-93.06666853585628,42.466807507835775],[-93.06993282258077,42.476293258541915],[-93.07405582633208,42.48050092785743],[-93.07524588038882,42.48499857979907],[-93.07326593272866,42.48985850203171],[-93.07218140434087,42.49250689917253],[-93.07402490504468,42.49667092901699],[-93.07399044984084,42.500710056647854],[-93.07349921941915,42.509049690667716],[-93.07570695969297,42.51258301679964],[-93.07758848966319,42.51420280004871],[-93.07778679902917,42.51460792448225],[-93.07826477305073,42.51536858566974],[-93.08174343744366,42.52049493476507],[-93.08071512575812,42.522612002019976],[-93.07930917618218,42.52704829001117],[-93.08122700979607,42.53193705394744],[-93.08102025384721,42.53688582980881],[-93.07957938182378,42.542236212038894],[-93.0788149364535,42.54326338483717],[-93.08017701773252,42.54504106829704],[-93.08715337571567,42.55059250736486],[-93.09239144152747,42.552047344935595],[-93.09059267938295,42.55532683498301],[-93.08991490704385,42.55679078573407],[-93.08984833365044,42.55815969769055],[-93.08920324011706,42.55988478206558],[-93.08808481277336,42.56400122531282],[-93.08968768788462,42.5699572213532],[-93.08957552566395,42.570605714557594],[-93.0912072091738,42.574409314088534],[-93.09523392119523,42.575432695228315],[-93.09589281301504,42.58228992980854],[-93.09793920305948,42.584400023075936],[-93.1063053666976,42.5882199799919],[-93.11156688305574,42.59335269068381],[-93.11517667137325,42.596942362253714],[-93.11962603199919,42.599508912592945],[-93.12654893417363,42.59852439194124],[-93.13109703366686,42.59847426518762],[-93.1337207770886,42.598633342075495],[-93.13883482202084,42.60060400057936],[-93.13892836703813,42.600874054797856],[-93.13654171786465,42.605393211592634],[-93.13734733099322,42.607427509678324],[-93.13817992098708,42.60819198422674],[-93.14951481880499,42.615215630226544],[-93.15296715992736,42.61892136838098],[-93.15852224319127,42.62125977572503],[-93.15951401575319,42.621659148359676],[-93.16359040799364,42.626250736354294],[-93.16376560754993,42.6267953210667],[-93.16493976895597,42.6282480324447],[-93.16830364941634,42.633457345803414],[-93.16857017812377,42.63420891525606],[-93.16889251377073,42.634451590235166],[-93.17150947206648,42.639481789406915],[-93.17405202346649,42.643372840801796],[-93.17356364794503,42.64513865852489],[-93.1755350997883,42.64957536730878],[-93.17700587541206,42.65172541886468],[-93.17589785394206,42.652362010093384],[-93.17131600851464,42.65724991627907],[-93.17044246447863,42.66060125493912],[-93.16852282352122,42.66167124019919],[-93.16607113054934,42.66588487353875],[-93.16242289616082,42.66646644825075],[-93.15917968416315,42.66964091910984],[-93.16232904953716,42.67263081960211],[-93.16272729487834,42.67295895431359],[-93.16489225605805,42.67841766770772],[-93.1658919112187,42.680424439942875],[-93.16687838428835,42.68161172672765],[-93.16714280843782,42.68207512172575],[-93.17254670852539,42.681297150923605],[-93.17169380049366,42.67892099462387],[-93.17332068230023,42.674294249441175],[-93.17546812371172,42.67370112621784],[-93.17799726856654,42.67430959851969],[-93.18026742043749,42.67528764569394],[-93.18435907771565,42.676096132347375],[-93.18684927981948,42.67650184875749],[-93.18788010020675,42.67646864508114],[-93.1942979434023,42.674521777596915],[-93.19916566549259,42.675148308532115],[-93.20377358571355,42.68016974796517],[-93.20402220057903,42.68353733704376],[-93.20335434398197,42.68929749252104],[-93.20429096871756,42.693762513130444],[-93.20382170141384,42.69703231234943],[-93.20360652283019,42.697266835441795],[-93.20359943393599,42.700360204399495],[-93.20381904237354,42.70077856517408],[-93.21296122173693,42.70512055149566],[-93.21383757979784,42.7054206000047],[-93.21624647296989,42.706744374178626],[-93.21783409491017,42.708123693804495],[-93.22667014319151,42.7122985586851],[-93.23133253078838,42.71594542090256],[-93.23123964990731,42.7203357244256],[-93.22686558598897,42.725121813677625],[-93.22648786565135,42.72558633696836],[-93.2262330385959,42.72646936529193],[-93.22561529538805,42.72980706651402],[-93.22548467661306,42.73031612594511],[-93.22459232739841,42.7319433442955],[-93.22634376178392,42.736050835354895],[-93.22702541379105,42.73621158230055],[-93.23292821306681,42.740490770956],[-93.24289303519795,42.75274881523294],[-93.24306231576962,42.75355893197868],[-93.2433417868103,42.75490913134158],[-93.24559002137607,42.75870455927745],[-93.24852250293794,42.761053109405765],[-93.24896131373323,42.76247949117094],[-93.24937471174097,42.763469170706614],[-93.25062569593884,42.76596990271951],[-93.25072328829192,42.766870215398114],[-93.25169942145293,42.76872315851511],[-93.25193505519736,42.76993835027007],[-93.253107676095,42.775181324649616],[-93.25423331013694,42.78214888910162],[-93.25437608093378,42.78305359829124],[-93.26180300653982,42.799061652833544],[-93.26538033883396,42.79934158544168],[-93.2668805985351,42.79959474733875],[-93.27187573334969,42.80387847810323],[-93.27203302138149,42.80784939508218],[-93.27174467630472,42.80885866098114],[-93.27126339760532,42.81102554976255],[-93.27615514312797,42.812675312826585],[-93.27351671537586,42.81954809339743],[-93.27306334559027,42.82076487364502],[-93.27176064043819,42.824365537570515],[-93.27196339046898,42.82570232285079],[-93.27273901032292,42.82889730931708],[-93.27292544684138,42.83129673881487],[-93.27245312698967,42.83440013836745],[-93.27272812315881,42.83763233080793],[-93.27673941609096,42.842444954845604],[-93.27744088613152,42.843667954854105],[-93.28012878712599,42.84659708023441],[-93.28224830733981,42.84803269320841],[-93.28474363768838,42.851245843212695],[-93.28253420997733,42.85378175654235],[-93.28252219724119,42.85584395713796],[-93.2816029770006,42.85969590663297],[-93.28188905359892,42.86237422061395],[-93.28253262867798,42.86517321928715],[-93.28273996586084,42.865758038430315],[-93.28851342094593,42.87066040713981],[-93.29022182840909,42.873222535780954],[-93.29128932705332,42.87436797105353],[-93.29196026592038,42.87530729180835],[-93.29500291155725,42.8787754465798],[-93.29540432097302,42.88134535832162],[-93.29545376848547,42.88216469172958],[-93.2953377497759,42.8827908433616],[-93.29522467871652,42.8833134289186],[-93.29656618748672,42.88576383899399],[-93.29685163298778,42.88647449842625],[-93.29754521444046,42.88762084163906],[-93.30054761291588,42.89277739130023],[-93.30070158743467,42.89303813306621],[-93.30245210445923,42.89591963542501],[-93.3035562013589,42.89753311592914],[-93.30418674075909,42.89841843739113],[-93.30635251251235,42.90099260071438],[-93.30668136623399,42.901311398234],[-93.31341425021304,42.905885713991935],[-93.3240023505303,42.90685126921923],[-93.3253353520389,42.90729773684509],[-93.32914817908949,42.90816031618257],[-93.33536421541856,42.91236110939091],[-93.33677285843419,42.91351411423622],[-93.34146542994543,42.916832053196096],[-93.34725042405049,42.923541366816266],[-93.3504926122737,42.928547252805934],[-93.34854482089015,42.93144380242699],[-93.34234034731485,42.93682050013169],[-93.3358500505535,42.940477750601644],[-93.34003187968771,42.94375220295868],[-93.33666814456863,42.94728759522988],[-93.33722956277497,42.952310701778494],[-93.33639286141104,42.95329020270101],[-93.33321011623715,42.95528511155791],[-93.32988121797119,42.95807278780732],[-93.32999444544528,42.958612757227506],[-93.32993518962522,42.959855609240954],[-93.3317965759402,42.966644440638575],[-93.33190080525245,42.96714391126714],[-93.33144851896154,42.96868956726877],[-93.32957578949426,42.97233747021576],[-93.32691693839205,42.97412807743115],[-93.32077223880106,42.97648225943265],[-93.31545950252998,42.97808641104919],[-93.31266340278593,42.98143491380002],[-93.30312369605385,42.98368932552111],[-93.29766800046504,42.98424846157654],[-93.28561402913431,42.98626480316745],[-93.2814715793159,42.988931527374795],[-93.27753614558738,42.994915901849446],[-93.27734172546428,42.99601046810794],[-93.27701631214384,42.997389005455574],[-93.27623266772088,42.998066269233625],[-93.27251530711379,42.9994214265793],[-93.27135241968571,42.999838419118944],[-93.26894747090712,43.00037539574126],[-93.26610211615711,43.001570708437875],[-93.26491061087195,43.002307378677564],[-93.26601173322285,43.005060325465735],[-93.26631100872501,43.00537480029072],[-93.2682089888314,43.00811685907895],[-93.26864818259806,43.00973671105905],[-93.26855545706954,43.01318580836156],[-93.26843551428186,43.01364534035834],[-93.2622024488571,43.023362592912626],[-93.26108471032856,43.024873471887766],[-93.25853317264243,43.026653237989834],[-93.2577263470672,43.027978779174035],[-93.25630656353249,43.03161544280629],[-93.25501616152238,43.03235222870117],[-93.25476711519494,43.04114153610228],[-93.25636134958832,43.04395198705849],[-93.25657216775892,43.04519418370683],[-93.2564793823273,43.045946297434],[-93.25614132530295,43.047874094477685],[-93.25576239958414,43.04929770994654],[-93.25453572916038,43.05189834880162],[-93.25445996195096,43.05222719447818],[-93.25413078871594,43.05428553392457],[-93.25380991321845,43.05556943719065],[-93.25283355376193,43.05899344081275],[-93.25095854260678,43.06248244649885],[-93.24437483399979,43.06443738962073],[-93.24395758887485,43.06529374949967],[-93.24390026801152,43.06613132221988],[-93.24379499550318,43.06726615744516],[-93.243915849804,43.06851306502325],[-93.24442941648265,43.071028803344255],[-93.24440251402872,43.0773007148342],[-93.24296740415035,43.08425101698013],[-93.24263773743559,43.08642188198938],[-93.24248942386012,43.088047566065775],[-93.2464936385604,43.09458087495595],[-93.24643456738855,43.0958416729613],[-93.2465174034362,43.09753889256287],[-93.2477435893768,43.100795936280186],[-93.24808708924394,43.10131745859069],[-93.24941197550447,43.10254819261998],[-93.25052647609718,43.10359478791085],[-93.25462428425499,43.106503263341736],[-93.25458308572618,43.10814672319101],[-93.25436737980995,43.109200760256414],[-93.25443574366236,43.10966435263799],[-93.25608999318139,43.111425584631284],[-93.2576346208541,43.11266926658542],[-93.2600681350412,43.11437014771863],[-93.26465223803679,43.12083852146134],[-93.26708175254986,43.122471724260876],[-93.26946878342441,43.122448105151435],[-93.27216884954932,43.12215354847684],[-93.27577181501115,43.122068361770935],[-93.2787987912862,43.12237617541614],[-93.28091450137214,43.122582600334496],[-93.28427058006443,43.12285343997621],[-93.28495687672776,43.122977795342315],[-93.28941267978058,43.124029145145904],[-93.29101767597,43.124587860779414],[-93.29694534247473,43.12958372435774],[-93.29781747828994,43.130297327613995],[-93.3027843761567,43.13074800703932],[-93.31043913298348,43.12972792938253],[-93.31571674556638,43.127385741250315],[-93.32228454537643,43.130122836396744],[-93.32442932664911,43.130008706848784],[-93.33012091798072,43.12737202501174],[-93.33714249852824,43.12657260522312],[-93.33970096981832,43.127375448168316],[-93.34584087282302,43.128986873643235],[-93.34618705513378,43.12892279191567],[-93.34717290473017,43.12899183714776],[-93.34823314817544,43.13187911987439],[-93.34993400506677,43.1319369542745],[-93.35271877437795,43.13173478715595],[-93.35715935439529,43.13085203385144],[-93.35841627235824,43.130487908462015],[-93.35900314580526,43.13032398070784],[-93.36707103853708,43.130325352296815],[-93.36835791282526,43.13291456328015],[-93.36807938856425,43.13432919861411],[-93.36364544293691,43.13945806641504],[-93.36418686833551,43.14301769455801],[-93.36445790777908,43.14452511417521],[-93.36462325822458,43.14544756606727],[-93.36545072422822,43.154035378497966],[-93.35728897636137,43.1555469734209],[-93.35466850782245,43.15702740404081],[-93.35269564388919,43.157447728516374],[-93.35063178250084,43.15957017913185],[-93.35107587623392,43.16046477818805],[-93.35299613765783,43.16043634694864],[-93.35435092873445,43.16113451435768],[-93.35410986725073,43.16205823920429],[-93.34962179694472,43.16263485893667],[-93.3488916173051,43.16260107351267],[-93.34706152908979,43.16308839923775],[-93.34475186546771,43.17611611021826],[-93.3451129706083,43.177015482629834],[-93.34706920567135,43.18161542035149],[-93.34827941417691,43.18886945758211],[-93.34885141720362,43.189570071073526],[-93.35022193433225,43.19123172824826],[-93.35100267126404,43.19962161941657],[-93.35192887173535,43.2011585537314],[-93.35434706434926,43.202537781236536],[-93.35779687906539,43.207902759558536],[-93.36542257133472,43.211890146476385],[-93.37068998406863,43.21599725918784],[-93.37319976858161,43.21677248031625],[-93.37428493049924,43.217115603886896],[-93.37553856460627,43.21738612666512],[-93.37736609431612,43.21781682243127],[-93.37776837041875,43.21853585707532],[-93.37725991070012,43.21962708995982],[-93.37713128425179,43.22478712482184],[-93.37609677674476,43.227762038269525],[-93.37558827045495,43.22823645088202],[-93.37460232994407,43.23080598500118],[-93.37454965754242,43.23181916864888],[-93.37519821301159,43.23440584374041],[-93.37555268451108,43.23935717073931],[-93.37509299570294,43.24015108039821],[-93.37406003159722,43.24129804437968],[-93.3734718618747,43.241921282237925],[-93.37325348774873,43.24221464342516],[-93.37049398273369,43.243975012057604],[-93.36837492225003,43.24594035277506],[-93.36471525003915,43.25043186394406],[-93.37074156673712,43.253883788847936],[-93.37104775328488,43.25403137264201],[-93.3757876154056,43.25533956784631],[-93.37976163284156,43.256415992721486],[-93.38031310520645,43.25644117107053],[-93.38161380401127,43.25653138036057],[-93.3858651550945,43.256625146653306],[-93.40067002414975,43.25588528310157],[-93.40144615321356,43.25582402574894],[-93.40316926354252,43.25621416325248],[-93.40806627583169,43.258844163766454],[-93.40928298981622,43.25919999868613],[-93.41089773009,43.25977050294783],[-93.41229486650676,43.26009864202981],[-93.41275192254048,43.260844384929996],[-93.42405728602509,43.262545374282276],[-93.42787073327393,43.26700200215593],[-93.42750477735058,43.267750766260264],[-93.42653515392973,43.26879443975178],[-93.41936324524862,43.27262100509549],[-93.41615641595496,43.272096957602855],[-93.41339066847358,43.27317856850193],[-93.41121879913247,43.277423136315555],[-93.41099794507205,43.27854051729253],[-93.41015817213106,43.279660122909156],[-93.40919263163359,43.28029391815229],[-93.4052099556853,43.28193797793315],[-93.40315892938119,43.282336944829346],[-93.39984839586755,43.28491042979235],[-93.39929877837943,43.285268039743784],[-93.39566450608085,43.286973579925615],[-93.39430879466764,43.287414999348364],[-93.38932327732472,43.288265047494896],[-93.38890496131081,43.287541594297004],[-93.38671832931166,43.28555447942784],[-93.3811007497455,43.28800464536794],[-93.37962756436045,43.28797353566202],[-93.37915025327604,43.28790308446583],[-93.37829308672642,43.287761853113736],[-93.36847850731394,43.288622393133274],[-93.36232583053321,43.290006304685086],[-93.35721681913878,43.29171979740851],[-93.3547315698109,43.29188513159977],[-93.35208178095311,43.291109927586945],[-93.34897179956396,43.289336547258394],[-93.34780963183395,43.28859270399061],[-93.34082463362765,43.28966733042833],[-93.33947660631218,43.290256654863384],[-93.3351164331106,43.292786359081106],[-93.33251098620131,43.29296957286691],[-93.32729915011392,43.291805024642805],[-93.32565573126931,43.29135949134057],[-93.32228798716501,43.29103587922741],[-93.31713998673945,43.2952645082018],[-93.31200008192202,43.30053742566138],[-93.30925597988058,43.30848253270518],[-93.3088980529807,43.309631599677466],[-93.29513826996025,43.31450804577818],[-93.29457650851722,43.31516683931024],[-93.29430929992391,43.3163336345104],[-93.29346591374461,43.31997819697262],[-93.29500760346438,43.32206780488889],[-93.29398914098897,43.32490240089391],[-93.285741074743,43.33118159913594],[-93.28487275020993,43.3319536690189],[-93.28208762071965,43.33277101054956],[-93.28063052142788,43.332774605483344],[-93.27359688261133,43.33136446061482],[-93.2740371171807,43.334542044652615],[-93.27587254202143,43.336352055031945],[-93.27811787871143,43.33824658039917],[-93.27901394756327,43.340464034875886],[-93.2790021842899,43.34109438820589],[-93.27843380651916,43.343855697610415],[-93.27947812380478,43.34802678800026],[-93.27957899707042,43.35454588524392],[-93.27566120228983,43.3559286274619],[-93.27475594419207,43.35648459605975],[-93.27253868247628,43.3599566918921],[-93.27359249979487,43.362664553909546],[-93.27325913782198,43.36289046836951],[-93.27253776499204,43.36328389513117],[-93.272586000966,43.36570151465543],[-93.27500399211544,43.36879779098927],[-93.27572457770604,43.36915623436366],[-93.27699355528335,43.369661917971946],[-93.28102348560807,43.36974210272335],[-93.2811192514277,43.37018309156926],[-93.282708255353,43.372308747867066],[-93.27668221525805,43.37371924042971],[-93.27106139125934,43.3762720344314],[-93.2705639314276,43.37726371985335],[-93.26773705336294,43.383924773670145],[-93.2644473622731,43.38607103702205],[-93.26411101485958,43.38617987156886],[-93.2619905833597,43.386725038545926],[-93.26104768378143,43.38736652579981],[-93.26024016003176,43.39250997571257],[-93.26029720762264,43.3963727983737],[-93.26047002346445,43.396719078730975],[-93.2616261333144,43.3981526563454],[-93.26568859830549,43.401452429536256],[-93.26427884382973,43.402162563079685],[-93.26320939266702,43.402682798594064],[-93.26159193814998,43.404825099658595],[-93.26047793328233,43.408564531966256],[-93.26062921550943,43.41270176602244],[-93.26001681159958,43.41743053743817],[-93.26036765433186,43.42012208601946],[-93.2585080058891,43.427172344945454],[-93.25977112336916,43.429758266147445],[-93.26048825462408,43.432133815754796],[-93.26063183512893,43.43401092382525],[-93.26025852398341,43.43772162522998],[-93.26105118032066,43.44479282946857],[-93.26204205300117,43.44718574447068],[-93.26312976965133,43.447845066652135],[-93.26133208370449,43.45137445081046],[-93.26082809156159,43.45147465449149],[-93.25943200534873,43.45105913374152],[-93.25696319484832,43.44959699980595],[-93.25401032708596,43.44890577408798],[-93.25197624167458,43.44977471878142],[-93.25099269468375,43.45000200110045],[-93.24553171521349,43.452274115475],[-93.23829189486221,43.45560777609932],[-93.23634954797313,43.45644927512295],[-93.22936153570859,43.4591155076855],[-93.22603553016462,43.45930681383149],[-93.22492756135459,43.45980427316562],[-93.22159692691767,43.461706300753114],[-93.22076043850028,43.46145581781688],[-93.21472582363926,43.46064357050568],[-93.2081575747492,43.46030022271258],[-93.20204801929914,43.462076215819195],[-93.19717407806739,43.46663658655728],[-93.1968774723556,43.46881617114622],[-93.19374083057274,43.47031634349709],[-93.19023750631693,43.47136682962891],[-93.18933633204867,43.47156194398272],[-93.1839411600081,43.473250213121275],[-93.1800677652518,43.47248660704491],[-93.1803620968787,43.47115348620469],[-93.17685702339305,43.47050173523347],[-93.17478165850204,43.47406171288879],[-93.17399335640299,43.47498138263481],[-93.17413694962951,43.47628229250631],[-93.17220845313585,43.47861289430088],[-93.17178754672149,43.47926185310386],[-93.16847514682428,43.479253362070324],[-93.16400309483232,43.477373566809334],[-93.16242797105213,43.47703369083197],[-93.16098142308518,43.478553010118446],[-93.16053615596128,43.479535123249654],[-93.15896089309544,43.4797489678564],[-93.15616318054879,43.478231159776804],[-93.15046103467472,43.47985073507286],[-93.14990462408008,43.48033771553342],[-93.14915673731718,43.48059083503919],[-93.14753259081952,43.48091263911931],[-93.14645481432585,43.481062624615696],[-93.14601427625128,43.48122077564432],[-93.14336390920322,43.48260636581986],[-93.14232595626042,43.482616693853494],[-93.13892257608967,43.48431378418306],[-93.13508052796159,43.48905476642275],[-93.12900608041151,43.49467613079787],[-93.12787874321216,43.49492504423667],[-93.12631924908456,43.495165431262585],[-93.12491425072048,43.494977919563595],[-93.12029671181159,43.495280129228945],[-93.11601157236201,43.49539721880991],[-93.1128970409269,43.49920923444671]]]},"properties":{"LANDFORM_R":"Des Moines Lobe","Acres":7691070.18889,"Hectares":3112465.67891,"tooltip":"Des Moines Lobe"}},
{"type":"Feature","geometry":{"type":"Polygon","coordinates":[[[-90.27494943954633,41.800093644182795],[-90.2652826338733,41.808330429972756],[-90.25663985397591,41.81817971348171],[-90.2570461776319,41.827180225864204],[-90.2541262913905,41.828884909210764],[-90.24496692223231,41.82854712237868],[-90.24186834985284,41.83072040047045],[-90.23333068871905,41.830633219656185],[-90.22342168739104,41.83299652618278],[-90.21371005316153,41.83808464640831],[-90.19872822783978,41.84789367716944],[-90.19554453523274,41.851956386205856],[-90.19051538761052,41.85479085120168],[-90.19005431137951,41.8580919277166],[-90.1846744105757,41.865294588257306],[-90.18416341938263,41.87332634768129],[-90.18014833827078,41.874647336572636],[-90.17118763390278,41.88275871857313],[-90.17239573560809,41.89542324801263],[-90.1793556351492,41.90595966992935],[-90.1812775315745,41.91682023152298],[-90.18198310918714,41.931460750551786],[-90.18581250732562,41.950155852260735],[-90.19069057518959,41.95358102389762],[-90.19169470084398,41.95976861655059],[-90.18771232724671,41.97009213098585],[-90.17792828895263,41.97573470452546],[-90.17109080092801,41.982625700227565],[-90.16842824204184,41.98340041159147],[-90.15990428154295,41.99439506945533],[-90.15861338358222,42.00652092588531],[-90.16086297058021,42.01167507093546],[-90.16178758662014,42.019597727258464],[-90.16615973189349,42.03380277671849],[-90.16764572178926,42.041315787935396],[-90.18279753284042,42.0593343937643],[-90.19402501877914,42.070702915689814],[-90.19533365344661,42.07684181677129],[-90.20025479669076,42.07780247012927],[-90.20189796128757,42.08490191137727],[-90.2008351375125,42.09025450793276],[-90.20203875892221,42.09538228419761],[-90.2012048949136,42.1023652256242],[-90.19532764377279,42.10939297760352],[-90.19394045804893,42.11865938409906],[-90.20195062772196,42.12815548432373],[-90.21613565308122,42.13936985700575],[-90.22593158698095,42.14431349365412],[-90.23996518601939,42.14879813224009],[-90.24572723535273,42.149609017887286],[-90.25813449188446,42.148225629595025],[-90.2711423129707,42.14511837340544],[-90.28039529127516,42.14528220820649],[-90.29145457227926,42.147224800292584],[-90.3082650384954,42.152046791189626],[-90.32217071782958,42.15438937536196],[-90.33257005535232,42.15956212848034],[-90.33692882837637,42.16515405316829],[-90.33914401156113,42.17159250279993],[-90.34934599860064,42.17978458729575],[-90.35559963087796,42.181553774042854],[-90.36766699740426,42.192084329924],[-90.38168233720954,42.19386198040971],[-90.38692053436903,42.19655871671902],[-90.39186811457202,42.202666215690435],[-90.3899221930429,42.20783238149919],[-90.38444496775769,42.21090104204223],[-90.38326501971203,42.21574840166124],[-90.38723243760764,42.22303904874986],[-90.39266213986782,42.226473501300674],[-90.39749049813132,42.23641688328958],[-90.4052955629674,42.24379796581772],[-90.41660312679281,42.25204993723151],[-90.42044788612783,42.25615277369508],[-90.42336239636579,42.26450295953885],[-90.43044295903209,42.277728203182456],[-90.43705538816673,42.276683088078],[-90.449828647349,42.28614411784543],[-90.44841926428818,42.29065578186038],[-90.4573646156901,42.29312834506685],[-90.45723126151778,42.2902077604826],[-90.4670783778291,42.28774230110276],[-90.46989822071986,42.28526066074557],[-90.48049060753245,42.283157182852634],[-90.49701246297626,42.28983171061785],[-90.49998581964027,42.29543470649062],[-90.51403574915379,42.298306603212275],[-90.51489674267832,42.30208937732644],[-90.4998960055432,42.29956155773285],[-90.49635394173829,42.30309975892349],[-90.50197892146572,42.31132250032282],[-90.5193227672276,42.31672385799199],[-90.51832486171796,42.31874640567554],[-90.5024875191745,42.316196290750696],[-90.4973761841311,42.316809716823],[-90.48854632852452,42.31192045037409],[-90.48793569281534,42.30249232068815],[-90.49131049247744,42.294281610312716],[-90.48419049908306,42.29066761307313],[-90.47459188135828,42.292212502605],[-90.47267635189276,42.295128431112275],[-90.47843416698394,42.297992778912096],[-90.48123977123048,42.30155292166474],[-90.46716832100229,42.30975254821475],[-90.45425452753045,42.309822122654495],[-90.45161524292814,42.314662180234926],[-90.46038433579402,42.31641920139276],[-90.46996522448813,42.315834167909046],[-90.47586100529021,42.31675210842198],[-90.47775022940256,42.32118814052162],[-90.47313139478517,42.32518816702113],[-90.46603938910513,42.32593657685544],[-90.46975293535858,42.330075370139134],[-90.46815498411893,42.33413283884968],[-90.46065856957367,42.33713672260003],[-90.45166847869406,42.33512716409417],[-90.4453191134916,42.33535499945057],[-90.44524409411703,42.341008436528995],[-90.45391898971766,42.34219655030019],[-90.45698084804629,42.33973414511166],[-90.46405293850653,42.34099397123014],[-90.46671563070258,42.33869356354291],[-90.48545568482834,42.33789512567366],[-90.4957164638894,42.33382893262893],[-90.4976295514935,42.34059744626322],[-90.50459858861294,42.34709338380383],[-90.50206949527245,42.35362994352642],[-90.50967289107722,42.35208892913168],[-90.51495436525158,42.352869909882244],[-90.51422767098157,42.34786089012728],[-90.51650199395235,42.343844428364065],[-90.52173452168292,42.34286355449264],[-90.5285084791108,42.34494136382046],[-90.52615690885625,42.35353544267032],[-90.53320150511003,42.351697142678546],[-90.5398712422405,42.352493332453356],[-90.53870416042429,42.33445824147167],[-90.54659995473277,42.33165581413909],[-90.54239119871801,42.33929649564917],[-90.5464882934765,42.34495836316197],[-90.5495175648181,42.34572554592944],[-90.55909489255576,42.344331466450775],[-90.56458621569466,42.34158464658385],[-90.57324837963371,42.34129556294659],[-90.58367655697558,42.33595969383165],[-90.57126480758409,42.33112286331358],[-90.58066502485683,42.32927295025936],[-90.57682934586965,42.325675465265014],[-90.58329710973922,42.32376781799984],[-90.58498497933698,42.3293865371934],[-90.5901234642404,42.33329030048354],[-90.5996549864674,42.33185131834718],[-90.60032596251672,42.335967184713446],[-90.60782262696695,42.33306211023089],[-90.61498026579191,42.33611537339604],[-90.61122959772986,42.33964383346818],[-90.62248177398351,42.34225957372376],[-90.62741971512149,42.34527051717516],[-90.63803249893844,42.34675036744809],[-90.6208290596779,42.351676140965],[-90.63390265799498,42.35566581500912],[-90.63174502389572,42.36011480632964],[-90.62551152932826,42.35574446614125],[-90.62007893343745,42.3541594840459],[-90.62059064776113,42.35939755841333],[-90.61691661704984,42.371081865808044],[-90.62128452130091,42.37918709256206],[-90.62570520594788,42.38098970561826],[-90.63760558857663,42.39286112014404],[-90.62900447914637,42.39306173473724],[-90.62638955004368,42.38653748571796],[-90.61668686898719,42.382387439526624],[-90.61111641975516,42.37717912816372],[-90.60915377391962,42.372770759577506],[-90.61584627016632,42.36424727614532],[-90.6140923560516,42.356331344833194],[-90.61766865362182,42.34800397084288],[-90.6168467811359,42.346221890788335],[-90.60601835320745,42.34586121306779],[-90.59416576779859,42.33927802799146],[-90.58645219987436,42.34180842150508],[-90.58439652674048,42.34564180834356],[-90.57698963966432,42.35096057566493],[-90.58498407863262,42.35440710391701],[-90.58870734865289,42.35931218703184],[-90.57670699454872,42.35629909602685],[-90.57354967475887,42.36112204542614],[-90.57079896189192,42.35174357648439],[-90.56546966366503,42.35829424979859],[-90.5509506031746,42.35920516646733],[-90.55127061316742,42.3633903270645],[-90.55788414968862,42.36494970164567],[-90.55977988567963,42.36887123248574],[-90.56789690585117,42.369156302035535],[-90.56487065399455,42.37487326994999],[-90.57453715821129,42.375744589328605],[-90.57866954165547,42.37842990235749],[-90.58335830761824,42.37831723366119],[-90.5808492302161,42.38630578327036],[-90.5815055445396,42.39026832810092],[-90.59630738090246,42.3970002711859],[-90.58164068076964,42.397006918043395],[-90.57498064646275,42.392296164884826],[-90.5719082974252,42.38645891871355],[-90.56664653507526,42.384703921782936],[-90.56229070745917,42.38908684477443],[-90.55694115906884,42.39145381562974],[-90.5621199738401,42.4000422704879],[-90.56035804454598,42.40102684286999],[-90.55134188396157,42.39173955251241],[-90.55065447629576,42.38626334867626],[-90.55349197147451,42.378516628379145],[-90.54790499619,42.37826216925657],[-90.54283454327928,42.374186891909346],[-90.54365526089235,42.36990009831729],[-90.53697474183075,42.37135062899657],[-90.53888874013377,42.365295363417204],[-90.53472027787049,42.364877108409104],[-90.53298180179817,42.36996804438971],[-90.53653532368395,42.37986889805846],[-90.5411854148039,42.38419207630916],[-90.53478264802541,42.385391781372704],[-90.53237803854674,42.38142738177237],[-90.52392554225236,42.387012769588814],[-90.51650264794449,42.381453706804024],[-90.50984692703068,42.38313280108786],[-90.50889290294792,42.39087882418286],[-90.51566763677832,42.3906881874849],[-90.51811353526237,42.392470125772526],[-90.53788244407376,42.39074882474337],[-90.5425250098984,42.392622437929155],[-90.53745761005634,42.398929701122135],[-90.5386074206965,42.40399266670393],[-90.54609258477578,42.400983436937146],[-90.5494708183851,42.40510344505417],[-90.55522507792236,42.40383056974187],[-90.55622094694598,42.40818319271962],[-90.56259832379288,42.40996240717294],[-90.56763745279356,42.40603524333473],[-90.57299052576067,42.405567907682965],[-90.578042811107,42.41046543315739],[-90.58379986506394,42.410798568870035],[-90.58676705815228,42.408407229129374],[-90.59614551182152,42.4093067117567],[-90.5908002127543,42.41394910262457],[-90.59634869498578,42.418338472139986],[-90.60252466461503,42.41372220989894],[-90.60732886597427,42.412120665308116],[-90.6100606951533,42.41822001969239],[-90.61525355486559,42.414726193243354],[-90.62185392670636,42.418262736046735],[-90.61431700155137,42.42519752213015],[-90.61401923172885,42.430400707122374],[-90.62397815558985,42.42623119879029],[-90.63055683608498,42.432724937402135],[-90.63486003546093,42.43244462664672],[-90.62951890269184,42.426039772557516],[-90.64028050415311,42.42175035549727],[-90.6426193889278,42.41654405767385],[-90.64919101833951,42.420082945960196],[-90.65423641980759,42.419979211982444],[-90.65566767006307,42.41533037962925],[-90.66800389520742,42.42095356905575],[-90.67197552485501,42.42736486387359],[-90.67858696822191,42.426918152420754],[-90.6754744155876,42.421641136771356],[-90.67100933734011,42.41823662567475],[-90.67578341369824,42.41433079249937],[-90.6705766169635,42.40795755881762],[-90.67501618414491,42.40728677475681],[-90.6802924718623,42.409604430943695],[-90.68494676691061,42.41611915600553],[-90.689028195326,42.41313529731618],[-90.6872340777995,42.41022648705649],[-90.69074704950306,42.406722301433845],[-90.69780758637732,42.41000261389289],[-90.70767971317281,42.41024551053281],[-90.70796214949387,42.41329038020492],[-90.71609995549056,42.417676225390366],[-90.71613320912176,42.4206080474223],[-90.70701846228124,42.41971464809544],[-90.70517339374383,42.42449994091477],[-90.69547621254553,42.42530942200331],[-90.6987902740782,42.42980200667289],[-90.70262777355232,42.42840667031362],[-90.70939482185122,42.42942012015805],[-90.71194951407,42.43451849860903],[-90.69912509757265,42.436738124984394],[-90.70423150045087,42.44105040211449],[-90.70765638377166,42.43775557304566],[-90.71682411784893,42.439541494827395],[-90.71542150791898,42.434817395734214],[-90.71790292073239,42.43082355495758],[-90.72275658661792,42.431964694110846],[-90.72914127133578,42.425918391176495],[-90.72884223691565,42.420991175934354],[-90.73524990315141,42.42087933903678],[-90.7383628048479,42.4175233666095],[-90.74220904484595,42.41941373250894],[-90.74817815603471,42.41818039674161],[-90.75239715913322,42.42032085920483],[-90.76072310429066,42.41994793700596],[-90.76289714371231,42.41474036978128],[-90.77059663033985,42.406371427634525],[-90.77621127975912,42.40257219100483],[-90.78043036534717,42.40466657891212],[-90.77459603669153,42.407871920699165],[-90.78052106178504,42.41055321408821],[-90.78047730325122,42.4142669979642],[-90.77190967114153,42.415739798593016],[-90.7652989417182,42.4230719300992],[-90.75421823065469,42.425863173611226],[-90.75504519079422,42.43106181405188],[-90.76347183295127,42.43201892809622],[-90.76111095060477,42.437249856891576],[-90.76950932141452,42.43866524002874],[-90.77153656551245,42.441707863416774],[-90.75958566187339,42.44910230308554],[-90.7429017141043,42.45128742683008],[-90.73879131643758,42.4534081318692],[-90.73933492098402,42.45762422589323],[-90.74275757772324,42.46125770681862],[-90.74775092051487,42.4555116686611],[-90.76143678217016,42.454415444508975],[-90.76879695615237,42.45191590965364],[-90.77385402974075,42.45384674389619],[-90.77184318527657,42.460885691631205],[-90.77870856306905,42.45852449130741],[-90.78141049234672,42.453497924361656],[-90.78162919738888,42.44763082119839],[-90.78821466664255,42.451481657251556],[-90.7917571255732,42.4600147440286],[-90.80100825090126,42.45785121065026],[-90.8098394085947,42.46435083928916],[-90.81072587366906,42.4679428004962],[-90.80742503875635,42.470662304531224],[-90.79604355639293,42.47455491184781],[-90.80491634926061,42.47676478699531],[-90.8037627421283,42.481330789671844],[-90.81339651394654,42.4807675095678],[-90.81925933342391,42.481914763137546],[-90.81646353281015,42.48630106290574],[-90.80713048071911,42.485330478592985],[-90.79649791692462,42.495338364815844],[-90.80688424183467,42.493088149674804],[-90.80881301978499,42.494781965590164],[-90.81688385007574,42.49281524514849],[-90.82619404571898,42.500205234384545],[-90.82121669237598,42.50066455820311],[-90.81906058938443,42.50382937043031],[-90.81253013476154,42.50407865410929],[-90.81548382133917,42.50852945543038],[-90.81311882873031,42.513369611688454],[-90.80669297577425,42.51418786873277],[-90.80134908545509,42.51222144787395],[-90.79971742822774,42.51535991792088],[-90.79190345372206,42.51782112227507],[-90.79216057339158,42.52091029950328],[-90.80086176154475,42.51986639084723],[-90.80819370015764,42.51669746692162],[-90.81912185718315,42.51934177477119],[-90.8229330056763,42.51320522605201],[-90.83003193671102,42.51304266137741],[-90.82947732413982,42.508209938070486],[-90.83695987357284,42.50467278766022],[-90.84480749874994,42.50558152359363],[-90.85191615517344,42.50200033520328],[-90.84172777868731,42.49830599079871],[-90.84034836428786,42.495582986211254],[-90.85525770111764,42.49572780076687],[-90.86051671269105,42.49412859959313],[-90.86436821440779,42.49032820667261],[-90.85719441865531,42.487974587686715],[-90.86144528573797,42.483740500415685],[-90.85428485064523,42.47817662050358],[-90.86964379660391,42.48150676834274],[-90.86971573339932,42.47811316489421],[-90.86149314674427,42.47629414300958],[-90.8607503063627,42.4713454647643],[-90.87024614808527,42.47377803299647],[-90.87057187351014,42.46637733864327],[-90.8749439887637,42.46695373593405],[-90.88095155837263,42.47137389209212],[-90.88306234460615,42.47677095543818],[-90.88734954350468,42.47844844715376],[-90.89605593223692,42.47832037391783],[-90.90269019108182,42.46964836088907],[-90.90605943348935,42.46844470951137],[-90.90378390189929,42.4618293408025],[-90.90771373826738,42.46123923214364],[-90.92345119402152,42.46561367091921],[-90.92198897130623,42.46034614883683],[-90.92410449105881,42.457264158178845],[-90.92967037661589,42.4601969249382],[-90.93582493802425,42.45874547139181],[-90.94537066529466,42.459385176401376],[-90.95594390284799,42.456629419117675],[-90.9641222969816,42.46019239841955],[-90.96929029892252,42.455403185059666],[-90.95213543169503,42.45256764356645],[-90.93125012114758,42.44778470984618],[-90.9241764998343,42.44731918818085],[-90.92565186485741,42.44386085809479],[-90.93283827612063,42.44432831995287],[-90.96873952053531,42.44947697327423],[-90.97489560630338,42.45345361030712],[-90.98592245262333,42.45702478023736],[-90.99497540007798,42.458822379983864],[-91.00136072446223,42.45861864679418],[-91.0035040534686,42.45635511032116],[-90.9871288377849,42.45031451896439],[-90.98627865517717,42.44454972045698],[-90.97963879113671,42.44174936454808],[-90.97480272984778,42.44182165945569],[-90.9474949179972,42.433010807621876],[-90.95296723136569,42.4317668268499],[-90.98614790092257,42.43289457306318],[-90.99900127017061,42.435186264264914],[-91.01069451694536,42.435898376573554],[-91.01534152249495,42.43878849781906],[-91.02880851553753,42.43961946847847],[-91.04377334784925,42.44282479025749],[-91.05043652144984,42.44565779135515],[-91.06585270021799,42.449367698249],[-91.0833640691939,42.452349596349876],[-91.09158537516227,42.45440024560381],[-91.11220538503322,42.45742489370237],[-91.12441550424641,42.46480236526166],[-91.12944050687166,42.46395683225865],[-91.132280932101,42.458685433168135],[-91.14062617055194,42.45445784586322],[-91.14198882052274,42.44832924312729],[-91.14625263156753,42.444179168925125],[-91.15219987903915,42.43581900465139],[-91.15238494257441,42.42932458110957],[-91.16031683181613,42.42375155659536],[-91.1582746973932,42.41764014237194],[-91.16065541751236,42.41449939718627],[-91.16122989061503,42.408704592130206],[-91.15365771706651,42.40903331677749],[-91.15135347312429,42.410783810019566],[-91.13788135505813,42.410480495164435],[-91.13981661271943,42.41661305213401],[-91.12805770239764,42.418376055413525],[-91.12305868717522,42.423481531981245],[-91.11788619221032,42.42339682895861],[-91.10659871603146,42.42014484043639],[-91.09779475541274,42.42038199597849],[-91.09815297499436,42.42731757881616],[-91.0952759714276,42.428440567921186],[-91.08279608204785,42.42332033890079],[-91.08486178710979,42.417735466954916],[-91.08334031418259,42.41584145093198],[-91.070088103046,42.41263409529856],[-91.06283042491565,42.41192197560517],[-91.05674914002593,42.40895996417224],[-91.04081385213085,42.40561821991918],[-91.03312950140686,42.403190419195916],[-91.02029213952191,42.395945514494244],[-91.01921993328592,42.39158191906244],[-91.02898381264282,42.3871977782135],[-91.0277911816002,42.383512094885376],[-91.01194716383074,42.38334682779249],[-91.00662720127552,42.37777027595764],[-90.99786994426877,42.378099624898574],[-90.98934548680836,42.37698696175593],[-90.98565803621045,42.37299142446739],[-90.98894058633694,42.36635350338428],[-91.00364719863397,42.36612853271163],[-91.0313870583719,42.36812053309399],[-91.01556087018265,42.36228717772804],[-91.00698845868142,42.362863596894925],[-90.99315970091418,42.35878629531243],[-90.97875392703205,42.35661976103915],[-90.97303928321378,42.35488446213869],[-90.9653447486818,42.357648001373],[-90.95549117782353,42.35667135124788],[-90.94248069457778,42.35305724177084],[-90.93862028165489,42.3459457369829],[-90.93554291527373,42.343256330031636],[-90.9420808586522,42.339861678857424],[-90.94924016704742,42.34229524726104],[-90.95750161289236,42.34243810914223],[-90.9592376359118,42.336719044364855],[-90.96496840001383,42.335285403531906],[-90.97265389839728,42.33733960981457],[-90.97349082554496,42.341604954245916],[-90.98027274852528,42.34392636130124],[-90.99792687606634,42.34428079150513],[-91.00630477207419,42.34694363720762],[-91.0135412400927,42.3521616625685],[-91.01948642270254,42.3543176265532],[-91.02520682233373,42.35895941928029],[-91.0338365572717,42.36089963470216],[-91.03806190962945,42.360084892361506],[-91.04655889378756,42.361576112785166],[-91.06264325604947,42.368800895754184],[-91.07292030028168,42.370892040391354],[-91.07955723365187,42.373686888684034],[-91.0930296672847,42.372758786189],[-91.09917414037348,42.374778855806014],[-91.11239354350532,42.382282403541524],[-91.12162958660407,42.38473479893843],[-91.13218326723538,42.38311041209132],[-91.13836416686081,42.37848744174386],[-91.1460842980392,42.379765076604684],[-91.15156595792229,42.37905198151843],[-91.15629743201885,42.37634537003301],[-91.15642616707753,42.371952755660466],[-91.15352259102475,42.3638866922109],[-91.15970202730807,42.35620964615441],[-91.16598812584635,42.354247965877484],[-91.17326707137717,42.34959557439444],[-91.16731358387067,42.345524754498015],[-91.16389952457118,42.34626720019677],[-91.14793768197984,42.34256621932063],[-91.13940738657297,42.33514282557336],[-91.12994419056925,42.329162504733894],[-91.1254269093731,42.3249823163307],[-91.13033455029623,42.32201395345086],[-91.1288742392607,42.31709114359666],[-91.12269006198038,42.315004478799786],[-91.11713167641051,42.30987936210901],[-91.11682987714157,42.30205758009595],[-91.10841935792743,42.30284691797043],[-91.09776618288933,42.30108145351246],[-91.0953828063753,42.294963189803234],[-91.0786049148796,42.28624997052036],[-91.08076273559523,42.28321965638491],[-91.07489858150231,42.27857818626841],[-91.06449826564359,42.27456248828769],[-91.0686812373157,42.27304793009207],[-91.08922947611599,42.27656613144543],[-91.09439568097866,42.27678705672029],[-91.09946983259174,42.27931165845464],[-91.10922857881948,42.28100819803438],[-91.11503205504388,42.276884474847876],[-91.1148223112152,42.273679537575426],[-91.10973975033856,42.2647209607647],[-91.09556782205333,42.26064143560785],[-91.06020822260982,42.24917988480119],[-91.05360613457063,42.24906818666172],[-91.04076436032683,42.24219021299665],[-91.03948690748865,42.23772866397472],[-91.05376511728785,42.23878651064493],[-91.05648707858353,42.23719808927816],[-91.07274470038351,42.240394358062275],[-91.06539285740821,42.244242221720775],[-91.07708150037149,42.24898183022672],[-91.07671430090747,42.245040241594914],[-91.08648481351732,42.248206801458494],[-91.08514103637718,42.25170109426148],[-91.09512871891714,42.25432121188434],[-91.09445598359476,42.24012172122247],[-91.10292791542706,42.239865714826074],[-91.10281268904112,42.2371171013488],[-91.09130789191538,42.23108635704936],[-91.10376185639349,42.23019394905319],[-91.10910365215945,42.23346099496226],[-91.12245899517619,42.23351797574429],[-91.13296571434854,42.231599928861556],[-91.14132164381991,42.225377461104586],[-91.13875800013051,42.22167515617805],[-91.13328332294994,42.22127562433763],[-91.13362141098357,42.214589920075184],[-91.11769759053364,42.210876424066534],[-91.12126663684924,42.204351714997664],[-91.1200697336055,42.202031186106076],[-91.11013134137356,42.20050825610689],[-91.10935326452916,42.19829807017433],[-91.11424725705781,42.19451057751266],[-91.11207601045544,42.18715780004755],[-91.10490982375599,42.183901324148025],[-91.0969618198157,42.183769933121404],[-91.08008489529337,42.17841891012319],[-91.06620268523228,42.17468284669549],[-91.0503122969381,42.1677770612257],[-91.0410418869733,42.16557955938272],[-91.03485359967291,42.16118715785973],[-91.0035830159109,42.15008879140364],[-91.00145618670798,42.150466070706734],[-90.98126001046593,42.14380881814107],[-90.98186969937609,42.13381871434837],[-90.9856603363081,42.12949048715804],[-90.98989032131179,42.12960963703201],[-90.99421697814039,42.12102179109739],[-90.98949936922982,42.11740905197348],[-90.97211668782047,42.11559495527139],[-90.96923898300126,42.110617973109456],[-90.97411177459195,42.10014031117236],[-90.99537273784411,42.094704679316145],[-91.0008018167921,42.0987483349974],[-91.00873298622058,42.09948044959213],[-91.03747628284398,42.105464031681656],[-91.07552278027539,42.114609051363864],[-91.08211212940867,42.11756055284128],[-91.08441211292597,42.125650075995516],[-91.09213672399251,42.12939892160969],[-91.09625089563667,42.12859810986021],[-91.10925963646606,42.1332797796211],[-91.12501832358156,42.137766232419764],[-91.1453422746722,42.14147326083555],[-91.17183660968301,42.147810157191074],[-91.18606998938488,42.146347159319674],[-91.20045736728747,42.14759104080617],[-91.19885184170238,42.151069131715495],[-91.20772175345282,42.15380149251602],[-91.21683470066631,42.15128206898125],[-91.22944657459405,42.15161668449063],[-91.23110905610147,42.14939984785579],[-91.22785802055773,42.14525662297943],[-91.21729118079686,42.137492280221686],[-91.20952744576833,42.133224398837754],[-91.21542397287055,42.131145724941774],[-91.2377500287867,42.13653803583188],[-91.2588575988344,42.14333946872316],[-91.27386900683715,42.14119739670074],[-91.2897170681195,42.14577064886558],[-91.31568407645412,42.151224441511566],[-91.33902713974506,42.15527459033041],[-91.34360405080717,42.15098632149378],[-91.3492535324588,42.15045070483701],[-91.35628220667081,42.139983062317505],[-91.36132695594111,42.13716871437383],[-91.38142891282753,42.136282783137695],[-91.38091056316784,42.13208774193938],[-91.38496829063735,42.12921340656208],[-91.38820690949771,42.12389134307056],[-91.39773449555345,42.126271518646],[-91.41445282424547,42.12897546213071],[-91.42094728535862,42.131636049206655],[-91.43059956570795,42.13332175689466],[-91.43574304730264,42.13183834208416],[-91.4370109541585,42.13543994691392],[-91.44746406299849,42.138436479933866],[-91.46149888962996,42.140021094773886],[-91.46261596595593,42.13693349639251],[-91.45806087921572,42.131365357283535],[-91.44068585554474,42.12158919497903],[-91.43115201968698,42.11517333074823],[-91.4115289167309,42.108153901854365],[-91.39812615947486,42.10129001468423],[-91.38578020355887,42.09604697113774],[-91.37683727746604,42.09085520308782],[-91.35831315387243,42.08340991734686],[-91.34743261073244,42.08747781404501],[-91.33835135592193,42.08777018772697],[-91.32826876400331,42.08297694253167],[-91.3255570861487,42.07829041118388],[-91.32631260079941,42.07111916784028],[-91.32105493430325,42.06042447655045],[-91.3095559855682,42.05888706712909],[-91.30275815730997,42.05666600772057],[-91.30081529054058,42.05426874041568],[-91.29930912633505,42.04565477391477],[-91.2932543963255,42.03682474720068],[-91.28212215781438,42.03430388958249],[-91.28108353643988,42.029425133908006],[-91.27617402698885,42.02177308818192],[-91.2615849033949,42.01570403980554],[-91.26233887474207,42.0120274795692],[-91.25560401150905,42.009070598593105],[-91.23229334616404,42.004607792279685],[-91.21539650168245,41.99926284122799],[-91.20604234628517,42.005097216250576],[-91.20187742091629,42.00465839383969],[-91.18060379267557,42.01145637879001],[-91.17205053173336,42.01343257450011],[-91.16515854687123,42.01670450037555],[-91.16336286634646,42.020053052154324],[-91.16884362125512,42.026476179628276],[-91.17897661571584,42.02874905938427],[-91.18114551665914,42.03216513146556],[-91.19001576066094,42.039064110345564],[-91.19559663252556,42.04210580462733],[-91.20772561185251,42.05412485858793],[-91.2144655184134,42.05634164875061],[-91.23223284942057,42.06971088879468],[-91.2298835705005,42.07263316988172],[-91.21237369103346,42.07025027500485],[-91.19720464740121,42.06536629247712],[-91.17869781257629,42.05831557766714],[-91.16519630104895,42.05472361261758],[-91.14553942748526,42.048491240697345],[-91.12241209423169,42.04473852188872],[-91.1027493428943,42.03892200834693],[-91.08145500708731,42.030967524863485],[-91.06176257917683,42.0264133313275],[-91.04944622553758,42.02155791285312],[-91.0450199072211,42.01810098990903],[-91.03830401861522,42.01545139129794],[-91.02501620135511,42.00551095056407],[-91.01996107249171,42.00415413636877],[-91.01254968904605,42.005714813345435],[-91.00676978380501,42.009419700969886],[-90.96529624850899,41.99559810441382],[-90.94393923860179,41.99057080235466],[-90.91362824366058,41.98241881324456],[-90.89855905941532,41.97580848286421],[-90.87947733242879,41.97081078323428],[-90.86775229232452,41.96594669712909],[-90.84808159799341,41.96177939990996],[-90.83240190333086,41.956837552460044],[-90.83169269719835,41.961047940960164],[-90.83540934023799,41.96830024504939],[-90.84196879423159,41.975182587810636],[-90.83722825566595,41.98142907344174],[-90.83046797479264,41.980455037420334],[-90.82775339172821,41.97702652810083],[-90.82812664764548,41.966050898258786],[-90.79694568916186,41.95109270792917],[-90.78131597526333,41.94487951002736],[-90.76740074955393,41.93827424034023],[-90.76008047940151,41.93728517659433],[-90.7549033456618,41.93971927260339],[-90.74485989643449,41.935722019929656],[-90.72528349754738,41.929419058638736],[-90.71475413176447,41.92329764533389],[-90.70749629516075,41.9206178346523],[-90.6980061692145,41.92065765603482],[-90.68594950382423,41.91843405898045],[-90.67885111317037,41.9154584584187],[-90.66309937344869,41.91060455359016],[-90.60890550191033,41.89652956556922],[-90.60401628630434,41.89710761247674],[-90.60044985313476,41.902513222264204],[-90.59933158009567,41.91212161450882],[-90.60424492063497,41.92270702383273],[-90.60514824463944,41.92895790362835],[-90.59761190415541,41.93654999636951],[-90.59653280875891,41.94809087289317],[-90.60357468057214,41.95196195122497],[-90.62305004901258,41.952808034680416],[-90.6259962218242,41.9560120113549],[-90.62432693800592,41.959696884799214],[-90.60916110808301,41.96567265093226],[-90.61366904393093,41.97834750233657],[-90.62466552116938,41.988333277556826],[-90.63730599945404,41.989958468343595],[-90.64787497476036,41.99621834740836],[-90.65285438200388,41.997180301426916],[-90.65727573671623,41.98705804738112],[-90.66381723591039,41.987479518400114],[-90.6710349261646,41.9905034996673],[-90.68220234576208,41.99101766242987],[-90.68335386215783,41.98585806300729],[-90.68936398513215,41.98497501989644],[-90.70227059473541,41.99070055290357],[-90.71801708635549,41.99259510497065],[-90.72499616224641,41.991585354655626],[-90.73160337367348,41.99559758567981],[-90.73214986133787,42.00193945446576],[-90.72911524173053,42.00590954153587],[-90.7223915842046,42.01052237779353],[-90.71362848511146,42.01279325755516],[-90.70849784083458,42.0160005678641],[-90.70166780878648,42.02349186565265],[-90.71185602127434,42.02455541523501],[-90.71718987222938,42.02679594592583],[-90.71163917090139,42.030593910233264],[-90.71917811258115,42.035638523726604],[-90.73957395134316,42.04280068975206],[-90.7434618541377,42.04201713227369],[-90.76451223644203,42.04717487431174],[-90.76629985783663,42.05123970737851],[-90.7764242619389,42.05431350762842],[-90.78774180354901,42.05640076859211],[-90.79167796385116,42.059786121425276],[-90.806792074507,42.05820708266192],[-90.81366382437722,42.060494979909045],[-90.83434325344959,42.05987816960116],[-90.84027579150117,42.06143080505536],[-90.84497763229378,42.06511691712515],[-90.86264337124757,42.06803620193824],[-90.86644083501055,42.06997550245719],[-90.87281392693356,42.069949633694215],[-90.88981749771834,42.07544161881796],[-90.89207865862699,42.08296690323589],[-90.88707910725654,42.082298660400625],[-90.87396275428,42.07601374890223],[-90.86951414614832,42.07621948916958],[-90.8543741347154,42.07277210872519],[-90.84878215026143,42.07252340270455],[-90.84119218808442,42.07424965773573],[-90.82787109885228,42.07414255598867],[-90.8306284506536,42.0782247271522],[-90.843545040471,42.078900281426186],[-90.84142475464591,42.084470994421146],[-90.83658472713911,42.084812186034696],[-90.82518018316387,42.07941849335982],[-90.82179965463399,42.07662119398184],[-90.81697019407628,42.07666907507499],[-90.8085921471553,42.07320441401563],[-90.80107563924828,42.0727725476242],[-90.7982607877555,42.07041315728467],[-90.79067045266804,42.07214055768739],[-90.77098020291086,42.06643768597432],[-90.75943800863477,42.065204426040964],[-90.7564773535492,42.06154885535806],[-90.74004323117806,42.05676873093163],[-90.73171347947564,42.05214213479658],[-90.72797623719302,42.05158192339698],[-90.71376215052642,42.05514063417072],[-90.70253102184496,42.05613667030545],[-90.69105587904085,42.050003235035476],[-90.69134162257978,42.045600717766305],[-90.6746266941153,42.045389426213085],[-90.6794727750583,42.0503325229592],[-90.67810356600144,42.0533982711968],[-90.66837251791169,42.051228796501846],[-90.66849592372614,42.04785869515148],[-90.66266286791802,42.045290544093135],[-90.66439573806272,42.0401475742247],[-90.66115967294965,42.03892896742311],[-90.65240111717114,42.040911539450484],[-90.6392177346429,42.042509842587705],[-90.63938299144694,42.03805095641261],[-90.652692604375,42.03300154788378],[-90.65477427823053,42.02887448043179],[-90.64727918085259,42.02282242312091],[-90.64569228444503,42.01875986238656],[-90.63891149918429,42.01430239763714],[-90.63432250251476,42.013203798511896],[-90.62158344733939,42.01337286152327],[-90.612416022089,42.010877129345246],[-90.59919896282891,42.00326640446553],[-90.58848499977958,42.00018256889092],[-90.58462824645657,41.99757088520296],[-90.58249363346505,41.99199193513262],[-90.58191119425071,41.98227148205564],[-90.56198414944075,41.976973455613475],[-90.55422803477413,41.96937425587046],[-90.54396749022331,41.96715595350482],[-90.54352227665635,41.96272911177294],[-90.54767978040339,41.952357800095015],[-90.54298255635136,41.950091495828225],[-90.5465583739135,41.945957761421965],[-90.5588492054508,41.94621972261041],[-90.56233157180662,41.94897292372444],[-90.57259010998708,41.95326986943345],[-90.57760449258585,41.951718702593716],[-90.57268324355877,41.93745317110904],[-90.56708342928835,41.93240398740024],[-90.55707609798938,41.92624319377492],[-90.54654102498303,41.914121919555946],[-90.53456726175841,41.90989841654282],[-90.5215684462249,41.90282372545892],[-90.51149955146711,41.8887235164476],[-90.51056096525987,41.883605878341214],[-90.50663695066523,41.877288718294075],[-90.50108870446029,41.873768427813104],[-90.48690953669109,41.86807790564998],[-90.47416937129702,41.86439858065355],[-90.45698788952755,41.864640638190714],[-90.4522434918607,41.863062984013794],[-90.43865914502926,41.86163044745292],[-90.4238033000426,41.86356295946477],[-90.41812423034392,41.863435363135835],[-90.40912952493406,41.860967741013226],[-90.39070035865645,41.853494269311774],[-90.388387914008,41.85836784250408],[-90.38016382738945,41.85919808785123],[-90.3750213891343,41.86135005671594],[-90.37302776077397,41.87301643074775],[-90.3713421996581,41.87713399146757],[-90.36635804087247,41.88154962102676],[-90.36450176609004,41.88981929620662],[-90.36030032885209,41.89973709352729],[-90.35382940372816,41.903365970518685],[-90.34439961613,41.91651259287122],[-90.33713599463567,41.91563733871096],[-90.3392805844362,41.90039093503238],[-90.34487132941373,41.890564611417865],[-90.3408694030205,41.87995779750251],[-90.33673004831451,41.87267075795677],[-90.32875686696444,41.86861301638904],[-90.32429740282083,41.87049040323442],[-90.32131095385051,41.880633215822],[-90.31552472691236,41.88087626634394],[-90.31042232571791,41.87548397736582],[-90.31260978364026,41.870856753054476],[-90.31071652731104,41.868470925504155],[-90.28389153311977,41.85655963880624],[-90.26429566239437,41.84885818596996],[-90.25866398548855,41.84744951810858],[-90.25771490803672,41.842266582795446],[-90.26356565764686,41.83926772249168],[-90.27142603298289,41.841796324369604],[-90.27468424495973,41.845489522070444],[-90.28603810856802,41.8461818008068],[-90.28849256318695,41.841984603665495],[-90.29551863764995,41.84406857843613],[-90.30753792897102,41.84924574873014],[-90.3158281496717,41.848372728014546],[-90.32173657422483,41.85000118819859],[-90.32551273653164,41.84817551329048],[-90.32629385838369,41.84308745167541],[-90.32949218890859,41.84145981595266],[-90.32722781426764,41.83517513071922],[-90.32030324050626,41.828493522804905],[-90.30800828871712,41.823387776614744],[-90.28886408315327,41.81896570524028],[-90.29070054417058,41.81135416695478],[-90.28936596237021,41.80707194135021],[-90.28310994653008,41.802673334226014],[-90.27674616279661,41.80082046354305],[-90.27494943954633,41.800093644182795]],[[-90.82384071242306,42.294025654332444],[-90.82761269111384,42.29188292065656],[-90.83538758831597,42.29127701453335],[-90.84934343579316,42.294994978510154],[-90.85391970509401,42.29698277362483],[-90.86001317938523,42.29673992388214],[-90.86793401470516,42.29744786493205],[-90.87306180118566,42.29798380623475],[-90.87964591945742,42.298649842318625],[-90.89198250652288,42.30327579020981],[-90.89349580720602,42.305919000080024],[-90.8945488468056,42.30795933211413],[-90.90582697073735,42.31078113142689],[-90.91154765684523,42.30731890540273],[-90.91678676328216,42.30872184812189],[-90.92174077206649,42.31392364222763],[-90.91673021249035,42.320133571363215],[-90.9111451069782,42.32431180817049],[-90.90457267796326,42.324429735256054],[-90.90060947705575,42.32316846554381],[-90.89346421823286,42.32125427225814],[-90.88490643656768,42.31848142951911],[-90.87608526140848,42.31403872214996],[-90.86828546229397,42.31258637738641],[-90.86250257794207,42.31307320870354],[-90.85501531342264,42.311863548240616],[-90.84832465221781,42.310787222521576],[-90.84496723811309,42.31060533283317],[-90.84671370383137,42.315750049425546],[-90.85210798322366,42.31727773928018],[-90.85452793189152,42.321483885656384],[-90.85548296952827,42.32637590056619],[-90.86029341243159,42.33280923828927],[-90.85669375803577,42.3331747919612],[-90.85464444446183,42.33218543601529],[-90.85540865179118,42.32990576727396],[-90.84729708612815,42.326817015335735],[-90.84189399702085,42.32552669483492],[-90.83374395947767,42.32026119128503],[-90.83615237258655,42.315432480788175],[-90.82491368192183,42.311534645259755],[-90.81979967259322,42.31119982359928],[-90.80248890857739,42.306946496431436],[-90.7977411447575,42.30531000778505],[-90.80796472310735,42.30146379342023],[-90.81231882537766,42.30059583451375],[-90.81714882349368,42.29985564523944],[-90.82002953810253,42.299910409646],[-90.82621057447169,42.30142172542693],[-90.82797558531091,42.296938175535516],[-90.82384071242306,42.294025654332444]]]},"properties":{"LANDFORM_R":"East-Central Iowa Drift Plain","Acres":924188.537542,"Hectares":374005.831866,"tooltip":"East-Central Iowa Drift Plain"}},
{"type":"Feature","geometry":{"type":"Polygon","coordinates":[[[-90.27485830435835,41.800056776557156],[-90.27674616279661,41.80082046354305],[-90.28310994653008,41.802673334226014],[-90.28936596237021,41.80707194135021],[-90.29070054417058,41.81135416695478],[-90.28886408315327,41.81896570524028],[-90.30800828871712,41.823387776614744],[-90.32030324050626,41.828493522804905],[-90.32722781426764,41.83517513071922],[-90.32949218890859,41.84145981595266],[-90.32629385838369,41.84308745167541],[-90.32551273653164,41.84817551329048],[-90.32173657422483,41.85000118819859],[-90.3158281496717,41.848372728014546],[-90.30753792897102,41.84924574873014],[-90.29551863764995,41.84406857843613],[-90.28849256318695,41.841984603665495],[-90.28603810856802,41.8461818008068],[-90.27468424495973,41.845489522070444],[-90.27142603298289,41.841796324369604],[-90.26356565764686,41.83926772249168],[-90.25771490803672,41.842266582795446],[-90.25866398548855,41.84744951810858],[-90.26429566239437,41.84885818596996],[-90.28389153311977,41.85655963880624],[-90.31071652731104,41.868470925504155],[-90.31260978364026,41.870856753054476],[-90.31042232571791,41.87548397736582],[-90.31552472691236,41.88087626634394],[-90.32131095385051,41.880633215822],[-90.32429740282083,41.87049040323442],[-90.32875686696444,41.86861301638904],[-90.33673004831451,41.87267075795677],[-90.3408694030205,41.87995779750251],[-90.34487132941373,41.890564611417865],[-90.3392805844362,41.90039093503238],[-90.33713599463567,41.91563733871096],[-90.34439961613,41.91651259287122],[-90.35382940372816,41.903365970518685],[-90.36030032885209,41.89973709352729],[-90.36450176609004,41.88981929620662],[-90.36635804087247,41.88154962102676],[-90.3713421996581,41.87713399146757],[-90.37302776077397,41.87301643074775],[-90.3750213891343,41.86135005671594],[-90.38016382738945,41.85919808785123],[-90.388387914008,41.85836784250408],[-90.39070035865645,41.853494269311774],[-90.40912952493406,41.860967741013226],[-90.41812423034392,41.863435363135835],[-90.4238033000426,41.86356295946477],[-90.43865914502926,41.86163044745292],[-90.4522434918607,41.863062984013794],[-90.45698788952755,41.864640638190714],[-90.47416937129702,41.86439858065355],[-90.48690953669109,41.86807790564998],[-90.50108870446029,41.873768427813104],[-90.50663695066523,41.877288718294075],[-90.51056096525987,41.883605878341214],[-90.51149955146711,41.8887235164476],[-90.5215684462249,41.90282372545892],[-90.53456726175841,41.90989841654282],[-90.54654102498303,41.914121919555946],[-90.55707609798938,41.92624319377492],[-90.56708342928835,41.93240398740024],[-90.57268324355877,41.93745317110904],[-90.57760449258585,41.951718702593716],[-90.57259010998708,41.95326986943345],[-90.56233157180662,41.94897292372444],[-90.5588492054508,41.94621972261041],[-90.5465583739135,41.945957761421965],[-90.54298255635136,41.950091495828225],[-90.54767978040339,41.952357800095015],[-90.54352227665635,41.96272911177294],[-90.54396749022331,41.96715595350482],[-90.55422803477413,41.96937425587046],[-90.56198414944075,41.976973455613475],[-90.58191119425071,41.98227148205564],[-90.58249363346505,41.99199193513262],[-90.58462824645657,41.99757088520296],[-90.58848499977958,42.00018256889092],[-90.59919896282891,42.00326640446553],[-90.612416022089,42.010877129345246],[-90.62158344733939,42.01337286152327],[-90.63432250251476,42.013203798511896],[-90.63891149918429,42.01430239763714],[-90.64569228444503,42.01875986238656],[-90.64727918085259,42.02282242312091],[-90.65477427823053,42.02887448043179],[-90.652692604375,42.03300154788378],[-90.63938299144694,42.03805095641261],[-90.6392177346429,42.042509842587705],[-90.65240111717114,42.040911539450484],[-90.66115967294965,42.03892896742311],[-90.66439573806272,42.0401475742247],[-90.66266286791802,42.045290544093135],[-90.66849592372614,42.04785869515148],[-90.66837251791169,42.051228796501846],[-90.67810356600144,42.0533982711968],[-90.6794727750583,42.0503325229592],[-90.6746266941153,42.045389426213085],[-90.69134162257978,42.045600717766305],[-90.69105587904085,42.050003235035476],[-90.70253102184496,42.05613667030545],[-90.71376215052642,42.05514063417072],[-90.72797623719302,42.05158192339698],[-90.73171347947564,42.05214213479658],[-90.74004323117806,42.05676873093163],[-90.7564773535492,42.06154885535806],[-90.75943800863477,42.065204426040964],[-90.77098020291086,42.06643768597432],[-90.79067045266804,42.07214055768739],[-90.7982607877555,42.07041315728467],[-90.80107563924828,42.0727725476242],[-90.8085921471553,42.07320441401563],[-90.81697019407628,42.07666907507499],[-90.82179965463399,42.07662119398184],[-90.82518018316387,42.07941849335982],[-90.83658472713911,42.084812186034696],[-90.84142475464591,42.084470994421146],[-90.843545040471,42.078900281426186],[-90.8306284506536,42.0782247271522],[-90.82787109885228,42.07414255598867],[-90.84119218808442,42.07424965773573],[-90.84878215026143,42.07252340270455],[-90.8543741347154,42.07277210872519],[-90.86951414614832,42.07621948916958],[-90.87396275428,42.07601374890223],[-90.88707910725654,42.082298660400625],[-90.89207865862699,42.08296690323589],[-90.88981749771834,42.07544161881796],[-90.87281392693356,42.069949633694215],[-90.86644083501055,42.06997550245719],[-90.86264337124757,42.06803620193824],[-90.84497763229378,42.06511691712515],[-90.84027579150117,42.06143080505536],[-90.83434325344959,42.05987816960116],[-90.81366382437722,42.060494979909045],[-90.806792074507,42.05820708266192],[-90.79167796385116,42.059786121425276],[-90.78774180354901,42.05640076859211],[-90.7764242619389,42.05431350762842],[-90.76629985783663,42.05123970737851],[-90.76451223644203,42.04717487431174],[-90.7434618541377,42.04201713227369],[-90.73957395134316,42.04280068975206],[-90.71917811258115,42.035638523726604],[-90.71163917090139,42.030593910233264],[-90.71718987222938,42.02679594592583],[-90.71185602127434,42.02455541523501],[-90.70166780878648,42.02349186565265],[-90.70849784083458,42.0160005678641],[-90.71362848511146,42.01279325755516],[-90.7223915842046,42.01052237779353],[-90.72911524173053,42.00590954153587],[-90.73214986133787,42.00193945446576],[-90.73160337367348,41.99559758567981],[-90.72499616224641,41.991585354655626],[-90.71801708635549,41.99259510497065],[-90.70227059473541,41.99070055290357],[-90.68936398513215,41.98497501989644],[-90.68335386215783,41.98585806300729],[-90.68220234576208,41.99101766242987],[-90.6710349261646,41.9905034996673],[-90.66381723591039,41.987479518400114],[-90.65727573671623,41.98705804738112],[-90.65285438200388,41.997180301426916],[-90.64787497476036,41.99621834740836],[-90.63730599945404,41.989958468343595],[-90.62466552116938,41.988333277556826],[-90.61366904393093,41.97834750233657],[-90.60916110808301,41.96567265093226],[-90.62432693800592,41.959696884799214],[-90.6259962218242,41.9560120113549],[-90.62305004901258,41.952808034680416],[-90.60357468057214,41.95196195122497],[-90.59653280875891,41.94809087289317],[-90.59761190415541,41.93654999636951],[-90.60514824463944,41.92895790362835],[-90.60424492063497,41.92270702383273],[-90.59933158009567,41.91212161450882],[-90.60044985313476,41.902513222264204],[-90.60401628630434,41.89710761247674],[-90.60890550191033,41.89652956556922],[-90.66309937344869,41.91060455359016],[-90.67885111317037,41.9154584584187],[-90.68594950382423,41.91843405898045],[-90.6980061692145,41.92065765603482],[-90.70749629516075,41.9206178346523],[-90.71475413176447,41.92329764533389],[-90.72528349754738,41.929419058638736],[-90.74485989643449,41.935722019929656],[-90.7549033456618,41.93971927260339],[-90.76008047940151,41.93728517659433],[-90.76740074955393,41.93827424034023],[-90.78131597526333,41.94487951002736],[-90.79694568916186,41.95109270792917],[-90.82812664764548,41.966050898258786],[-90.82775339172821,41.97702652810083],[-90.83046797479264,41.980455037420334],[-90.83722825566595,41.98142907344174],[-90.84196879423159,41.975182587810636],[-90.83540934023799,41.96830024504939],[-90.83169269719835,41.961047940960164],[-90.83240190333086,41.956837552460044],[-90.84808159799341,41.96177939990996],[-90.86775229232452,41.96594669712909],[-90.87947733242879,41.97081078323428],[-90.89855905941532,41.97580848286421],[-90.91362824366058,41.98241881324456],[-90.94393923860179,41.99057080235466],[-90.96529624850899,41.99559810441382],[-91.00676978380501,42.009419700969886],[-91.01254968904605,42.005714813345435],[-91.01996107249171,42.00415413636877],[-91.02501620135511,42.00551095056407],[-91.03830401861522,42.01545139129794],[-91.0450199072211,42.01810098990903],[-91.04944622553758,42.02155791285312],[-91.06176257917683,42.0264133313275],[-91.08145500708731,42.030967524863485],[-91.1027493428943,42.03892200834693],[-91.12241209423169,42.04473852188872],[-91.14553942748526,42.048491240697345],[-91.16519630104895,42.05472361261758],[-91.17869781257629,42.05831557766714],[-91.19720464740121,42.06536629247712],[-91.21237369103346,42.07025027500485],[-91.2298835705005,42.07263316988172],[-91.23223284942057,42.06971088879468],[-91.2144655184134,42.05634164875061],[-91.20772561185251,42.05412485858793],[-91.19559663252556,42.04210580462733],[-91.19001576066094,42.039064110345564],[-91.18114551665914,42.03216513146556],[-91.17897661571584,42.02874905938427],[-91.16884362125512,42.026476179628276],[-91.16336286634646,42.020053052154324],[-91.16515854687123,42.01670450037555],[-91.17205053173336,42.01343257450011],[-91.18060379267557,42.01145637879001],[-91.20187742091629,42.00465839383969],[-91.20604234628517,42.005097216250576],[-91.21539650168245,41.99926284122799],[-91.23229334616404,42.004607792279685],[-91.25560401150905,42.009070598593105],[-91.26233887474207,42.0120274795692],[-91.2615849033949,42.01570403980554],[-91.27617402698885,42.02177308818192],[-91.28108353643988,42.029425133908006],[-91.28212215781438,42.03430388958249],[-91.2932543963255,42.03682474720068],[-91.29930912633505,42.04565477391477],[-91.30081529054058,42.05426874041568],[-91.30275815730997,42.05666600772057],[-91.3095559855682,42.05888706712909],[-91.32105493430325,42.06042447655045],[-91.32631260079941,42.07111916784028],[-91.3255570861487,42.07829041118388],[-91.32826876400331,42.08297694253167],[-91.33835135592193,42.08777018772697],[-91.34743261073244,42.08747781404501],[-91.35831315387243,42.08340991734686],[-91.37683727746604,42.09085520308782],[-91.38578020355887,42.09604697113774],[-91.39812615947486,42.10129001468423],[-91.4115289167309,42.108153901854365],[-91.43115201968698,42.11517333074823],[-91.44068585554474,42.12158919497903],[-91.45806087921572,42.131365357283535],[-91.46261596595593,42.13693349639251],[-91.46149888962996,42.140021094773886],[-91.44746406299849,42.138436479933866],[-91.4370109541585,42.13543994691392],[-91.43574304730264,42.13183834208416],[-91.43059956570795,42.13332175689466],[-91.42094728535862,42.131636049206655],[-91.41445282424547,42.12897546213071],[-91.39773449555345,42.126271518646],[-91.38820690949771,42.12389134307056],[-91.38496829063735,42.12921340656208],[-91.38091056316784,42.13208774193938],[-91.38142891282753,42.136282783137695],[-91.36132695594111,42.13716871437383],[-91.35628220667081,42.139983062317505],[-91.3492535324588,42.15045070483701],[-91.34360405080717,42.15098632149378],[-91.33902713974506,42.15527459033041],[-91.31568407645412,42.151224441511566],[-91.2897170681195,42.14577064886558],[-91.27386900683715,42.14119739670074],[-91.2588575988344,42.14333946872316],[-91.2377500287867,42.13653803583188],[-91.21542397287055,42.131145724941774],[-91.20952744576833,42.133224398837754],[-91.21729118079686,42.137492280221686],[-91.22785802055773,42.14525662297943],[-91.23110905610147,42.14939984785579],[-91.22944657459405,42.15161668449063],[-91.21683470066631,42.15128206898125],[-91.20772175345282,42.15380149251602],[-91.19885184170238,42.151069131715495],[-91.20045736728747,42.14759104080617],[-91.18606998938488,42.146347159319674],[-91.17183660968301,42.147810157191074],[-91.1453422746722,42.14147326083555],[-91.12501832358156,42.137766232419764],[-91.10925963646606,42.1332797796211],[-91.09625089563667,42.12859810986021],[-91.09213672399251,42.12939892160969],[-91.08441211292597,42.125650075995516],[-91.08211212940867,42.11756055284128],[-91.07552278027539,42.114609051363864],[-91.03747628284398,42.105464031681656],[-91.00873298622058,42.09948044959213],[-91.0008018167921,42.0987483349974],[-90.99537273784411,42.094704679316145],[-90.97411177459195,42.10014031117236],[-90.96923898300126,42.110617973109456],[-90.97211668782047,42.11559495527139],[-90.98949936922982,42.11740905197348],[-90.99421697814039,42.12102179109739],[-90.98989032131179,42.12960963703201],[-90.9856603363081,42.12949048715804],[-90.98186969937609,42.13381871434837],[-90.98126001046593,42.14380881814107],[-91.00145618670798,42.150466070706734],[-91.0035830159109,42.15008879140364],[-91.03485359967291,42.16118715785973],[-91.0410418869733,42.16557955938272],[-91.0503122969381,42.1677770612257],[-91.06620268523228,42.17468284669549],[-91.08008489529337,42.17841891012319],[-91.0969618198157,42.183769933121404],[-91.10490982375599,42.183901324148025],[-91.11207601045544,42.18715780004755],[-91.11424725705781,42.19451057751266],[-91.10935326452916,42.19829807017433],[-91.11013134137356,42.20050825610689],[-91.1200697336055,42.202031186106076],[-91.12126663684924,42.204351714997664],[-91.11769759053364,42.210876424066534],[-91.13362141098357,42.214589920075184],[-91.13328332294994,42.22127562433763],[-91.13875800013051,42.22167515617805],[-91.14132164381991,42.225377461104586],[-91.13296571434854,42.231599928861556],[-91.12245899517619,42.23351797574429],[-91.10910365215945,42.23346099496226],[-91.10376185639349,42.23019394905319],[-91.09130789191538,42.23108635704936],[-91.10281268904112,42.2371171013488],[-91.10292791542706,42.239865714826074],[-91.09445598359476,42.24012172122247],[-91.09512871891714,42.25432121188434],[-91.08514103637718,42.25170109426148],[-91.08648481351732,42.248206801458494],[-91.07671430090747,42.245040241594914],[-91.07708150037149,42.24898183022672],[-91.06539285740821,42.244242221720775],[-91.07274470038351,42.240394358062275],[-91.05648707858353,42.23719808927816],[-91.05376511728785,42.23878651064493],[-91.03948690748865,42.23772866397472],[-91.04076436032683,42.24219021299665],[-91.05360613457063,42.24906818666172],[-91.06020822260982,42.24917988480119],[-91.09556782205333,42.26064143560785],[-91.10973975033856,42.2647209607647],[-91.1148223112152,42.273679537575426],[-91.11503205504388,42.276884474847876],[-91.10922857881948,42.28100819803438],[-91.09946983259174,42.27931165845464],[-91.09439568097866,42.27678705672029],[-91.08922947611599,42.27656613144543],[-91.0686812373157,42.27304793009207],[-91.06449826564359,42.27456248828769],[-91.07489858150231,42.27857818626841],[-91.08076273559523,42.28321965638491],[-91.0786049148796,42.28624997052036],[-91.0953828063753,42.294963189803234],[-91.09776618288933,42.30108145351246],[-91.10841935792743,42.30284691797043],[-91.11682987714157,42.30205758009595],[-91.11713167641051,42.30987936210901],[-91.12269006198038,42.315004478799786],[-91.1288742392607,42.31709114359666],[-91.13033455029623,42.32201395345086],[-91.1254269093731,42.3249823163307],[-91.12994419056925,42.329162504733894],[-91.13940738657297,42.33514282557336],[-91.14793768197984,42.34256621932063],[-91.16389952457118,42.34626720019677],[-91.16731358387067,42.345524754498015],[-91.17326707137717,42.34959557439444],[-91.16598812584635,42.354247965877484],[-91.15970202730807,42.35620964615441],[-91.15352259102475,42.3638866922109],[-91.15642616707753,42.371952755660466],[-91.15629743201885,42.37634537003301],[-91.15156595792229,42.37905198151843],[-91.1460842980392,42.379765076604684],[-91.13836416686081,42.37848744174386],[-91.13218326723538,42.38311041209132],[-91.12162958660407,42.38473479893843],[-91.11239354350532,42.382282403541524],[-91.09917414037348,42.374778855806014],[-91.0930296672847,42.372758786189],[-91.07955723365187,42.373686888684034],[-91.07292030028168,42.370892040391354],[-91.06264325604947,42.368800895754184],[-91.04655889378756,42.361576112785166],[-91.03806190962945,42.360084892361506],[-91.0338365572717,42.36089963470216],[-91.02520682233373,42.35895941928029],[-91.01948642270254,42.3543176265532],[-91.0135412400927,42.3521616625685],[-91.00630477207419,42.34694363720762],[-90.99792687606634,42.34428079150513],[-90.98027274852528,42.34392636130124],[-90.97349082554496,42.341604954245916],[-90.97265389839728,42.33733960981457],[-90.96496840001383,42.335285403531906],[-90.9592376359118,42.336719044364855],[-90.95750161289236,42.34243810914223],[-90.94924016704742,42.34229524726104],[-90.9420808586522,42.339861678857424],[-90.93554291527373,42.343256330031636],[-90.93862028165489,42.3459457369829],[-90.94248069457778,42.35305724177084],[-90.95549117782353,42.35667135124788],[-90.9653447486818,42.357648001373],[-90.97303928321378,42.35488446213869],[-90.97875392703205,42.35661976103915],[-90.99315970091418,42.35878629531243],[-91.00698845868142,42.362863596894925],[-91.01556087018265,42.36228717772804],[-91.0313870583719,42.36812053309399],[-91.00364719863397,42.36612853271163],[-90.98894058633694,42.36635350338428],[-90.98565803621045,42.37299142446739],[-90.98934548680836,42.37698696175593],[-90.99786994426877,42.378099624898574],[-91.00662720127552,42.37777027595764],[-91.01194716383074,42.38334682779249],[-91.0277911816002,42.383512094885376],[-91.02898381264282,42.3871977782135],[-91.01921993328592,42.39158191906244],[-91.02029213952191,42.395945514494244],[-91.03312950140686,42.403190419195916],[-91.04081385213085,42.40561821991918],[-91.05674914002593,42.40895996417224],[-91.06283042491565,42.41192197560517],[-91.070088103046,42.41263409529856],[-91.08334031418259,42.41584145093198],[-91.08486178710979,42.417735466954916],[-91.08279608204785,42.42332033890079],[-91.0952759714276,42.428440567921186],[-91.09815297499436,42.42731757881616],[-91.09779475541274,42.42038199597849],[-91.10659871603146,42.42014484043639],[-91.11788619221032,42.42339682895861],[-91.12305868717522,42.423481531981245],[-91.12805770239764,42.418376055413525],[-91.13981661271943,42.41661305213401],[-91.13788135505813,42.410480495164435],[-91.15135347312429,42.410783810019566],[-91.15365771706651,42.40903331677749],[-91.16122989061503,42.408704592130206],[-91.16065541751236,42.41449939718627],[-91.1582746973932,42.41764014237194],[-91.16031683181613,42.42375155659536],[-91.15238494257441,42.42932458110957],[-91.15219987903915,42.43581900465139],[-91.14625263156753,42.444179168925125],[-91.14198882052274,42.44832924312729],[-91.14062617055194,42.45445784586322],[-91.132280932101,42.458685433168135],[-91.12944050687166,42.46395683225865],[-91.12441550424641,42.46480236526166],[-91.11220538503322,42.45742489370237],[-91.09158537516227,42.45440024560381],[-91.0833640691939,42.452349596349876],[-91.06585270021799,42.449367698249],[-91.05043652144984,42.44565779135515],[-91.04377334784925,42.44282479025749],[-91.02880851553753,42.43961946847847],[-91.01534152249495,42.43878849781906],[-91.01069451694536,42.435898376573554],[-90.99900127017061,42.435186264264914],[-90.98614790092257,42.43289457306318],[-90.95296723136569,42.4317668268499],[-90.9474949179972,42.433010807621876],[-90.97480272984778,42.44182165945569],[-90.97963879113671,42.44174936454808],[-90.98627865517717,42.44454972045698],[-90.9871288377849,42.45031451896439],[-91.0035040534686,42.45635511032116],[-91.00136072446223,42.45861864679418],[-90.99497540007798,42.458822379983864],[-90.98592245262333,42.45702478023736],[-90.97489560630338,42.45345361030712],[-90.96873952053531,42.44947697327423],[-90.93283827612063,42.44432831995287],[-90.92565186485741,42.44386085809479],[-90.9241764998343,42.44731918818085],[-90.93125012114758,42.44778470984618],[-90.95213543169503,42.45256764356645],[-90.96929029892252,42.455403185059666],[-90.97539530701398,42.46149962817066],[-90.98318288540744,42.4634874368863],[-91.00120356025316,42.466486517589196],[-91.00571399095787,42.46827600214714],[-91.00862891792389,42.47533272481553],[-91.0112749104124,42.47739129333074],[-91.02966778280502,42.48057679575105],[-91.04716215635922,42.48432490066019],[-91.05165496728446,42.48977292334773],[-91.05048792727763,42.49396756273829],[-91.04471750853807,42.5019200768523],[-91.04174674677931,42.502495277533875],[-91.03946976271067,42.51079979820327],[-91.04451871954547,42.51182702340465],[-91.05182020362238,42.5100736410711],[-91.05849622285129,42.50681432501889],[-91.06574425125173,42.50920158981742],[-91.06559472272878,42.51163050387271],[-91.05957873956064,42.51528862440679],[-91.06263677299731,42.51788430583684],[-91.06983036266872,42.51479967191296],[-91.07531310909238,42.50784962276957],[-91.07975493798689,42.505762772604534],[-91.08766574219415,42.5095375616068],[-91.10434960828287,42.51174158122977],[-91.12487552138474,42.51568553292258],[-91.12773606200167,42.51762337506985],[-91.13649299990435,42.51763086421137],[-91.15147579804926,42.523001804046174],[-91.16278272233495,42.523183424792286],[-91.16402553450843,42.52621111687296],[-91.15362009649513,42.52604412750221],[-91.14553908617088,42.52763381304737],[-91.13545021965326,42.54010928687322],[-91.1350539453137,42.54482614107366],[-91.1510168228739,42.55812426615021],[-91.16593074655486,42.56166865534542],[-91.17192172586927,42.57102627072154],[-91.2004850658527,42.57379682623087],[-91.20815638429129,42.5715980452887],[-91.21097334899466,42.567013262812544],[-91.20146896516201,42.55632385975682],[-91.193059430999,42.55198169419258],[-91.19221335353433,42.54393107004605],[-91.2019222248635,42.54055354162838],[-91.21755724814352,42.54000955192839],[-91.2232032659449,42.54201528422892],[-91.22995170662527,42.541736871470015],[-91.23589828880041,42.53725821300771],[-91.24307731794656,42.53870117711487],[-91.2469023355134,42.54207818814405],[-91.2549312971128,42.542524781665776],[-91.26916026442562,42.548850494752266],[-91.28202376759538,42.552497407122154],[-91.29126845110892,42.55933100016311],[-91.29737652471805,42.56001166086704],[-91.31502908300982,42.56432020742495],[-91.31529532172937,42.56870976719874],[-91.30372825095664,42.56908866469709],[-91.30243714199412,42.57148752555142],[-91.31820008271936,42.575596514665925],[-91.32656097577276,42.58077982563283],[-91.33165056040046,42.58156087798098],[-91.33314147364567,42.58759817551752],[-91.33746722746307,42.59148825032005],[-91.34424179663692,42.59213555830459],[-91.35426747511174,42.595972045643514],[-91.35298378989495,42.60721039581621],[-91.35643412226672,42.61067293322542],[-91.35099687325348,42.61305787716457],[-91.35788882818038,42.615912398810785],[-91.35611907066277,42.622722144400285],[-91.36256808982971,42.62295847375711],[-91.37605460194523,42.630021321982674],[-91.36548325944149,42.63308158381924],[-91.36907411502409,42.64282248439207],[-91.36635356466053,42.64516568508369],[-91.37288908759413,42.64775757933839],[-91.38168503820505,42.64903021467546],[-91.40506111054871,42.654121518933614],[-91.44162551495579,42.66136470427976],[-91.47932147522764,42.67068699760007],[-91.52635303501567,42.68127032690672],[-91.53252635640477,42.68427633010958],[-91.5330212422107,42.6888844300219],[-91.53759221062982,42.69132029837947],[-91.5459338907259,42.68842318044663],[-91.55215875605452,42.687939184264586],[-91.5614482465757,42.69518398873361],[-91.5543577717956,42.70278083204652],[-91.55876930949569,42.70657815552882],[-91.55926627663402,42.71118615459188],[-91.5676058598298,42.71783313865818],[-91.56363781941783,42.72237168437419],[-91.57517175555628,42.728603347623114],[-91.57941264445837,42.72450004732906],[-91.58409180290006,42.72455797899736],[-91.58989873752802,42.727299696295795],[-91.59851364244886,42.72918847965462],[-91.59803110286985,42.73274419211544],[-91.609210632781,42.73703643878085],[-91.60548040632602,42.74174140642141],[-91.61518649511082,42.74713628309227],[-91.60835762333495,42.748156676472824],[-91.60909994015022,42.75098885816805],[-91.66189882513129,42.759038127617245],[-91.67278009351719,42.760128276867306],[-91.70248859035472,42.767186535057],[-91.69796239201398,42.771880942575734],[-91.7078279212445,42.776247616426105],[-91.71133289460217,42.77932635958309],[-91.70979948288573,42.783401972830404],[-91.69555913660658,42.786887826922595],[-91.69870155812171,42.790782296648715],[-91.72463401099996,42.794243746183945],[-91.72652750968824,42.79616040241128],[-91.73806204493593,42.79958843345746],[-91.7497072282351,42.80092730423888],[-91.76240502274337,42.80598657002257],[-91.76626821728004,42.80906300009175],[-91.76674543016264,42.8154708121221],[-91.76057231810483,42.816908023279645],[-91.76240018660502,42.82154743676409],[-91.76729419850872,42.820091863170724],[-91.77797347677173,42.82320504339765],[-91.78663375191051,42.82459387767878],[-91.79510818694465,42.830054927317],[-91.80338290373548,42.83330249820915],[-91.80347175389979,42.82870180197155],[-91.80657786251409,42.82298443108301],[-91.81121357103915,42.819002844706624],[-91.8200374222326,42.82072404134344],[-91.8315005520316,42.82065247885228],[-91.83276176759885,42.82529849083761],[-91.83866391054596,42.82762779639026],[-91.84522207095091,42.832201190638045],[-91.84604675507383,42.8369056802203],[-91.8376613974833,42.83940984682214],[-91.84144943032823,42.845873386535914],[-91.84558590985739,42.84763964075045],[-91.83900512926964,42.85112112290039],[-91.83033013637146,42.84887611844022],[-91.82754359820008,42.85081073524964],[-91.8160026458322,42.84781935884053],[-91.81331627034547,42.85201044430172],[-91.81897433769768,42.85599966604058],[-91.81852924991739,42.860200454173416],[-91.80716813298321,42.85999712354682],[-91.79808945338843,42.857695945004416],[-91.79348596978714,42.86587368277064],[-91.79896400820003,42.87006910417587],[-91.81061936020643,42.87396838573678],[-91.80890195417105,42.87823244443917],[-91.80321909089876,42.87901516580569],[-91.8015083942323,42.88230663375082],[-91.79009216051836,42.88143015454968],[-91.78969448549887,42.88634271222123],[-91.79742670001318,42.88782446166706],[-91.80403731657435,42.89100043598496],[-91.8053001254174,42.89611947606877],[-91.81132672986676,42.90138710256809],[-91.8035576165986,42.90170691583601],[-91.80214741946584,42.904195570303436],[-91.79210040098104,42.90258619170842],[-91.78823677743361,42.9051478234772],[-91.79728043183998,42.90934945684763],[-91.7946246655671,42.91282448246245],[-91.80243996624003,42.91683266600069],[-91.79693361668909,42.9201608286145],[-91.79670962932033,42.924660973441924],[-91.78514202541729,42.9240390574275],[-91.77849358104643,42.92485532117238],[-91.78231507580128,42.9292139149003],[-91.78396918833154,42.93513876058274],[-91.78220581590826,42.93770444868687],[-91.78702885089272,42.94588262213445],[-91.78988187994564,42.94631352873341],[-91.80139000443675,42.9432333016683],[-91.82324302167457,42.94856576875248],[-91.82249331914929,42.953564816049564],[-91.83343522827904,42.957359829609345],[-91.83782491582562,42.96457239459032],[-91.84273724487772,42.96555415389641],[-91.86073510208314,42.97212812007922],[-91.8702819149819,42.97234426555766],[-91.88951340162879,42.977133883396704],[-91.90975018738153,42.98324455602453],[-91.92645767920527,42.990439722363256],[-91.92975950205967,43.0064722961725],[-91.93560888698549,43.01057449541186],[-91.94086298853784,43.010226992568015],[-91.94525299047457,43.00704376751028],[-91.94876165615085,43.00191623947946],[-91.95883173734805,43.00199922657208],[-91.95760821508593,42.993190329941974],[-91.95997186818262,42.989564839008345],[-91.97076245939307,42.989216580614595],[-91.97545642906987,42.99112718396118],[-91.97721195496283,42.99487990334889],[-91.98202620043685,42.996881358077076],[-91.97952471796799,43.00157314806166],[-91.97040349751114,43.00344556730294],[-91.96791537803702,43.0080471683169],[-91.97107456602608,43.01403680678495],[-91.96797769445679,43.01612958411635],[-91.95237898566958,43.017491770274795],[-91.94933578160088,43.02102080569904],[-91.95611744668126,43.02395536165593],[-91.9505709029845,43.02924003588054],[-91.93147499022056,43.02568665596189],[-91.92573933998104,43.029721193742404],[-91.9081073708906,43.021774267925544],[-91.90227325309085,43.0217184957603],[-91.89648834831078,43.024094208419605],[-91.88811974328424,43.02542702555997],[-91.88663906486094,43.03200418103642],[-91.88030246539374,43.03395948566056],[-91.87844243043354,43.04028518427993],[-91.87994064359211,43.044135898741004],[-91.89096911379453,43.04825486799228],[-91.89923165321899,43.04791585666382],[-91.90703961163392,43.05138544522314],[-91.91258735597468,43.05178043519926],[-91.91639084140317,43.05486910971925],[-91.92894833030022,43.06042161826854],[-91.93973429405496,43.061426953580124],[-91.93890556045066,43.06470152014573],[-91.93091710844357,43.06752226890946],[-91.91948858797589,43.068387539397335],[-91.92658615817916,43.07234883889173],[-91.91912862789357,43.074795536793765],[-91.91074886391405,43.07548605775893],[-91.90033961425047,43.08085698156946],[-91.91065449362645,43.086430437911545],[-91.9153398003831,43.08740239161497],[-91.91197875924738,43.09333615305623],[-91.91637109898521,43.095012150982576],[-91.91249993042936,43.10089156712673],[-91.91374411201419,43.10662136892651],[-91.92427191333783,43.10474869225936],[-91.91982149918448,43.11024470714409],[-91.91474606366495,43.11072800956105],[-91.90712437627938,43.11563064211464],[-91.90600608716548,43.11798370029169],[-91.92016303175954,43.1216478751306],[-91.91849706430511,43.123752761791216],[-91.92732449658207,43.13021107974372],[-91.92940568993858,43.13437269864775],[-91.92616931850685,43.14039804220323],[-91.93714375463155,43.13838880012887],[-91.94055076058719,43.13575948298017],[-91.94675470220479,43.13943206376079],[-91.94959715340963,43.14658084245712],[-91.95629027489876,43.14690315269089],[-91.95949861466157,43.14993088402748],[-91.966769070472,43.152689074564876],[-91.96911669504324,43.15839664742649],[-91.97673164137514,43.158753064621195],[-91.97685759660834,43.16207239232375],[-91.96654588876909,43.16704943555769],[-91.96566129674652,43.17157527296919],[-91.96991517179595,43.176458074822044],[-91.96374594257469,43.17706427811095],[-91.96168398327939,43.18115620628367],[-91.9573693070053,43.183921950709596],[-91.95630243663051,43.18866215459001],[-91.94990328408947,43.192052433620226],[-91.92944209470056,43.19133179032405],[-91.92242649035343,43.18848360011589],[-91.91430309845485,43.18681309016509],[-91.90610658052567,43.189256401851694],[-91.90236788594541,43.19310161690218],[-91.90069942530845,43.19845234704221],[-91.89534914522528,43.20453749575252],[-91.89361809001417,43.213336253906874],[-91.89667238120681,43.21834972709053],[-91.911591874277,43.23420984500316],[-91.91357175628114,43.244930495033266],[-91.89728000160572,43.24939865926833],[-91.88905454163923,43.252763423027304],[-91.88842206275298,43.255953892114604],[-91.89694354425212,43.25527987576147],[-91.91024915447882,43.25717209648799],[-91.91947531215749,43.255661177947374],[-91.92210702217514,43.260989635266846],[-91.93398529878357,43.26764706391371],[-91.94158767177125,43.28024283038287],[-91.93305872207509,43.281172216798645],[-91.92932928073371,43.283910805701545],[-91.92026596386054,43.28247956539554],[-91.91656122812238,43.283790756891094],[-91.91500831301698,43.29144787606204],[-91.92212655471494,43.29558510181863],[-91.93740622141644,43.29572786386746],[-91.94512027911979,43.29663207754826],[-91.95054933835489,43.29506564007208],[-91.96154178965564,43.28852050037732],[-91.9662884490871,43.292601949378785],[-91.98191754628077,43.296649868661035],[-91.98690657579883,43.30889068402347],[-91.9928963009613,43.312383214847266],[-91.99879015907946,43.31204318746685],[-92.000960037045,43.316298753500234],[-92.01659748628676,43.32333623462778],[-92.01884888361033,43.31847064869099],[-92.01551974678765,43.314664656260476],[-92.02290557810392,43.31029779930909],[-92.03183809789164,43.30959488939225],[-92.0323004084709,43.30295348533202],[-92.04592026854908,43.299029415038255],[-92.04762931421632,43.303861071093],[-92.05364934806188,43.30677898386139],[-92.0598768697572,43.307874874774846],[-92.06375928068321,43.31063959161938],[-92.0682925713326,43.317583058174975],[-92.07618025485745,43.31775961099525],[-92.07964748765171,43.32329830890607],[-92.09182329686551,43.325340625683054],[-92.09984594874878,43.32313493577878],[-92.10753132805333,43.32870140929259],[-92.10051284917337,43.33804706705246],[-92.1069597072274,43.33744927783696],[-92.10534362500059,43.341646223511034],[-92.09797526043717,43.34450577435127],[-92.09500978032216,43.34983097648369],[-92.10540600781556,43.352506059343824],[-92.09914198933014,43.355698473466305],[-92.10509814484371,43.358334013133856],[-92.10037555651265,43.36234894167388],[-92.10652428329513,43.367097452001204],[-92.10294695764243,43.36869023595546],[-92.09387518873407,43.364647765644],[-92.08695013996912,43.354305135692606],[-92.07689782816026,43.35827191327666],[-92.07140613307666,43.35434204103641],[-92.07568337131775,43.350486784284406],[-92.07195910490836,43.347215023714185],[-92.06633946286264,43.35170750895455],[-92.05418701723615,43.347879803061076],[-92.04415338919571,43.34082243422418],[-92.03574463406923,43.34113452363842],[-92.01741907518364,43.33752981940246],[-92.01056900035624,43.33190600166184],[-91.99932502189017,43.325788688019735],[-91.99129776455844,43.32481332704718],[-91.98517436946489,43.320995371298096],[-91.97252116484518,43.321413825610676],[-91.96778710609958,43.32475693334674],[-91.96287405761964,43.3226010065605],[-91.95579307782594,43.32660217400027],[-91.93846550842184,43.326744528591796],[-91.93492587650883,43.32989923279502],[-91.93653262953703,43.33686557695181],[-91.92246851707989,43.337990223317846],[-91.92508819988173,43.34123841991705],[-91.940617108436,43.344552681059064],[-91.93716691398707,43.34721302735557],[-91.92604530110195,43.34769454903397],[-91.91579028264287,43.34523425909856],[-91.91330624433073,43.34969489776547],[-91.92580478899451,43.3546346760975],[-91.92862982848189,43.358271899902086],[-91.93080147764381,43.36544167118943],[-91.9438326318016,43.3681873874323],[-91.94801315657315,43.372277838840155],[-91.946941079197,43.377517526615996],[-91.94996370111947,43.38101646634537],[-91.96580976039273,43.38341628740274],[-91.97319004608487,43.39182974992562],[-91.98035800011479,43.39356411879162],[-91.98389623555632,43.39717480383184],[-91.99277949376716,43.39415130086452],[-91.99867889549408,43.39348720170061],[-92.00323107123091,43.39519726620798],[-92.0067426258675,43.400477360482135],[-92.00955152134047,43.40879022190422],[-92.02016126905856,43.40747245242314],[-92.02758667333168,43.41134917671667],[-92.03423631875938,43.409456095351395],[-92.04174480441301,43.4096093094286],[-92.04661023907606,43.40779508688935],[-92.03869184160332,43.40141674604743],[-92.04839875840901,43.39947196230015],[-92.05681212813833,43.4065830686747],[-92.063752126209,43.41039491210814],[-92.06890603754839,43.40649309588053],[-92.07829491996594,43.41318284709354],[-92.09282286640253,43.415968813377795],[-92.09340351772637,43.41968319997747],[-92.08672099252922,43.42380802494762],[-92.07047780976617,43.42024198919809],[-92.06813958282598,43.423284425321405],[-92.0775594445647,43.43180684606172],[-92.07783225266468,43.438953955361036],[-92.09323352809926,43.4408194564236],[-92.09525410481861,43.44267233635959],[-92.10626698288402,43.443677381647504],[-92.11394901900518,43.44626286824718],[-92.12741752415135,43.44614583644304],[-92.14312815146067,43.44395955041118],[-92.14954817653512,43.44676279012955],[-92.15041685803067,43.45620572493189],[-92.15799363768161,43.45710816980099],[-92.16132292118643,43.461153039341994],[-92.16678307896217,43.45737064838789],[-92.17622030541283,43.466587350160104],[-92.18281427122774,43.46847153108028],[-92.18120406578646,43.47098120060094],[-92.19462902164649,43.47448464849903],[-92.19856942575893,43.4712663056353],[-92.21554060901846,43.47526932206837],[-92.21783838512025,43.465731560805764],[-92.22422897686113,43.47128119181516],[-92.22823305452718,43.46626140709388],[-92.23259883587669,43.46996002027354],[-92.2400088410496,43.46523725857661],[-92.24576360005067,43.46938580090509],[-92.25138576839589,43.46744631470058],[-92.25846352541997,43.46945986207716],[-92.26929320920935,43.47724621730278],[-92.2694167541071,43.480200395513315],[-92.27552450936288,43.481747467435326],[-92.27684370927233,43.49119674676198],[-92.28748489601914,43.49300136987861],[-92.29094897653484,43.49621039667613],[-92.29094343700261,43.5006404388486],[-92.35580826133427,43.50045704863254],[-92.41567083511309,43.50083269698311],[-92.49997600753107,43.50016998550736],[-92.51545003626403,43.50050685899536],[-92.53542964882855,43.50017574639952],[-92.57311517835518,43.50052105019751],[-92.613217716622,43.500168826174644],[-92.65328848647296,43.50028867104556],[-92.74988080049137,43.49994726518471],[-92.77212926737656,43.500155573187826],[-92.85020681852771,43.499761297544055],[-92.89031156173073,43.5000584224079],[-92.92512368906105,43.49973492069966],[-92.94539817670392,43.4999712533793],[-92.98565250115008,43.49972176870496],[-93.08418216441261,43.49958135976086],[-93.1128970409269,43.49920923444671],[-93.11601157236201,43.49539721880991],[-93.12029671181159,43.495280129228945],[-93.12491425072048,43.494977919563595],[-93.12631924908456,43.495165431262585],[-93.12787874321216,43.49492504423667],[-93.12900608041151,43.49467613079787],[-93.13508052796159,43.48905476642275],[-93.13892257608967,43.48431378418306],[-93.14232595626042,43.482616693853494],[-93.14336390920322,43.48260636581986],[-93.14601427625128,43.48122077564432],[-93.14645481432585,43.481062624615696],[-93.14753259081952,43.48091263911931],[-93.14915673731718,43.48059083503919],[-93.14990462408008,43.48033771553342],[-93.15046103467472,43.47985073507286],[-93.15616318054879,43.478231159776804],[-93.15896089309544,43.4797489678564],[-93.16053615596128,43.479535123249654],[-93.16098142308518,43.478553010118446],[-93.16242797105213,43.47703369083197],[-93.16400309483232,43.477373566809334],[-93.16847514682428,43.479253362070324],[-93.17178754672149,43.47926185310386],[-93.17220845313585,43.47861289430088],[-93.17413694962951,43.47628229250631],[-93.17399335640299,43.47498138263481],[-93.17478165850204,43.47406171288879],[-93.17685702339305,43.47050173523347],[-93.1803620968787,43.47115348620469],[-93.1800677652518,43.47248660704491],[-93.1839411600081,43.473250213121275],[-93.18933633204867,43.47156194398272],[-93.19023750631693,43.47136682962891],[-93.19374083057274,43.47031634349709],[-93.1968774723556,43.46881617114622],[-93.19717407806739,43.46663658655728],[-93.20204801929914,43.462076215819195],[-93.2081575747492,43.46030022271258],[-93.21472582363926,43.46064357050568],[-93.22076043850028,43.46145581781688],[-93.22159692691767,43.461706300753114],[-93.22492756135459,43.45980427316562],[-93.22603553016462,43.45930681383149],[-93.22936153570859,43.4591155076855],[-93.23634954797313,43.45644927512295],[-93.23829189486221,43.45560777609932],[-93.24553171521349,43.452274115475],[-93.25099269468375,43.45000200110045],[-93.25197624167458,43.44977471878142],[-93.25401032708596,43.44890577408798],[-93.25696319484832,43.44959699980595],[-93.25943200534873,43.45105913374152],[-93.26082809156159,43.45147465449149],[-93.26133208370449,43.45137445081046],[-93.26312976965133,43.447845066652135],[-93.26204205300117,43.44718574447068],[-93.26105118032066,43.44479282946857],[-93.26025852398341,43.43772162522998],[-93.26063183512893,43.43401092382525],[-93.26048825462408,43.432133815754796],[-93.25977112336916,43.429758266147445],[-93.25850800588908,43.427172344945454],[-93.26036765433186,43.42012208601946],[-93.26001681159958,43.41743053743817],[-93.26062921550943,43.41270176602244],[-93.26047793328233,43.408564531966256],[-93.26159193814998,43.404825099658595],[-93.26320939266702,43.402682798594064],[-93.26427884382973,43.402162563079685],[-93.26568859830549,43.401452429536256],[-93.2616261333144,43.3981526563454],[-93.26047002346445,43.396719078730975],[-93.26029720762264,43.3963727983737],[-93.26024016003176,43.39250997571257],[-93.26104768378143,43.38736652579981],[-93.2619905833597,43.386725038545926],[-93.26411101485958,43.38617987156886],[-93.2644473622731,43.38607103702205],[-93.26773705336292,43.383924773670145],[-93.2705639314276,43.37726371985335],[-93.27106139125934,43.3762720344314],[-93.27668221525805,43.37371924042971],[-93.282708255353,43.372308747867066],[-93.2811192514277,43.37018309156926],[-93.28102348560807,43.36974210272335],[-93.27699355528335,43.369661917971946],[-93.27572457770604,43.36915623436366],[-93.27500399211544,43.36879779098927],[-93.272586000966,43.36570151465543],[-93.27253776499204,43.36328389513117],[-93.27325913782198,43.36289046836951],[-93.27359249979487,43.362664553909546],[-93.27253868247628,43.3599566918921],[-93.27475594419207,43.35648459605975],[-93.27566120228983,43.3559286274619],[-93.27957899707042,43.35454588524392],[-93.27947812380478,43.34802678800026],[-93.27843380651916,43.343855697610415],[-93.2790021842899,43.34109438820589],[-93.27901394756327,43.340464034875886],[-93.27811787871143,43.33824658039917],[-93.27587254202143,43.336352055031945],[-93.2740371171807,43.334542044652615],[-93.27359688261133,43.33136446061482],[-93.28063052142788,43.332774605483344],[-93.28208762071965,43.33277101054956],[-93.28487275020993,43.3319536690189],[-93.285741074743,43.33118159913594],[-93.29398914098897,43.32490240089391],[-93.29500760346438,43.32206780488889],[-93.29346591374461,43.31997819697262],[-93.29430929992391,43.3163336345104],[-93.29457650851722,43.31516683931024],[-93.29513826996025,43.31450804577818],[-93.3088980529807,43.309631599677466],[-93.30925597988058,43.30848253270518],[-93.31200008192202,43.30053742566138],[-93.31713998673945,43.2952645082018],[-93.32228798716501,43.29103587922741],[-93.32565573126931,43.29135949134057],[-93.32729915011392,43.291805024642805],[-93.33251098620131,43.29296957286691],[-93.3351164331106,43.292786359081106],[-93.33947660631218,43.290256654863384],[-93.34082463362765,43.28966733042833],[-93.34780963183395,43.28859270399061],[-93.34897179956396,43.289336547258394],[-93.35208178095311,43.291109927586945],[-93.3547315698109,43.29188513159977],[-93.35721681913878,43.29171979740851],[-93.36232583053321,43.290006304685086],[-93.36847850731394,43.288622393133274],[-93.37829308672642,43.287761853113736],[-93.37915025327604,43.28790308446583],[-93.37962756436045,43.28797353566202],[-93.3811007497455,43.28800464536794],[-93.38671832931166,43.28555447942784],[-93.38890496131081,43.287541594297004],[-93.38932327732472,43.288265047494896],[-93.39430879466764,43.287414999348364],[-93.39566450608085,43.286973579925615],[-93.39929877837943,43.285268039743784],[-93.39984839586755,43.28491042979235],[-93.40315892938119,43.282336944829346],[-93.4052099556853,43.28193797793315],[-93.40919263163359,43.28029391815229],[-93.41015817213106,43.279660122909156],[-93.41099794507205,43.27854051729253],[-93.41121879913247,43.277423136315555],[-93.41339066847358,43.27317856850193],[-93.41615641595496,43.272096957602855],[-93.41936324524862,43.27262100509549],[-93.42653515392973,43.26879443975178],[-93.42750477735058,43.267750766260264],[-93.42787073327393,43.26700200215593],[-93.42405728602509,43.262545374282276],[-93.41275192254048,43.260844384929996],[-93.41229486650676,43.26009864202981],[-93.41089773009,43.25977050294783],[-93.40928298981622,43.25919999868613],[-93.40806627583169,43.258844163766454],[-93.40316926354252,43.25621416325248],[-93.40144615321356,43.25582402574894],[-93.40067002414975,43.25588528310157],[-93.3858651550945,43.256625146653306],[-93.38161380401127,43.25653138036057],[-93.38031310520645,43.25644117107053],[-93.37976163284156,43.256415992721486],[-93.3757876154056,43.25533956784631],[-93.37104775328488,43.25403137264201],[-93.37074156673712,43.253883788847936],[-93.36471525003915,43.25043186394406],[-93.36837492225003,43.24594035277506],[-93.37049398273369,43.243975012057604],[-93.37325348774873,43.24221464342516],[-93.3734718618747,43.241921282237925],[-93.37406003159722,43.24129804437968],[-93.37509299570294,43.24015108039821],[-93.37555268451108,43.23935717073931],[-93.37519821301159,43.23440584374041],[-93.37454965754242,43.23181916864888],[-93.37460232994407,43.23080598500118],[-93.37558827045495,43.22823645088202],[-93.37609677674476,43.227762038269525],[-93.37713128425179,43.22478712482184],[-93.37725991070012,43.21962708995982],[-93.37776837041875,43.21853585707532],[-93.37736609431612,43.21781682243127],[-93.37553856460627,43.21738612666512],[-93.37428493049924,43.217115603886896],[-93.37319976858161,43.21677248031625],[-93.37068998406863,43.21599725918784],[-93.36542257133472,43.211890146476385],[-93.35779687906539,43.207902759558536],[-93.35434706434926,43.202537781236536],[-93.35192887173535,43.2011585537314],[-93.35100267126404,43.19962161941657],[-93.35022193433225,43.19123172824826],[-93.34885141720362,43.189570071073526],[-93.34827941417691,43.18886945758211],[-93.34706920567135,43.18161542035149],[-93.3451129706083,43.177015482629834],[-93.34475186546771,43.17611611021826],[-93.34706152908979,43.16308839923775],[-93.3488916173051,43.16260107351267],[-93.34962179694472,43.16263485893667],[-93.35410986725073,43.16205823920429],[-93.35435092873445,43.16113451435768],[-93.35299613765783,43.16043634694864],[-93.35107587623392,43.16046477818805],[-93.35063178250084,43.15957017913185],[-93.35269564388919,43.157447728516374],[-93.35466850782245,43.15702740404081],[-93.35728897636137,43.1555469734209],[-93.36545072422822,43.154035378497966],[-93.36462325822458,43.14544756606727],[-93.36445790777908,43.14452511417521],[-93.36418686833551,43.14301769455801],[-93.36364544293689,43.13945806641507],[-93.36807938856425,43.13432919861411],[-93.36835791282526,43.13291456328015],[-93.36707103853708,43.130325352296815],[-93.35900314580526,43.13032398070784],[-93.35841627235824,43.130487908462015],[-93.35715935439529,43.13085203385144],[-93.35271877437795,43.13173478715595],[-93.34993400506677,43.1319369542745],[-93.34823314817544,43.13187911987439],[-93.34717290473017,43.12899183714776],[-93.34618705513378,43.12892279191567],[-93.34584087282302,43.128986873643235],[-93.33970096981832,43.127375448168316],[-93.33714249852824,43.12657260522312],[-93.33012091798072,43.12737202501174],[-93.32442932664911,43.130008706848784],[-93.32228454537643,43.130122836396744],[-93.31571674556638,43.12738574125033],[-93.31043913298348,43.12972792938253],[-93.3027843761567,43.13074800703932],[-93.29781747828994,43.130297327613995],[-93.29694534247473,43.12958372435774],[-93.29101767597,43.124587860779414],[-93.28941267978058,43.124029145145904],[-93.28495687672776,43.122977795342315],[-93.28427058006443,43.12285343997621],[-93.28091450137214,43.122582600334496],[-93.2787987912862,43.12237617541614],[-93.27577181501115,43.122068361770935],[-93.27216884954932,43.12215354847684],[-93.26946878342441,43.122448105151435],[-93.26708175254986,43.122471724260876],[-93.26465223803679,43.12083852146134],[-93.2600681350412,43.11437014771863],[-93.2576346208541,43.11266926658542],[-93.25608999318139,43.111425584631284],[-93.25443574366236,43.10966435263799],[-93.25436737980995,43.109200760256414],[-93.25458308572618,43.10814672319101],[-93.25462428425499,43.106503263341736],[-93.25052647609718,43.10359478791085],[-93.24941197550447,43.10254819261998],[-93.24808708924394,43.10131745859069],[-93.2477435893768,43.100795936280186],[-93.2465174034362,43.09753889256287],[-93.24643456738855,43.0958416729613],[-93.2464936385604,43.09458087495595],[-93.24248942386012,43.088047566065775],[-93.24263773743559,43.08642188198938],[-93.24296740415035,43.08425101698013],[-93.24440251402872,43.0773007148342],[-93.24442941648265,43.071028803344255],[-93.243915849804,43.06851306502325],[-93.24379499550318,43.06726615744516],[-93.24390026801152,43.06613132221988],[-93.24395758887485,43.06529374949967],[-93.24437483399979,43.06443738962073],[-93.25095854260678,43.06248244649885],[-93.25283355376193,43.05899344081275],[-93.25380991321845,43.05556943719065],[-93.25413078871594,43.05428553392457],[-93.25445996195096,43.05222719447818],[-93.25453572916038,43.05189834880162],[-93.25576239958414,43.04929770994654],[-93.25614132530295,43.047874094477685],[-93.2564793823273,43.045946297434],[-93.25657216775892,43.04519418370683],[-93.25636134958832,43.04395198705849],[-93.25476711519494,43.04114153610228],[-93.25501616152238,43.03235222870117],[-93.25630656353249,43.03161544280629],[-93.2577263470672,43.027978779174035],[-93.25853317264243,43.026653237989834],[-93.26108471032856,43.024873471887766],[-93.2622024488571,43.023362592912626],[-93.26843551428186,43.01364534035834],[-93.26855545706954,43.01318580836156],[-93.26864818259806,43.00973671105905],[-93.2682089888314,43.00811685907895],[-93.26631100872501,43.00537480029072],[-93.26601173322285,43.005060325465735],[-93.26491061087195,43.002307378677564],[-93.26610211615711,43.001570708437875],[-93.26894747090712,43.00037539574126],[-93.27135241968571,42.999838419118944],[-93.27251530711379,42.9994214265793],[-93.27623266772088,42.998066269233625],[-93.27701631214384,42.997389005455574],[-93.27734172546428,42.99601046810794],[-93.27753614558738,42.994915901849446],[-93.2814715793159,42.988931527374795],[-93.28561402913431,42.98626480316745],[-93.29766800046504,42.98424846157654],[-93.30312369605385,42.98368932552111],[-93.31266340278593,42.98143491380002],[-93.31545950252996,42.97808641104919],[-93.32077223880106,42.97648225943265],[-93.32691693839205,42.97412807743115],[-93.32957578949426,42.97233747021576],[-93.33144851896154,42.96868956726877],[-93.33190080525245,42.96714391126714],[-93.3317965759402,42.966644440638575],[-93.32993518962522,42.959855609240954],[-93.32999444544528,42.958612757227506],[-93.32988121797119,42.95807278780732],[-93.33321011623715,42.95528511155791],[-93.33639286141104,42.95329020270101],[-93.33722956277497,42.952310701778494],[-93.33666814456863,42.94728759522988],[-93.3400318796877,42.9437522029587],[-93.33585005055349,42.94047775060169],[-93.34234034731485,42.93682050013169],[-93.34854482089015,42.93144380242699],[-93.35049261227368,42.928547252805934],[-93.34725042405049,42.923541366816266],[-93.34146542994543,42.916832053196096],[-93.33677285843419,42.91351411423622],[-93.33536421541856,42.91236110939091],[-93.32914817908949,42.90816031618257],[-93.3253353520389,42.90729773684509],[-93.3240023505303,42.90685126921923],[-93.31341425021301,42.90588571399197],[-93.30668136623399,42.901311398234],[-93.30635251251235,42.90099260071438],[-93.30418674075909,42.89841843739113],[-93.3035562013589,42.89753311592914],[-93.30245210445923,42.89591963542501],[-93.30070158743467,42.89303813306621],[-93.30054761291588,42.89277739130023],[-93.29754521444046,42.88762084163906],[-93.29685163298778,42.88647449842625],[-93.29656618748672,42.88576383899399],[-93.29522467871652,42.8833134289186],[-93.2953377497759,42.8827908433616],[-93.29545376848547,42.88216469172958],[-93.29540432097302,42.88134535832162],[-93.29500291155725,42.8787754465798],[-93.29196026592038,42.87530729180835],[-93.29128932705332,42.87436797105353],[-93.29022182840909,42.873222535780954],[-93.28851342094593,42.87066040713981],[-93.28273996586084,42.865758038430315],[-93.28253262867798,42.86517321928715],[-93.28188905359892,42.86237422061395],[-93.2816029770006,42.85969590663297],[-93.28252219724119,42.85584395713796],[-93.28253420997733,42.85378175654235],[-93.28474363768838,42.851245843212695],[-93.28224830733981,42.84803269320841],[-93.28012878712599,42.84659708023441],[-93.27744088613152,42.843667954854105],[-93.27673941609096,42.842444954845604],[-93.27272812315879,42.83763233080795],[-93.27245312698967,42.83440013836745],[-93.27292544684138,42.83129673881487],[-93.27273901032292,42.82889730931708],[-93.27196339046898,42.82570232285079],[-93.27176064043819,42.824365537570515],[-93.27306334559027,42.82076487364502],[-93.27351671537586,42.81954809339743],[-93.27615514312797,42.812675312826585],[-93.27126339760532,42.81102554976255],[-93.27174467630472,42.80885866098114],[-93.27203302138149,42.80784939508218],[-93.27187573334969,42.80387847810323],[-93.2668805985351,42.79959474733875],[-93.26538033883396,42.79934158544168],[-93.2618030065398,42.79906165283356],[-93.25437608093378,42.78305359829124],[-93.25423331013694,42.78214888910162],[-93.253107676095,42.775181324649616],[-93.25193505519736,42.76993835027007],[-93.25169942145293,42.76872315851511],[-93.25072328829192,42.766870215398114],[-93.25062569593884,42.76596990271951],[-93.24937471174097,42.763469170706614],[-93.24896131373323,42.76247949117094],[-93.24852250293794,42.761053109405765],[-93.24559002137607,42.75870455927745],[-93.2433417868103,42.75490913134158],[-93.24306231576962,42.75355893197868],[-93.24289303519795,42.75274881523294],[-93.23292821306681,42.740490770956],[-93.22702541379105,42.73621158230055],[-93.22634376178392,42.736050835354895],[-93.22459232739841,42.7319433442955],[-93.22548467661306,42.73031612594511],[-93.22561529538805,42.72980706651402],[-93.2262330385959,42.72646936529193],[-93.22648786565135,42.72558633696836],[-93.22686558598897,42.725121813677625],[-93.23123964990731,42.7203357244256],[-93.23133253078838,42.71594542090256],[-93.22667014319151,42.7122985586851],[-93.21783409491017,42.708123693804495],[-93.21624647296989,42.706744374178626],[-93.21383757979784,42.7054206000047],[-93.21296122173693,42.70512055149566],[-93.20381904237354,42.70077856517408],[-93.20359943393599,42.700360204399495],[-93.20360652283019,42.697266835441795],[-93.20382170141384,42.69703231234943],[-93.20429096871756,42.693762513130444],[-93.20335434398197,42.68929749252104],[-93.20402220057903,42.68353733704376],[-93.20377358571355,42.68016974796517],[-93.19916566549259,42.675148308532115],[-93.1942979434023,42.67452177759693],[-93.18788010020675,42.67646864508114],[-93.18684927981948,42.67650184875749],[-93.18435907771565,42.676096132347375],[-93.18026742043749,42.67528764569394],[-93.17799726856654,42.67430959851969],[-93.17546812371172,42.67370112621784],[-93.17332068230023,42.674294249441175],[-93.17169380049366,42.67892099462387],[-93.17254670852539,42.681297150923605],[-93.16714280843782,42.68207512172575],[-93.16687838428835,42.68161172672765],[-93.1658919112187,42.680424439942875],[-93.16489225605805,42.67841766770772],[-93.16272729487834,42.67295895431359],[-93.16232904953716,42.67263081960211],[-93.15917968416315,42.66964091910984],[-93.16242289616082,42.66646644825075],[-93.16607113054933,42.66588487353875],[-93.16852282352122,42.66167124019919],[-93.17044246447863,42.66060125493912],[-93.17131600851464,42.65724991627907],[-93.17589785394206,42.652362010093384],[-93.17700587541206,42.65172541886468],[-93.1755350997883,42.64957536730878],[-93.17356364794503,42.64513865852489],[-93.17405202346649,42.643372840801796],[-93.17150947206648,42.639481789406915],[-93.16889251377073,42.634451590235166],[-93.16857017812377,42.63420891525606],[-93.16830364941634,42.633457345803414],[-93.16493976895597,42.6282480324447],[-93.16376560754993,42.6267953210667],[-93.16359040799364,42.626250736354294],[-93.15951401575319,42.621659148359676],[-93.15852224319127,42.62125977572503],[-93.15296715992733,42.61892136838098],[-93.14951481880499,42.615215630226544],[-93.13817992098708,42.60819198422674],[-93.13734733099322,42.607427509678324],[-93.13654171786465,42.605393211592634],[-93.13892836703813,42.600874054797856],[-93.13883482202084,42.60060400057936],[-93.1337207770886,42.598633342075495],[-93.13109703366686,42.59847426518762],[-93.12654893417363,42.59852439194124],[-93.11962603199918,42.599508912592945],[-93.11517667137325,42.596942362253714],[-93.11156688305574,42.59335269068381],[-93.1063053666976,42.5882199799919],[-93.09793920305948,42.584400023075936],[-93.09589281301504,42.58228992980854],[-93.09523392119523,42.575432695228315],[-93.0912072091738,42.574409314088534],[-93.08957552566395,42.570605714557594],[-93.08968768788462,42.5699572213532],[-93.08808481277336,42.56400122531282],[-93.08920324011706,42.55988478206558],[-93.08984833365044,42.55815969769055],[-93.08991490704385,42.55679078573407],[-93.09059267938295,42.55532683498301],[-93.09239144152747,42.55204734493563],[-93.08715337571567,42.55059250736486],[-93.08017701773252,42.54504106829704],[-93.0788149364535,42.54326338483717],[-93.07957938182378,42.542236212038894],[-93.08102025384721,42.53688582980881],[-93.08122700979607,42.53193705394744],[-93.07930917618218,42.52704829001117],[-93.08071512575812,42.522612002019976],[-93.08174343744366,42.52049493476507],[-93.07826477305073,42.51536858566974],[-93.07778679902917,42.51460792448225],[-93.07758848966319,42.51420280004871],[-93.07570695969297,42.51258301679964],[-93.07349921941915,42.509049690667716],[-93.07399044984084,42.500710056647854],[-93.07402490504468,42.49667092901699],[-93.07218140434087,42.49250689917253],[-93.07326593272866,42.48985850203171],[-93.07524588038882,42.4849985797991],[-93.07405582633208,42.48050092785743],[-93.06993282258077,42.476293258541936],[-93.06666853585627,42.46680750783575],[-93.06637871396937,42.4604630341514],[-93.06401730334909,42.45635317813609],[-93.06338424891759,42.455331358145266],[-93.06234075525462,42.4519727269066],[-93.06361358284308,42.44941886237687],[-93.06442632928128,42.448189107277635],[-93.06662013695849,42.445310478443204],[-93.06762072332246,42.4428783025542],[-93.0686064854571,42.441216131274146],[-93.06895586182294,42.44068907754806],[-93.07263082858512,42.43401794385858],[-93.07165545367134,42.43122221246727],[-93.0727413273156,42.42865934674428],[-93.07369471715955,42.42690708841566],[-93.07235189286406,42.425282365300276],[-93.07088470361094,42.424481745907954],[-93.06562370127588,42.42423268528961],[-93.06378466107887,42.422594632674006],[-93.05566478919972,42.428970522252946],[-93.04528006024036,42.431104943843806],[-93.03852553899345,42.43583548820946],[-93.03439467424244,42.43398606396985],[-93.02513392915499,42.43361467508349],[-93.0186266257377,42.43482267716868],[-93.01437131897319,42.43250424278568],[-93.01487087779283,42.42731226407337],[-93.0091143788958,42.423327710632186],[-93.00598581060326,42.41804591569026],[-93.00986285400155,42.4086794748404],[-93.0087361788175,42.40348762136205],[-92.99985530955419,42.39931814764474],[-92.99923010719642,42.39181166091887],[-93.00258431324315,42.386669221643054],[-92.99262473812415,42.38262983226466],[-92.98983718201272,42.37652805626429],[-92.9834641488543,42.37377149078771],[-92.98213739234845,42.370619188220815],[-92.98359932603995,42.36520678046199],[-93.0047074787454,42.36028153311588],[-93.01731515937739,42.346991954262684],[-93.00948459825786,42.34571397310502],[-93.00205235679654,42.34590794357228],[-92.99807089543461,42.34935726306128],[-92.99408927612664,42.346695846793104],[-92.99168126616404,42.34142715560921],[-92.99583056927513,42.338531919537694],[-92.99656297992004,42.33436663164759],[-93.0021756579501,42.329116115660916],[-93.01437494759705,42.322959624249016],[-93.01217792479198,42.316619572102404],[-93.00388296172791,42.31625987265433],[-92.99680827338523,42.31209455899493],[-93.00241886051604,42.30340367196505],[-93.00973572913345,42.2976078680179],[-93.00656464799347,42.29453248288391],[-93.00193075729769,42.29507750673217],[-92.99558914533787,42.303403613335156],[-92.98729621666462,42.30412800614191],[-92.98339387555951,42.302317283875574],[-92.98315151083807,42.297246794612725],[-92.98608107625869,42.28457102561147],[-92.9921780910248,42.278235754213426],[-93.01241336484459,42.27117454130138],[-93.03437607161872,42.26543771191656],[-93.03359739270924,42.26101589789741],[-93.02660882341961,42.25890575063577],[-93.00314893421596,42.25976879345357],[-92.99322431763869,42.26351971865706],[-92.97536045712809,42.26393159117552],[-92.96584947986572,42.27135027063788],[-92.95487823284562,42.27261637218028],[-92.94415357181327,42.26971168147124],[-92.94220694960421,42.266090232971194],[-92.9431861680005,42.261384983285275],[-92.9534591363889,42.25024891386819],[-92.95028487408183,42.2461137108228],[-92.94975951065395,42.24080428177725],[-92.95346904298871,42.23667645740914],[-92.96802839035651,42.23648327342936],[-92.97597059492236,42.233927409676575],[-92.97808951811948,42.23058199002007],[-92.97544611598359,42.220944709648144],[-92.9773010197316,42.21464966925746],[-92.98471187611638,42.207765539767024],[-92.98550809326788,42.19714265578365],[-92.98312852883869,42.19261664068718],[-92.98709726761045,42.1882895880755],[-92.99132956495006,42.187110141891736],[-93.00323269674422,42.189276445025044],[-93.01116679457351,42.181994316718644],[-93.0249168339061,42.17373333588808],[-93.03443312699793,42.16566566711357],[-93.03799859182718,42.15915291291622],[-93.03895636021767,42.15175381457877],[-93.03799155980268,42.14745806564958],[-93.02964931120074,42.13982303875483],[-93.0270808010556,42.13266353494847],[-93.02002596601469,42.13051692552404],[-93.01810065599734,42.12526646995435],[-93.00335287131023,42.12025571291132],[-92.99085142428703,42.11500463756815],[-92.97610731430038,42.111661149547224],[-92.97033879926774,42.1092730995947],[-92.96360726497436,42.1109418857033],[-92.95526214324194,42.12716863105384],[-92.95558076985768,42.13003280883223],[-92.96615326999577,42.14483398094102],[-92.96967737861681,42.15247241072951],[-92.96165483394972,42.15986880310214],[-92.95171002336306,42.16081975269993],[-92.93695608698648,42.15914194162927],[-92.92797712769018,42.15674997939919],[-92.92477457873886,42.152451871023494],[-92.92638818204858,42.14386078103354],[-92.92254359182701,42.14075554246095],[-92.92608129684493,42.1319270455156],[-92.92223802282692,42.12834444911905],[-92.92128410895498,42.12189967596061],[-92.92898691059337,42.11402851645401],[-92.92130262537673,42.106863367620285],[-92.91745866562727,42.10518997339648],[-92.91008650645259,42.105900471476865],[-92.90623414377517,42.1101934953023],[-92.90910699677175,42.118549309220846],[-92.90493250037791,42.123319367196956],[-92.89371415032792,42.12187752717585],[-92.88634834373158,42.11757440234928],[-92.87961464113555,42.11876091170616],[-92.87799719299859,42.12639668965285],[-92.8811903812098,42.133321490905985],[-92.86867696749363,42.13736528762727],[-92.85713134721979,42.13830620545377],[-92.82602375788835,42.13945668921358],[-92.82025501556512,42.13825446009179],[-92.8148140884647,42.13466576397291],[-92.81258639415373,42.12893405552728],[-92.81356221379977,42.12416222360713],[-92.81902588722117,42.11939753260355],[-92.83955951674066,42.112506550329535],[-92.8456658903357,42.105832098528],[-92.85656999365219,42.102743478081216],[-92.8620336182885,42.098458564931114],[-92.86330751837792,42.08947159035885],[-92.86684855029725,42.084693280936214],[-92.86461782415653,42.07703963112798],[-92.86205609487776,42.07440667962414],[-92.85468107425473,42.07152451458186],[-92.82933393309389,42.0695803131945],[-92.82419079942443,42.07267982239127],[-92.82288929151701,42.0791310058734],[-92.81868842184485,42.08916672747986],[-92.8141830941874,42.0929873000797],[-92.8055084747563,42.09536417807998],[-92.79299173690697,42.09414895773227],[-92.78722113912345,42.091747194243986],[-92.78563401860922,42.086479941903036],[-92.79078054037679,42.08314350431862],[-92.80204606523158,42.07312117802545],[-92.80623687557987,42.06691380441744],[-92.80368200355342,42.06284301435842],[-92.80465937525418,42.05806219824572],[-92.81281480114696,42.055738559896234],[-92.81393195803199,42.04495500266966],[-92.80743508044482,42.03981956187111],[-92.79045500537904,42.03277824403652],[-92.78682233858292,42.03735592304329],[-92.78864010024546,42.05109881439721],[-92.7854245539224,42.05324542760181],[-92.7777240327687,42.05346947180011],[-92.76810468327166,42.05201842732331],[-92.75913780903164,42.04769485077011],[-92.75172687634966,42.04681445316164],[-92.75039703319851,42.05945678266238],[-92.73995977274103,42.06730991995426],[-92.73691447696646,42.068136110453594],[-92.72524494774375,42.063934337800205],[-92.71755621867102,42.064870433429476],[-92.72089165938827,42.070962478424235],[-92.71910709187364,42.07620894418726],[-92.71306366783377,42.083174095188475],[-92.71785465499585,42.09817724811303],[-92.73306327755031,42.11268690603651],[-92.73543084364745,42.12767910459283],[-92.74000287494185,42.13876292267938],[-92.73702560802538,42.14078260867628],[-92.71637344466694,42.11910464447198],[-92.7080563377142,42.11196875670408],[-92.69937771631483,42.11175728912171],[-92.69629008365438,42.1084573224922],[-92.69250995054836,42.100697217465274],[-92.68663897897595,42.09473710719597],[-92.67940447741357,42.08437772862807],[-92.67998681424572,42.07027964694438],[-92.67563211643808,42.066858487840335],[-92.6589449766114,42.06681025674329],[-92.65354523740916,42.064808189668035],[-92.64813459003696,42.061558429123764],[-92.64056505130117,42.056140118863894],[-92.6315466109292,42.05125706854776],[-92.62467938109933,42.049888396978616],[-92.62072651222508,42.04528659498371],[-92.60630137235493,42.037690642011206],[-92.60124361239994,42.02439301804059],[-92.59173119613365,42.018127093758686],[-92.59380977850788,42.01153710922182],[-92.59426200107083,41.996655263138706],[-92.60119833398784,41.98589407385598],[-92.60089735848481,41.9761838688512],[-92.59766821166369,41.97239433514031],[-92.58756107767874,41.97047166584612],[-92.58356839626501,41.97315478130961],[-92.582096743772,41.977193431964494],[-92.57702998579715,41.97825571828393],[-92.5705494122762,41.974453429161024],[-92.55752428528011,41.97656567673409],[-92.5422118383005,41.98192776642759],[-92.53562888147972,41.980726020114275],[-92.5297500647843,41.98137313526161],[-92.5179351737514,41.99042992300506],[-92.51205089892586,41.991751601184816],[-92.51246694580084,41.996472824057186],[-92.51694732699058,42.00154893425357],[-92.52005768463182,42.008641154379106],[-92.51595458891387,42.01334342274933],[-92.51591368919202,42.01873820310624],[-92.5198980099698,42.02987803632228],[-92.53609418246533,42.041067612515285],[-92.53877081284365,42.046135558598564],[-92.53329220277031,42.053192605362284],[-92.52905645066747,42.063730996310674],[-92.53442657620846,42.06572078535443],[-92.53779313466285,42.07172369793941],[-92.55207449250085,42.07594571330058],[-92.55935839175169,42.08345374826612],[-92.55011151490562,42.08140499950418],[-92.54001134991267,42.080513934366564],[-92.53953568707621,42.08934739977378],[-92.53396562460165,42.08547018690828],[-92.53135934838991,42.08073568991637],[-92.5222384597504,42.07173218622208],[-92.51559218373312,42.07083525518145],[-92.51368886687293,42.07333553525192],[-92.51453231518376,42.081431440328366],[-92.5108785485782,42.08579761562804],[-92.5036272849621,42.08711751683095],[-92.49865804492418,42.09073458273074],[-92.49670871323153,42.09583724814905],[-92.49262522313833,42.10037658857869],[-92.4863457499144,42.10251028075306],[-92.47535935426872,42.10109623498078],[-92.46433711457288,42.1039995675466],[-92.45457825383076,42.101909253308676],[-92.44419621893812,42.10140473985989],[-92.42837934898387,42.09370326443076],[-92.4181372878136,42.08781121669288],[-92.42020119935769,42.08207550117453],[-92.41939394463846,42.07870300212299],[-92.40854940635597,42.073275380314534],[-92.40056556823578,42.06686645322793],[-92.39361287661988,42.05784150672425],[-92.38811280196994,42.054813207045136],[-92.38588393862348,42.04845622577852],[-92.3703767894689,42.04370249461456],[-92.35995758289893,42.03896158164541],[-92.36238127308354,42.03324687350196],[-92.36287382077525,42.02316674910273],[-92.35914895691806,42.016251517301534],[-92.35992437574285,42.00908208367828],[-92.35587340551247,42.003632991171344],[-92.35071026853109,42.00291045238838],[-92.3433809637565,41.99421353936385],[-92.34032791257687,41.98513998723823],[-92.32129028819203,41.96825901681125],[-92.318531473279,41.96355028080507],[-92.32092742112434,41.95319336212477],[-92.32424109252416,41.94675063545907],[-92.31852769428875,41.92450660346398],[-92.31405636116033,41.919927178693484],[-92.31496691018472,41.903486442580686],[-92.30850639937091,41.90102501153795],[-92.29629752983152,41.901374319958606],[-92.2868786691749,41.900645343049824],[-92.28102454983365,41.902284156396576],[-92.27099495648764,41.916901886921224],[-92.269891935764,41.92315449979159],[-92.27230195235211,41.93049665196211],[-92.27067533329758,41.933395487036435],[-92.26449717006976,41.937021842603606],[-92.26405346169157,41.94394507569451],[-92.25580962163816,41.945211504607904],[-92.25313674671389,41.94281194036073],[-92.2518256455032,41.93622410626826],[-92.25794311497003,41.921038055019636],[-92.2456728305921,41.90660171120665],[-92.24309248896743,41.901766221509206],[-92.23729654992094,41.899426771650965],[-92.22652862077314,41.8975626077424],[-92.23218911546354,41.9111644952677],[-92.23638154321661,41.918744435002004],[-92.22102281637032,41.92785077481666],[-92.21093258472918,41.92624641776462],[-92.21102236978707,41.91895618992228],[-92.19928318125791,41.91234983560188],[-92.18952748620893,41.91164208585785],[-92.18686151429183,41.90573746098919],[-92.17940557046764,41.89941143630416],[-92.17014859539997,41.899984539103464],[-92.16707970397113,41.898940120844266],[-92.1633954860456,41.89251419510046],[-92.15668126221077,41.895153675294836],[-92.15645978469468,41.898988871801855],[-92.17142638820836,41.90716300974955],[-92.16877903798489,41.913155828676864],[-92.16427213600589,41.91721668684916],[-92.15911069313793,41.9188453084906],[-92.14805666802053,41.91648984519953],[-92.13280047421169,41.90878334047755],[-92.10927685496067,41.901191248873175],[-92.07383730551052,41.88549670019672],[-92.03426430812753,41.87237753383941],[-92.02005333562659,41.87108653888579],[-92.00151184943952,41.866838155323016],[-91.98716545634784,41.86437543686129],[-91.97779651322865,41.86358998598553],[-91.96752612547897,41.86057555979199],[-91.96273020641473,41.85801504659653],[-91.95393942669101,41.85879100812509],[-91.94327672047574,41.857265941784995],[-91.92813103545622,41.849992533623144],[-91.92060501336393,41.843644558774386],[-91.91380024219197,41.839869776273396],[-91.91008185468326,41.83412894396945],[-91.89380084386515,41.82684028810167],[-91.88501284723934,41.82761103157239],[-91.86854565151741,41.83116085462153],[-91.84371055358693,41.8331969211755],[-91.83382831703169,41.83109767705805],[-91.82617327968944,41.832447300961974],[-91.8206763414987,41.83574144320276],[-91.8183741755216,41.84694431375054],[-91.81424461044767,41.847978056184786],[-91.81527476246426,41.85343755446466],[-91.80556448326418,41.850274883849934],[-91.79343004492034,41.841628105533985],[-91.79422541062019,41.83120703517618],[-91.78623340368955,41.82603882345534],[-91.78262439226629,41.8151569454196],[-91.77735096355877,41.811678557800036],[-91.7712819344196,41.809902652480176],[-91.76213006205576,41.80980450342985],[-91.75751640137206,41.81174966517594],[-91.75245389844099,41.81711669955112],[-91.7496729714446,41.822796536212024],[-91.74322859313042,41.820726864196395],[-91.73386849459843,41.81177991789113],[-91.72778947409408,41.81056901037518],[-91.71361260753355,41.81383820516322],[-91.71013494477893,41.81608235798651],[-91.70538122222646,41.824364308576094],[-91.707388978483,41.82669252213095],[-91.71859192296473,41.8315822823879],[-91.72528822894651,41.8358041400311],[-91.72108841059875,41.840368740300114],[-91.71463603562837,41.838959342129954],[-91.70359245003854,41.83156723528987],[-91.70443695172837,41.84064612418433],[-91.70274368927866,41.843085754016144],[-91.69617197185441,41.8428537992907],[-91.68969095759984,41.838173385266565],[-91.683359825036,41.83625475766749],[-91.67849943124044,41.832817120622025],[-91.6704939490702,41.83241860663865],[-91.67337341689192,41.83695502427276],[-91.68043956036273,41.842404105267036],[-91.68286355034543,41.8459308507996],[-91.68211998335511,41.85175840674819],[-91.6732380018098,41.85865411529336],[-91.66110001133706,41.85688324103479],[-91.64754552601316,41.848321714681155],[-91.63919422926764,41.84472421944523],[-91.62511847668863,41.84618686471639],[-91.61783591928852,41.85100343664024],[-91.61428298239248,41.85655804155005],[-91.60644092415923,41.8583320271038],[-91.59495465879992,41.8553912561952],[-91.58412506421342,41.85105696108327],[-91.57974616280762,41.851471262576034],[-91.57107574748815,41.848328705367635],[-91.56311429192967,41.841461277925255],[-91.56243894133391,41.82978524971319],[-91.5678511130511,41.824953400231266],[-91.57395858574326,41.81686063786253],[-91.56781497373376,41.81258283993811],[-91.55877100878793,41.81246981960352],[-91.54706333843636,41.819793145973556],[-91.54014868482429,41.82203816431533],[-91.52779573692528,41.81651290889379],[-91.52137531627677,41.81082862240971],[-91.52334766614574,41.806422895563536],[-91.5277245392871,41.806010704299666],[-91.53125012830262,41.80185437546625],[-91.52702379074073,41.79573458100724],[-91.51901986690382,41.791196168914276],[-91.50694262746535,41.787541030453106],[-91.50423481117582,41.783304406624566],[-91.4903611008322,41.77658908935353],[-91.47271351794686,41.77455487896424],[-91.4666363265105,41.77504142682417],[-91.45042912657263,41.77113616408732],[-91.44396716259159,41.771900026550654],[-91.42900250226904,41.76375306298384],[-91.41963426287599,41.75664033979238],[-91.41940990324782,41.74994105734805],[-91.40965485208568,41.743546998427604],[-91.39525206072891,41.74436470355448],[-91.38964851569025,41.7508386633696],[-91.38915097514125,41.755195256484306],[-91.39307249791854,41.7606989266289],[-91.38798623235057,41.76289734351307],[-91.38185013374024,41.76990814283263],[-91.37943358089865,41.775548080276515],[-91.38237271439826,41.779277525371015],[-91.4007804897808,41.78606448528082],[-91.41094421430292,41.78904232310712],[-91.42439476632929,41.79717087824746],[-91.42352556692035,41.801698118679454],[-91.42568940754649,41.80627140510004],[-91.43587823378017,41.808396281731376],[-91.43999386208736,41.810721744298654],[-91.44360714394406,41.818146793502514],[-91.44673231223597,41.83010876282234],[-91.44893230712326,41.83325909943875],[-91.46691603535176,41.842862132331945],[-91.47997279480724,41.852401837472996],[-91.49724764581089,41.86028855683587],[-91.50096957220477,41.863457762937145],[-91.50344113498382,41.8714334024656],[-91.51083435859945,41.880044752981746],[-91.51532363990803,41.88293977361027],[-91.52736672999787,41.88763382821257],[-91.53143687840691,41.89556628440053],[-91.53789659517415,41.900061661822846],[-91.54972890392779,41.89922993623509],[-91.55689122887705,41.90177427985191],[-91.5580656774508,41.90791769744154],[-91.5612043044784,41.91432887486693],[-91.56962589492221,41.919337853259066],[-91.58045568822111,41.91947215943764],[-91.58904751771509,41.91688064766179],[-91.59459384940705,41.918421122372116],[-91.60889455290828,41.92496698885616],[-91.62346877988047,41.93421619529752],[-91.63029384066081,41.93748142768044],[-91.63576467301978,41.94269802185411],[-91.62775951783458,41.9484836833185],[-91.62637274879647,41.95189843824458],[-91.63853614437971,41.959090501961256],[-91.65092491528874,41.959547361126525],[-91.66531977550237,41.95878336257367],[-91.67413671551158,41.960673168890914],[-91.68486165122306,41.96608303432455],[-91.6863973187096,41.97247693212911],[-91.69052568741135,41.97863470728498],[-91.71115581736588,41.982056178751826],[-91.71801584160998,41.984091768221916],[-91.72221802933892,41.987574417162925],[-91.73691446865418,41.992145440957586],[-91.7463086281855,41.99911550716396],[-91.7440147522609,42.00102227864913],[-91.73692158954616,42.02307740512061],[-91.7345865633355,42.02669022618557],[-91.72519499308592,42.01947593419552],[-91.71533396733984,42.0193660583518],[-91.70879525036558,42.01757704426469],[-91.70285855807049,42.01849182901964],[-91.69664858139281,42.01670583635066],[-91.68971620108515,42.01809497395639],[-91.68022010619848,42.016270556683104],[-91.67296853088546,42.01716867656527],[-91.66384762874259,42.013140714988396],[-91.64481140203414,42.0116928264575],[-91.6250924689834,42.01145845595582],[-91.61782031629156,42.013330016670125],[-91.60827820833319,42.013705618650576],[-91.60271797367598,42.012413261395835],[-91.59591375938679,42.00791723953118],[-91.58904541301885,42.006360551077584],[-91.58843702831989,42.011405550139806],[-91.58553272814942,42.01381499647369],[-91.57326713468609,42.01398299182252],[-91.56690097434611,42.01177376545959],[-91.56038124487351,42.00372175291828],[-91.56056105493643,41.99574911703689],[-91.56581802282288,41.99017712012059],[-91.56825459491286,41.98319183041754],[-91.57397014564798,41.98251993427213],[-91.57557631437747,41.977032674504855],[-91.57400401338582,41.9732846661016],[-91.56440897150053,41.9735208896256],[-91.55944637588033,41.966780784243454],[-91.55546566834467,41.96613639631405],[-91.54138833545453,41.95975785097802],[-91.52995267822553,41.95674815764187],[-91.52382963434246,41.95201801893852],[-91.52704016934729,41.94442660161943],[-91.53339406755288,41.93902319913899],[-91.5296322189558,41.92778056464334],[-91.52676752974278,41.92615429380376],[-91.51807334795019,41.92561019053406],[-91.50820940308738,41.92076335422419],[-91.49578537761165,41.9186381131857],[-91.48713000479827,41.91432326862235],[-91.48280014482322,41.91426624115714],[-91.47246135239806,41.90883833452441],[-91.45373644734383,41.90521086081234],[-91.45238863061118,41.90363918265921],[-91.45729826395625,41.89607246182823],[-91.45294638083743,41.890515780470075],[-91.43084951936167,41.889189759417214],[-91.4248485386117,41.886329347531195],[-91.42579686840423,41.87961025039534],[-91.42392247187875,41.87622079035089],[-91.41323299941598,41.872998222846334],[-91.40735096006732,41.873358226197915],[-91.3989824583175,41.87134174699505],[-91.39381893884092,41.86643795793999],[-91.39417200186651,41.8601520890522],[-91.39047250828344,41.85937087917947],[-91.38570934032833,41.85417961782138],[-91.38131839514233,41.8547708520727],[-91.36566456492665,41.84244517937511],[-91.36217071861847,41.8418010704933],[-91.35804680612523,41.834798498766304],[-91.35165920601439,41.832252941316085],[-91.34103711327779,41.831510308300984],[-91.3369793884605,41.82985760878302],[-91.33087837698245,41.831773105673165],[-91.3234105267166,41.82960656556973],[-91.31666222987438,41.82938190309917],[-91.30680283692189,41.83188949321425],[-91.2975662166239,41.82998341533495],[-91.2851911260243,41.83182144640095],[-91.2798541648322,41.82934159187451],[-91.27227171751224,41.835036918221896],[-91.26770085829882,41.83547250215338],[-91.25882256316063,41.83281218495481],[-91.2550603339869,41.82833762362701],[-91.2560381200957,41.82342606646995],[-91.26729587439603,41.81917869576741],[-91.26997999061979,41.81353618609216],[-91.27587230550023,41.81412902399858],[-91.27965381126448,41.811920590857405],[-91.27991893009717,41.808002346700086],[-91.2932864465656,41.80179807402079],[-91.29790504728457,41.79747147791805],[-91.29751555221073,41.789990527104514],[-91.2958547829881,41.78615628388703],[-91.2916159016884,41.783603163844816],[-91.2821101352449,41.78264649814702],[-91.27994480193387,41.781186640361895],[-91.28026107748863,41.77309473359961],[-91.27334060842779,41.76219250625099],[-91.27243206681024,41.75872945177898],[-91.26743051456644,41.75475448455592],[-91.25823381686926,41.76030304273797],[-91.24326262083163,41.763313063076446],[-91.226067154258,41.75981128999042],[-91.20384252622875,41.75176136353527],[-91.18814592349999,41.74553028819688],[-91.17786214308705,41.74334130241107],[-91.18123356358936,41.748681504202324],[-91.19007408130831,41.756386328332034],[-91.19421001190594,41.76543062470569],[-91.19310826060713,41.77044782095519],[-91.1896864275407,41.77255099377509],[-91.18020689733054,41.772694044459186],[-91.17553965839335,41.77552459421716],[-91.17713343890989,41.781539033618536],[-91.17270645113416,41.784197650527894],[-91.16680628629416,41.78031659616017],[-91.157809159206,41.778515633298575],[-91.14696134286638,41.77151005696178],[-91.13905817494027,41.76238964743491],[-91.13683227235057,41.75157308109118],[-91.13232576818388,41.74610060803902],[-91.1266082074289,41.74456654582912],[-91.11951608598068,41.74064101963104],[-91.11491307422513,41.74126814373438],[-91.11642402473512,41.74799823015348],[-91.11486886562012,41.751926540835264],[-91.12116952050498,41.76857420024579],[-91.12483167841532,41.772587737564145],[-91.12518617336706,41.77691201638052],[-91.113699458749,41.791827576120966],[-91.11641477032718,41.79842862538734],[-91.12026413337908,41.803598153248],[-91.12765822471921,41.80751493250098],[-91.13198907577713,41.813124199688815],[-91.12983075039509,41.81546224120818],[-91.1227425312361,41.81543677411278],[-91.11953065631641,41.812569844771865],[-91.10792908240954,41.808272658754206],[-91.1022703589686,41.80458140683514],[-91.10028526721568,41.79482191202315],[-91.09121004187118,41.78857887664417],[-91.08713924233791,41.77796491523009],[-91.08212985432296,41.77080704890103],[-91.08128808438849,41.76683475525168],[-91.08377407362676,41.76399872057268],[-91.09100828922938,41.76253397297839],[-91.09869750629947,41.74901237019414],[-91.09777949910733,41.74517394042073],[-91.10169095893912,41.739204256659974],[-91.09936339350261,41.73441038009308],[-91.08941689499102,41.735686552672725],[-91.07891097602932,41.74989479633255],[-91.07499652966895,41.75234657382908],[-91.06491653607672,41.75217734567044],[-91.06255922055023,41.75070114162748],[-91.05941973753073,41.741578710777674],[-91.05649261467799,41.73730523700528],[-91.05064175705049,41.73641360904881],[-91.04897778203923,41.73932148508396],[-91.04268395569616,41.741011285814636],[-91.03745998305547,41.73912543903859],[-91.02856729309802,41.731808659097275],[-91.02147736033908,41.72156360768674],[-91.01824574732213,41.71965712042423],[-91.01726054848304,41.713479712698785],[-91.01247701361021,41.70848859163933],[-91.0035417577097,41.70257864317085],[-90.98357793461614,41.69647956495934],[-90.97829110818888,41.69674696557554],[-90.97702155242709,41.70161964515413],[-90.969804355164,41.70492837002876],[-90.9550108460705,41.70460309582593],[-90.95160786464537,41.70598353612293],[-90.94767905126186,41.71519909138254],[-90.93919146096948,41.722265877803096],[-90.93206907521082,41.72248470481293],[-90.9232118684364,41.71957355297742],[-90.91748980940481,41.72227101427615],[-90.91425120657287,41.73335770210989],[-90.91651053590031,41.73771724126137],[-90.92454098670392,41.74181633584264],[-90.93263009221117,41.744119152146055],[-90.93638805674641,41.74670397083684],[-90.9408886512624,41.75613771831765],[-90.94656805283698,41.75875657146973],[-90.95588284032924,41.76791083129207],[-90.9722817317534,41.77713999922514],[-90.97940080183393,41.77735994647122],[-90.99545761711487,41.77960447577305],[-90.99652108010584,41.78561215183263],[-91.01596445793183,41.79165933400986],[-91.02139094162548,41.80223157952542],[-91.01885631120332,41.80330919460274],[-90.9971971992928,41.79198682093098],[-90.98889132005722,41.789689295563356],[-90.97869553499552,41.79096943214352],[-90.97005120181504,41.790817072111295],[-90.9622871556661,41.79319690247161],[-90.95345947491685,41.79879499037852],[-90.96095016207481,41.80503882991132],[-90.9895025958879,41.81417429928296],[-91.0042171146149,41.82018570451424],[-91.00970510313732,41.829269006289444],[-91.00907955430314,41.8339323646488],[-91.01226558968156,41.83974242949822],[-91.02425912111882,41.84066969710218],[-91.03809933795063,41.844139957615404],[-91.04426041801264,41.847122408958604],[-91.0488272909677,41.8551119041739],[-91.04853205542665,41.86481548622244],[-91.04504558242147,41.8687144263838],[-91.0382695536852,41.87003545476838],[-91.03112257152607,41.86775629480773],[-91.02089877785396,41.8560709077642],[-91.01758893973795,41.85421715078441],[-90.99361912966299,41.851644252278454],[-90.97150659304496,41.85125604028012],[-90.96482222714452,41.84970137489496],[-90.94412945440295,41.850049008575866],[-90.92175852722197,41.842815458026045],[-90.90269811038414,41.83743473795678],[-90.899702528608,41.835105982076456],[-90.88273096135198,41.82717085203296],[-90.86425415414995,41.82083985513097],[-90.86409642209497,41.81829719878306],[-90.87579690990506,41.816699353458176],[-90.87997331736496,41.81514186902559],[-90.87694089981294,41.81145641339686],[-90.86832605318067,41.80784757868391],[-90.85813044259193,41.80801823808669],[-90.84805541592914,41.80456528306631],[-90.84055829379592,41.8038797689267],[-90.82330436664691,41.79756515676729],[-90.80380412893071,41.786121080200026],[-90.80211312970074,41.77882529603139],[-90.78936239020794,41.77586085626809],[-90.78831243747896,41.771121431343914],[-90.78065866281538,41.76806938504418],[-90.77503750938298,41.76233183985862],[-90.77186595515667,41.75591654272662],[-90.77275561529977,41.75121455650824],[-90.76748337417328,41.74947762672882],[-90.76233024045773,41.74429785689017],[-90.76124551562846,41.740647196402826],[-90.76430769250392,41.73411870452126],[-90.75840922790704,41.72500200447294],[-90.73723886720515,41.71434696594147],[-90.72893790054,41.714804669681506],[-90.7184903149837,41.71738969536901],[-90.71592921030386,41.71950934017332],[-90.70841146993641,41.72122398467547],[-90.69536735838501,41.726862250685315],[-90.68562233357622,41.73287171911867],[-90.67982520458673,41.732754821877265],[-90.67228062355666,41.72584306155144],[-90.65188077964228,41.71818252383781],[-90.61327344774466,41.707318224775435],[-90.60768333339921,41.71067839611611],[-90.60521915912797,41.70851961596288],[-90.58251104837335,41.700501461493396],[-90.57445974526784,41.701831348280926],[-90.58266288681232,41.70589037332497],[-90.58005337557299,41.71472007515437],[-90.57525691066837,41.71609148256989],[-90.57491054270557,41.722564127655566],[-90.56210172015575,41.720059566386546],[-90.54763563896532,41.714379571027656],[-90.54443331425216,41.709362291066874],[-90.54560330831997,41.705127360560766],[-90.53353372261952,41.704252021867795],[-90.5318145986307,41.71802607273818],[-90.54573754285404,41.723273168918396],[-90.54711049260483,41.725774676199464],[-90.54208958805307,41.72871597232762],[-90.53313881660485,41.72743892221594],[-90.52623591862768,41.72479131565932],[-90.50135863044085,41.72125401194773],[-90.48822816153734,41.716694200953086],[-90.48088450977787,41.716060538379416],[-90.4739748629152,41.71973187024765],[-90.47066280638691,41.71633121633235],[-90.46576989853168,41.71799305531663],[-90.45382798018923,41.71617537143858],[-90.44793525300135,41.712622261168725],[-90.42949198610084,41.708725594816855],[-90.4261091646653,41.7109734027905],[-90.41206214723744,41.713418094034424],[-90.40374463743024,41.7130817670383],[-90.38819527874136,41.70953655355743],[-90.37633731579996,41.70578543462229],[-90.36324360349812,41.699095779312415],[-90.35661591606086,41.69067137509247],[-90.34688517853054,41.68710576491935],[-90.34340275927424,41.687025269171144],[-90.34174940203175,41.686587799120375],[-90.3431457649268,41.68792571719539],[-90.34785152082559,41.70056858166256],[-90.34792549410476,41.71571563035385],[-90.35104504436109,41.73733052592586],[-90.34517868070422,41.748553990225105],[-90.32438799903723,41.757994117500786],[-90.30118881034944,41.77481584373447],[-90.29529785971397,41.790475128260375],[-90.29047123202406,41.793233652869425],[-90.2781162268365,41.79659707862576],[-90.27485830435835,41.800056776557156]]]},"properties":{"LANDFORM_R":"Iowan Surface","Acres":6078429.65906,"Hectares":2459853.21039,"tooltip":"Iowan Surface"}},
{"type":"Feature","geometry":{"type":"Polygon","coordinates":[[[-91.59122262374454,41.75961761162573],[-91.60318519665753,41.76792330344608],[-91.61056603222448,41.77220968395106],[-91.61486971312378,41.77482391293259],[-91.61730042722658,41.7776496410174],[-91.62592844856586,41.78195002598017],[-91.62709986854045,41.78545848439787],[-91.63266019805724,41.78762321710679],[-91.63636701313227,41.78906772336042],[-91.64031725914931,41.793775288871714],[-91.64302178216319,41.79847252585095],[-91.64854957474833,41.802266255898026],[-91.65263804861095,41.80044992340535],[-91.65437028694792,41.79207628507414],[-91.65665732049813,41.78697389958243],[-91.6591824634934,41.78537321677862],[-91.66234465049769,41.783077391856835],[-91.67642904764222,41.779745880530534],[-91.68454829855524,41.778672711728],[-91.69213457059935,41.77316625719425],[-91.6961870120097,41.772978103724746],[-91.70085720501275,41.77303095389471],[-91.70994626965286,41.770102603413484],[-91.71590375869792,41.76807077410382],[-91.72679048841579,41.76865563817356],[-91.73743453924375,41.765746808575265],[-91.74745987707452,41.76259157980969],[-91.75521525090733,41.764071754457206],[-91.77361299000556,41.76263914154785],[-91.78416260769711,41.76461544182207],[-91.7963509013724,41.762181228614395],[-91.78830985662559,41.75930031541534],[-91.77618302229163,41.75846947655366],[-91.77094019389976,41.755851250407844],[-91.76257206508848,41.7538972269036],[-91.74736597712092,41.75140001860972],[-91.73953491262489,41.75388131722343],[-91.72216488990895,41.75065898567401],[-91.7125724530301,41.74775093507875],[-91.71043109599489,41.74586254620092],[-91.68415479372463,41.73694097085524],[-91.65635427999585,41.72682922811816],[-91.64987914967162,41.72395680767058],[-91.63600835621602,41.71773161068429],[-91.62795484438277,41.71600110373181],[-91.62512063649196,41.71760199077968],[-91.61796118785418,41.71774586643547],[-91.6081176465858,41.71250233063046],[-91.59810381254486,41.715177321098466],[-91.5945659526799,41.72049316203287],[-91.5960100758568,41.725640135821344],[-91.58665143966549,41.726691889622906],[-91.57854763024324,41.727290044599],[-91.56710381445819,41.72411728377033],[-91.56180500847208,41.72451949769321],[-91.56141093572805,41.728243348614406],[-91.56444400319623,41.73178035256958],[-91.5702577772113,41.73627956791017],[-91.5776790476258,41.738470147588274],[-91.57571928577227,41.742643016962965],[-91.57749917195501,41.74662799167791],[-91.5862986219911,41.75699487482675],[-91.59122262374454,41.75961761162573]]]},"properties":{"LANDFORM_R":"Iowan Surface","Acres":17789.8497442,"Hectares":7199.2967691,"tooltip":"Iowan Surface"}},
{"type":"Feature","geometry":{"type":"Polygon","coordinates":[[[-90.84729708612815,42.326817015335735],[-90.85540865179118,42.32990576727394],[-90.85464444446183,42.33218543601529],[-90.85669375803577,42.3331747919612],[-90.86029341243162,42.33280923828926],[-90.85548296952828,42.32637590056617],[-90.85452793189152,42.321483885656384],[-90.85210798322366,42.317277739280144],[-90.84671370383138,42.315750049425546],[-90.84496723811309,42.31060533283317],[-90.84832465221781,42.310787222521576],[-90.85501531342264,42.311863548240616],[-90.86250257794207,42.31307320870354],[-90.86828546229397,42.31258637738641],[-90.87608526140848,42.31403872214993],[-90.88490643656768,42.31848142951911],[-90.89346421823286,42.32125427225814],[-90.90060947705575,42.32316846554381],[-90.90457267796326,42.324429735256054],[-90.9111451069782,42.32431180817049],[-90.91673021249036,42.32013357136319],[-90.92174077206649,42.313923642227614],[-90.91678676328216,42.30872184812189],[-90.91154765684523,42.30731890540273],[-90.90582697073738,42.310781131426914],[-90.8945488468056,42.30795933211411],[-90.89349580720602,42.305919000080024],[-90.89198250652288,42.30327579020981],[-90.87964591945743,42.29864984231859],[-90.87306180118566,42.29798380623475],[-90.86793401470516,42.29744786493205],[-90.86001317938523,42.29673992388214],[-90.85391970509401,42.29698277362483],[-90.84934343579316,42.294994978510154],[-90.83538758831598,42.29127701453335],[-90.82761269111384,42.291882920656526],[-90.82384071242306,42.294025654332444],[-90.82797558531091,42.296938175535516],[-90.82621057447169,42.30142172542693],[-90.82002953810253,42.299910409646],[-90.81714882349368,42.29985564523944],[-90.81231882537766,42.30059583451375],[-90.80796472310735,42.30146379342023],[-90.7977411447575,42.30531000778505],[-90.80248890857739,42.306946496431436],[-90.81979967259322,42.31119982359926],[-90.82491368192184,42.311534645259755],[-90.83615237258657,42.315432480788175],[-90.83374395947767,42.320261191285006],[-90.84189399702085,42.325526694834885],[-90.84729708612815,42.326817015335735]]]},"properties":{"LANDFORM_R":"Iowan Surface","Acres":4480.19985217,"Hectares":1813.07255454,"tooltip":"Iowan Surface"}},
{"type":"Feature","geometry":{"type":"Polygon","coordinates":[[[-96.56930325395474,42.731735647236505],[-96.57287308876685,42.73195743006356],[-96.58852742708287,42.73926984915065],[-96.6002561251486,42.748045270401036],[-96.60419787707113,42.749938148681224],[-96.60928355655848,42.74537035349533],[-96.61166655571915,42.739807144488374],[-96.61005415273345,42.73081331833967],[-96.60528171191818,42.720960090030665],[-96.5941369209313,42.70701640785848],[-96.57448065202675,42.69451725298603],[-96.55529971909404,42.675341262208555],[-96.54972313911449,42.66813082342626],[-96.53665573227569,42.65615438723476],[-96.53262761290713,42.65341989535015],[-96.53109642788628,42.64918109079525],[-96.52328315079056,42.636554665514915],[-96.51641049339425,42.63270501762275],[-96.51163530556562,42.62452258604408],[-96.51026226809775,42.61486652136998],[-96.5084904042694,42.61195952955072],[-96.50177955263705,42.604100965356324],[-96.49502143919209,42.598589724274035],[-96.49336120717456,42.59196816529203],[-96.48892750915758,42.58185639629835],[-96.48323507420317,42.57226447735007],[-96.47887143867241,42.55882301931346],[-96.47576074050819,42.55354636579632],[-96.4754051686031,42.52725970953814],[-96.4713769010047,42.503772212879866],[-96.46900914554499,42.499544329494654],[-96.45564521434088,42.49307793114704],[-96.44250390948729,42.49176739020054],[-96.42588748488124,42.49613321065753],[-96.4204409077318,42.495652203473405],[-96.41300174273772,42.49170503040596],[-96.39903484920424,42.49379082297463],[-96.38954707514944,42.493000501023936],[-96.38201726592388,42.48999946412615],[-96.37948599842933,42.48125861736158],[-96.3833639827347,42.47540813065541],[-96.37945607733488,42.46285841910999],[-96.37211212287602,42.45408368545287],[-96.3623256955349,42.44555577499631],[-96.3535968396755,42.43068370371075],[-96.35357111781822,42.41412468726791],[-96.36059676969872,42.40880407867443],[-96.35411557774815,42.40624757264634],[-96.35021330164648,42.40541175809067],[-96.34196883790682,42.40755708836025],[-96.33393844249764,42.41374775775596],[-96.32395474359646,42.41951731164291],[-96.31650653382485,42.42234459040016],[-96.30100070583593,42.42327872998625],[-96.29075778813456,42.42189403730454],[-96.2809867152173,42.41547470472212],[-96.26996381141983,42.411706170184274],[-96.26349380823994,42.41146743673986],[-96.25955567003565,42.411597565274995],[-96.25337013298041,42.40669013326136],[-96.24013402512362,42.40045119136528],[-96.22964757345892,42.39266992259808],[-96.2193372442399,42.37961933483381],[-96.21508052580349,42.378068464923864],[-96.21201516362079,42.378622713125885],[-96.1950319897793,42.37957490599255],[-96.18484448537005,42.37748577767986],[-96.17823358547882,42.37146494949153],[-96.17559156480439,42.363676864796034],[-96.16743551289589,42.35080488021139],[-96.16510649748564,42.34920332019701],[-96.16315646000784,42.34234582636303],[-96.15608768924164,42.33347720846857],[-96.15443591539143,42.328529403731636],[-96.14501863965143,42.319972346675065],[-96.13939070678201,42.31655618262199],[-96.12919346166174,42.3091988255356],[-96.10961239124558,42.291604640197576],[-96.10334261164823,42.28361147447621],[-96.09758590517646,42.27947628967433],[-96.08610339342472,42.277881516614045],[-96.08117947676095,42.27615445454098],[-96.06717094527401,42.2686822610058],[-96.05352213330198,42.26673242655019],[-96.04609745349663,42.26352155886937],[-96.04155654232852,42.255807653341776],[-96.03718691837354,42.23626055621764],[-96.03405317034334,42.22620809267052],[-96.0272209221129,42.21006210600631],[-96.02396846206625,42.20142178823745],[-96.02263451890487,42.19359530277364],[-96.01793644596906,42.190040404431095],[-96.00883310855964,42.156892243831955],[-96.00439636461476,42.14803921105575],[-95.99621363262644,42.13823481415898],[-95.99188600618706,42.12773491149267],[-95.98970260495632,42.10896144142525],[-95.99413519086617,42.100749849992],[-96.00160213234011,42.09626800986248],[-96.00647462536276,42.0878868286441],[-96.00690377688628,42.08220661835253],[-95.99680708678561,42.07230822561274],[-95.98086750730032,42.060201512462775],[-95.97090325910685,42.05026131945424],[-95.965651428255,42.04083335458292],[-95.96758202058055,42.030620621657945],[-95.96745017182371,42.020497253326646],[-95.96026635165539,42.01228069076947],[-95.95918644391996,42.002776122066386],[-95.94831639555358,41.9956670116184],[-95.95404770259769,41.98771624016699],[-95.95535210098637,41.98006394863343],[-95.95682572546,41.97740535473665],[-95.95867329359389,41.97593033149686],[-95.95890382539177,41.974015208287334],[-95.95749599975565,41.971192254709855],[-95.95865800710926,41.96504301096894],[-95.96106547939307,41.96188297408872],[-95.96259251908161,41.95350438972657],[-95.96038751659114,41.932213579245754],[-95.95980387424687,41.92326356141644],[-95.96013740605545,41.91425384513726],[-95.96869295639092,41.89925905340023],[-95.97580498290257,41.89321664549543],[-95.98058006909815,41.88618087404702],[-95.98195283592189,41.87580222895059],[-95.98428965569754,41.87121613710385],[-95.99152030520759,41.86221131986121],[-96.00124637413803,41.84527887417062],[-96.0026847510121,41.83488023388415],[-96.00237420498308,41.81616554205288],[-96.0041523082236,41.80992760451321],[-96.00393135040368,41.80732173353171],[-96.00922207035954,41.797889276047044],[-96.01246395909143,41.792324275277466],[-96.01739551976846,41.78885814388315],[-96.01930876194479,41.782139110613436],[-96.0155777550731,41.77274514051609],[-96.00471823128635,41.76965271108024],[-95.99170267335315,41.773806592791075],[-95.98592489221602,41.77276377577013],[-95.9769227898147,41.76394229211096],[-95.97332630659021,41.75498018725092],[-95.9761745380107,41.74776033173468],[-95.97129679226512,41.73168560098914],[-95.96922551798319,41.72125214004735],[-95.96741828398791,41.7165348824394],[-95.9653699387683,41.713489862464336],[-95.95951066306648,41.7105430926791],[-95.95401331370743,41.708541307188085],[-95.9483201621796,41.702253078708175],[-95.94625160628136,41.698730917392474],[-95.94603655498106,41.68706055777809],[-95.93967899946827,41.68007745044367],[-95.92999714032379,41.66984220723192],[-95.92945290396547,41.664848899126504],[-95.92808009698197,41.65559447553331],[-95.92286237552881,41.652629392518314],[-95.91993093753601,41.65103338303662],[-95.9131339399537,41.64120054745323],[-95.90857411953564,41.63869541286551],[-95.90232145610231,41.633846337637074],[-95.89577393036257,41.62948615516089],[-95.8944814317943,41.62189529341593],[-95.89524116451194,41.61758486692006],[-95.89402347180253,41.61165818246116],[-95.89696630058579,41.59228446148455],[-95.8979552369644,41.578917318522016],[-95.8979420091328,41.571528321624754],[-95.89764415720246,41.56486696702943],[-95.89556183727322,41.56086679923486],[-95.88691968390803,41.55202877944638],[-95.88250434184262,41.5454662128036],[-95.87898741590088,41.5376921746579],[-95.8789770129549,41.53030754844133],[-95.8809827430622,41.52548863139181],[-95.88521602274632,41.52085694556549],[-95.88986993774665,41.51144586988353],[-95.891641459266,41.501395677461616],[-95.88724976453595,41.48815918868191],[-95.88439021508265,41.48084604783334],[-95.88048670964447,41.471411049051454],[-95.875308452666,41.46177362843715],[-95.87460321368955,41.45724771388634],[-95.86739459805123,41.43313835319383],[-95.86676396252622,41.42600324369178],[-95.87019189581865,41.4175780871031],[-95.8734391483153,41.41225543956819],[-95.87451512285304,41.40794164260615],[-95.87875188543256,41.40354424980989],[-95.87842810510176,41.39985984926379],[-95.86764927248001,41.38856977055896],[-95.86337341009032,41.384866711143175],[-95.85699305760055,41.37644702417465],[-95.85767023256317,41.37023395958492],[-95.86295065483723,41.36080827391112],[-95.86788005651667,41.35782600995707],[-95.87551454854238,41.35882871589209],[-95.88109087840706,41.35432568430386],[-95.88367649258434,41.35028466764641],[-95.88513010401937,41.340237855899055],[-95.88477285327095,41.33214575476727],[-95.88081655340649,41.321284361492374],[-95.86701264336814,41.3092366546251],[-95.86062950858135,41.30057844088361],[-95.85921458098544,41.289891665964056],[-95.86040773849385,41.281044873014594],[-95.85852847764673,41.274179259191776],[-95.84809526586216,41.25942898441996],[-95.84640440566473,41.25684998586159],[-95.84772286106788,41.25085968581242],[-95.84617167782851,41.24422427064961],[-95.84023689290943,41.23841310501225],[-95.83336731373718,41.232863314197],[-95.82308220823545,41.22859030419159],[-95.81696673951316,41.218490717402126],[-95.80729488494617,41.213723906372316],[-95.7945328027181,41.21045888725031],[-95.785280045277,41.20806226627356],[-95.77772780996115,41.201098052004376],[-95.7773046258292,41.191097422228935],[-95.77737782272615,41.18537645537264],[-95.7793116565276,41.17889454550174],[-95.78376561538657,41.17235618339307],[-95.79330940588446,41.166878619050436],[-95.79707950608001,41.166548393443726],[-95.8018049702873,41.15904803564788],[-95.8050058389201,41.152773518625715],[-95.80757603686207,41.14651429400021],[-95.81285833491309,41.14471911350909],[-95.81542750369448,41.138459737860444],[-95.8152827994071,41.120350891163795],[-95.81820567745935,41.10765202321648],[-95.81972708835724,41.099035905017075],[-95.81640630476274,41.087678678161595],[-95.81619269293977,41.082680676300264],[-95.81202115427793,41.07348769457931],[-95.79809290825763,41.04951777461893],[-95.78687874552844,41.037400880706414],[-95.78203220014844,41.03441972474027],[-95.78055394554715,41.02921346625404],[-95.77441067470112,41.025308558049275],[-95.76939598743252,41.01828233752688],[-95.76014936314292,41.01599590412816],[-95.74850931015766,41.007816814284624],[-95.74188771522903,40.999872876862],[-95.73848905326955,40.99375694404256],[-95.73745508284841,40.97638465421087],[-95.74035976719674,40.97059622716272],[-95.74645392533822,40.96592518535576],[-95.74988881932514,40.96536591573791],[-95.76476974759522,40.967869457781774],[-95.77127572489054,40.96556949822385],[-95.78018354539279,40.960590235041145],[-95.7875933813451,40.9499226711209],[-95.7890461737044,40.939642171794596],[-95.78849154929456,40.93393621122875],[-95.78543609469227,40.92852940246363],[-95.77054442892982,40.910536732581576],[-95.75705754885739,40.903474428494256],[-95.75118236511042,40.89813405643109],[-95.75196551867086,40.894300892218936],[-95.75552271909716,40.8892125146916],[-95.75351944769322,40.8787717091857],[-95.75904378324753,40.86815544308722],[-95.7598361327492,40.86456068521053],[-95.76450651437446,40.856108274585864],[-95.76531831073524,40.85299038502501],[-95.76603095294807,40.847492504439934],[-95.7661563552634,40.84296345355573],[-95.76569407487165,40.839398741726356],[-95.7521220993791,40.82232627783605],[-95.74795930490923,40.82028185439204],[-95.7452937822167,40.808906300091564],[-95.74212053261687,40.80040249898607],[-95.74475288673568,40.78818474588885],[-95.74397843722743,40.77700277336431],[-95.73570962381388,40.75122245663302],[-95.73079909308473,40.746096607894124],[-95.70827633898452,40.73161248300984],[-95.69275328901071,40.719581827490984],[-95.68270514982954,40.7033730751937],[-95.684352646368,40.69761511725947],[-95.69388738938609,40.693344126331894],[-95.69903179831927,40.688931928318404],[-95.70065832044345,40.68269684039265],[-95.70364169483122,40.679055578906286],[-95.70780760416763,40.67371113679062],[-95.70797593290348,40.67013578280466],[-95.70612342813689,40.66302741640943],[-95.6988412669453,40.65319078046022],[-95.68359372299828,40.63972000781316],[-95.67268039518088,40.62496239700396],[-95.66616504713325,40.610575083625555],[-95.66085387564512,40.60282962705781],[-95.6568314706281,40.61466348498594],[-95.66305184513932,40.62167204774961],[-95.66162204536477,40.625042277760365],[-95.66773548954151,40.63717374459097],[-95.6662439239029,40.64292791038989],[-95.66644109224946,40.65243966576856],[-95.66986444117919,40.65917010223516],[-95.66707892902375,40.66387781016003],[-95.66746421650413,40.67745651271087],[-95.6738627050339,40.684816056137045],[-95.6705177555633,40.69120765840038],[-95.66293947373588,40.69352653846211],[-95.6620344227352,40.69831230198705],[-95.65811196985884,40.70268120927023],[-95.66015764039318,40.71015518328192],[-95.67015709876722,40.71743180581868],[-95.67242257444225,40.723797054282734],[-95.67003138678898,40.72994584750733],[-95.67185293114808,40.73240319969252],[-95.66956009770315,40.74556636558066],[-95.67514948500907,40.75211127306955],[-95.67834981932228,40.761566686803214],[-95.68183416264712,40.766372162458936],[-95.6794673566476,40.77439856270326],[-95.68634684313407,40.777228953226306],[-95.6887176529041,40.801006767827694],[-95.68315257764219,40.8036223479996],[-95.68149541471354,40.808560796490966],[-95.68288125993922,40.81244669072563],[-95.69132221581651,40.822752379696084],[-95.68970652263934,40.829342776849764],[-95.69106132386803,40.83181515774708],[-95.70897408043734,40.84021374576205],[-95.71390166183583,40.85009127090928],[-95.7153006273604,40.86449220184038],[-95.71385905073024,40.867620072769924],[-95.70704673814632,40.86992839893541],[-95.70261974580932,40.88133613452886],[-95.69868694017806,40.885004061561276],[-95.70196599589568,40.89612754650341],[-95.69878786183705,40.90229075407901],[-95.69308686374616,40.90885960544988],[-95.69413282755403,40.91527069923393],[-95.68633945789394,40.91676308893405],[-95.68578150367968,40.92237846860659],[-95.67929355904342,40.92121441197048],[-95.67025976110774,40.92702639884641],[-95.67141267477164,40.93224178575627],[-95.66836346820598,40.94625529239999],[-95.67194702826289,40.94938778758964],[-95.67103232780615,40.9578710741925],[-95.66624354343483,40.96775004079412],[-95.67090214178953,40.9780092258614],[-95.67732271339004,40.977382888884065],[-95.68516461985412,40.98077622498672],[-95.68626191541682,40.98456510361113],[-95.69831381601358,40.991538663653294],[-95.70115380400692,41.0026857602297],[-95.69314104973999,41.01061923462112],[-95.69541738115737,41.01628539586806],[-95.70720321860122,41.01981902914308],[-95.7139097626024,41.02667762857876],[-95.71893122870728,41.02955403390195],[-95.72310635419761,41.03922336978334],[-95.73161127293795,41.04319221960463],[-95.73793964262303,41.043996737886594],[-95.74743898566614,41.053524989749036],[-95.75844333482084,41.06931654987858],[-95.76352566553163,41.069721586327816],[-95.76007403063798,41.07905882527836],[-95.76486599240953,41.093350157975614],[-95.7611419774129,41.10454482909161],[-95.75799648827066,41.10871828195476],[-95.75247010612168,41.11030511811644],[-95.74583807456409,41.11881266637419],[-95.74142352780859,41.12630783626314],[-95.74129693560815,41.13083672473291],[-95.74687175153157,41.13225306096102],[-95.7503536745778,41.14015440683495],[-95.74970748412305,41.147316646410815],[-95.74511261432203,41.150524558480015],[-95.7469414158459,41.156560463950136],[-95.74598777048654,41.1601543535381],[-95.75024726046088,41.16398412247018],[-95.75060891441439,41.16910927943798],[-95.74605608907872,41.17840923097311],[-95.7416664116206,41.18253529508561],[-95.73750390173629,41.19211382001736],[-95.73811101394998,41.197557408579726],[-95.73386538192885,41.19845537400089],[-95.72924237915767,41.20487869357251],[-95.73063219010669,41.20794402442424],[-95.7276727444259,41.212661589228695],[-95.72791034974934,41.218375165279994],[-95.72238833253499,41.22219857482594],[-95.71795847030324,41.22747302973197],[-95.71695477669678,41.23197750917231],[-95.71319974368427,41.23659188090231],[-95.71749654685063,41.246789589385216],[-95.71737495817344,41.25353383831567],[-95.71529488693251,41.25668113532128],[-95.71812838346736,41.2620226395751],[-95.72240377226858,41.26437586696266],[-95.72024871763023,41.26745297172036],[-95.72290349899228,41.27639662977176],[-95.72650310053452,41.2811298556693],[-95.71258377784218,41.28652932460938],[-95.70914138216754,41.291140623946404],[-95.71066047973727,41.297301268809946],[-95.71892761630622,41.30234799596314],[-95.7164559035299,41.313056409369274],[-95.72028225428625,41.32352149485607],[-95.72593743487846,41.326485865455275],[-95.75365789903891,41.33166646924498],[-95.76111135077217,41.33971057097864],[-95.76395024053032,41.34702755294634],[-95.76464223422414,41.35964222512165],[-95.76851116157403,41.3724056019022],[-95.7729532501901,41.3801610432595],[-95.77001376249652,41.38560409306877],[-95.77204294092418,41.388522756047955],[-95.76746700913755,41.39269476285805],[-95.76193488044886,41.3928277472847],[-95.76169891639671,41.39830469606811],[-95.75855447597125,41.40268063187729],[-95.74565674728687,41.404533818846616],[-95.74440390295561,41.41612320662553],[-95.73992392684973,41.41873373949211],[-95.74210184499604,41.42535094012548],[-95.74634372140616,41.42834786610536],[-95.74714221637646,41.432260002104904],[-95.75410884550706,41.436024574393755],[-95.75531483221384,41.44207485480284],[-95.76302213481631,41.44832482149459],[-95.7616112385359,41.455968918465906],[-95.76996156310764,41.46626471341562],[-95.77371290680158,41.472361484724765],[-95.78365809766541,41.476052295562724],[-95.78156496186912,41.4789623944522],[-95.7787240156714,41.49404426111265],[-95.78367682388557,41.506078170889424],[-95.79116431329237,41.510660841349335],[-95.80085754562228,41.5324449103107],[-95.78943340989707,41.53963038046789],[-95.7868991343484,41.54708133021312],[-95.7806634325423,41.55699943526294],[-95.77840338738116,41.563488917748955],[-95.78067086801745,41.56846845131717],[-95.78077307393059,41.57454504999582],[-95.7831148328182,41.577347771347064],[-95.79023425785542,41.58035874741416],[-95.79226311420365,41.58713151295071],[-95.79060695270432,41.592890555227584],[-95.78714694420552,41.59711279057618],[-95.79188398455302,41.603909878585],[-95.80946939732901,41.60848402718741],[-95.81485721412108,41.61125206596893],[-95.8217563008128,41.61721586724729],[-95.82244055758366,41.62107160674764],[-95.8191830502592,41.626843333959506],[-95.82322611659531,41.63197197692537],[-95.82257089177446,41.634698856225434],[-95.8153962304631,41.644826447496925],[-95.81900057610794,41.64988942230762],[-95.81458137007839,41.661592874806],[-95.81519438034981,41.67367724479981],[-95.81003963245641,41.676199040818865],[-95.80701513430992,41.6860398645435],[-95.80871657868364,41.689429497901344],[-95.82533834143435,41.696528139257396],[-95.82811410207752,41.70254324683904],[-95.8218447325904,41.71385118116644],[-95.81886922588873,41.71653144677461],[-95.82594083813453,41.71910890175643],[-95.82898343936462,41.722361621750245],[-95.83046002888186,41.72796285554621],[-95.82303795405923,41.740060233500785],[-95.8182030242165,41.74589768368752],[-95.81741601717812,41.749726442321],[-95.80532103605178,41.759285236479954],[-95.80717867393123,41.7649676041596],[-95.79626375101226,41.78240829976384],[-95.79125748406526,41.78765451010318],[-95.78747263737674,41.80251167755259],[-95.78073887562942,41.814427710815266],[-95.77719359283948,41.817733155618896],[-95.77890540030745,41.82083928304883],[-95.7766099326395,41.82551936117121],[-95.78383543597705,41.8350301537358],[-95.7957357109843,41.83678071208707],[-95.79541607984143,41.843362770480475],[-95.81208531186573,41.84318068104871],[-95.8132122818746,41.84769200003307],[-95.80256581597037,41.853076805751165],[-95.79805824535495,41.851376623265686],[-95.78965573343119,41.852787963609565],[-95.77297403924368,41.85419640524588],[-95.7688967887696,41.85572678186672],[-95.76596942441081,41.8617547474546],[-95.76937973554978,41.866913902504635],[-95.76920510323495,41.870254780702],[-95.77383862507735,41.874190995484355],[-95.77896645955856,41.8821676656601],[-95.79432016244535,41.89061148239741],[-95.80404746483487,41.90157287029423],[-95.81051383420895,41.9035625350885],[-95.8162487575004,41.903421914709],[-95.82403171372819,41.906328595331665],[-95.83205747412674,41.91470873770546],[-95.83729086974428,41.924823443372084],[-95.83861279602328,41.93015814656518],[-95.84482680328188,41.93694311613942],[-95.84216595569657,41.94111116093419],[-95.84429386421314,41.95666526453976],[-95.83745820681506,41.960882599062295],[-95.83509738068936,41.96523217250571],[-95.83502119460366,41.97071400192581],[-95.8418549316179,41.98078882726989],[-95.85154146835275,41.99031953461239],[-95.85895350119132,41.991801062308646],[-95.85925203869601,41.99846677809545],[-95.85517846055536,42.00023429617666],[-95.85548734975649,42.0071384590427],[-95.85049872126113,42.009883201850336],[-95.84975367561402,42.02181620435863],[-95.84768933351579,42.02568137336101],[-95.8386216294252,42.03734333596234],[-95.83450120174834,42.0453071690128],[-95.8352861554421,42.05577031356054],[-95.83181351269297,42.063956667257976],[-95.82363289388044,42.07416811576872],[-95.8163170928867,42.07506396021239],[-95.80961428300537,42.082612970376374],[-95.80107135825118,42.08472664135954],[-95.79308364268243,42.08492146947439],[-95.78393176075349,42.087764639445474],[-95.77424186715302,42.08561747972356],[-95.76573866450298,42.08868215230269],[-95.76265671395713,42.091377072933625],[-95.76431771153977,42.10015353413351],[-95.76014295925684,42.10716588901167],[-95.75304854563265,42.113293627545055],[-95.75511101205359,42.1165806634751],[-95.76189677466601,42.11808346029212],[-95.76813699247042,42.12174685327976],[-95.77725528765198,42.12533572861788],[-95.78655230572616,42.13297653032603],[-95.78787713542317,42.14128346074327],[-95.79535245711803,42.15110660881062],[-95.79862466034018,42.15269731232915],[-95.81967947700647,42.15813861479831],[-95.82958229182856,42.16207770796453],[-95.83477671714869,42.166344075932585],[-95.83655693575754,42.17034801153492],[-95.83616187230515,42.17583761752379],[-95.83193746242713,42.18166051369106],[-95.82161039495254,42.18715631406912],[-95.81933568947295,42.19364667691036],[-95.81946057872747,42.203653167671774],[-95.8175794229079,42.21179981106949],[-95.82551594152292,42.224468738089406],[-95.83157786432821,42.23099218429466],[-95.84098270035781,42.23338007397147],[-95.84086536536132,42.237912697497286],[-95.83658413172354,42.24254392262424],[-95.83785464227572,42.24942411349124],[-95.83508846871246,42.259258800425926],[-95.82595687494836,42.2630593716044],[-95.82236697661533,42.26886616641324],[-95.81450418789875,42.272395938649986],[-95.8075671219518,42.28233226662978],[-95.80516867140538,42.29335038763587],[-95.80726145842615,42.297112879739124],[-95.8172084268231,42.30425765009193],[-95.83560125204781,42.3135702986301],[-95.83682005338457,42.3192584528437],[-95.83820016473389,42.33566328282816],[-95.84057439354537,42.33846361561539],[-95.8533544297456,42.344103105230765],[-95.8647597808666,42.35477789074723],[-95.8724605395474,42.354585153400826],[-95.88409844908608,42.35802552589258],[-95.89193651115151,42.364073085383026],[-95.9045357544575,42.36195345175433],[-95.90906449984357,42.36713810934197],[-95.92046411199077,42.370121550134606],[-95.9326460292433,42.37129181734381],[-95.94113501729436,42.3771302103117],[-95.93994140184489,42.38597682584692],[-95.94295282701427,42.388520013583246],[-95.93735210752905,42.39247285392179],[-95.94298035144934,42.409721754693614],[-95.94148595002845,42.412141961270585],[-95.94404610954571,42.41874896412684],[-95.95923371541929,42.43614722255501],[-95.96540676379102,42.43985980049898],[-95.97148660560438,42.43833804259936],[-95.97813461799626,42.439074962972725],[-95.98919247356461,42.43497341565953],[-95.99793289531539,42.43821650779689],[-96.00223529425871,42.447788727564124],[-96.00580126918318,42.44837959474761],[-96.0156412196766,42.45579322440294],[-96.0229284224524,42.46012615006182],[-96.04143028709738,42.4634499951307],[-96.04671076674805,42.46616873925427],[-96.0558138148569,42.46806942996765],[-96.06803828814799,42.46798128522962],[-96.07312226653046,42.466656348049966],[-96.08062497529076,42.46216396067131],[-96.09264386961054,42.46723403604269],[-96.09901237250254,42.47563908890273],[-96.10275551078958,42.47648777000622],[-96.1174699727216,42.47466094598478],[-96.12441631860005,42.471968310132645],[-96.1226503290671,42.465582466685994],[-96.12558552539272,42.45990585800392],[-96.14063421338459,42.46163738800789],[-96.14578135121954,42.458398454162854],[-96.15535559355268,42.46003963701162],[-96.157238450436,42.468686473664704],[-96.16421008246759,42.474955083830515],[-96.17275979601833,42.47429533451159],[-96.18195922670422,42.47517023612512],[-96.18878717968519,42.47441303124853],[-96.19975872785774,42.47636725444294],[-96.20063208986562,42.48227254228635],[-96.21397967247152,42.49333488470708],[-96.21845099664746,42.50238968387217],[-96.2235500518771,42.50506922951008],[-96.23487953646027,42.50644264066868],[-96.23667883397543,42.52040299750192],[-96.24034539807785,42.52649447818515],[-96.2415852058324,42.53749452561203],[-96.2476620516822,42.53831284048883],[-96.2471981754664,42.54229251582847],[-96.24289634650582,42.54662857352899],[-96.24143811549764,42.56055491939],[-96.24794234787112,42.56309898274747],[-96.25525814864406,42.56834348834116],[-96.25992807212712,42.57106507147675],[-96.26167964682125,42.57711576516746],[-96.26558155336883,42.58324468791074],[-96.2733918877943,42.588415372658524],[-96.28561049366213,42.58950161723428],[-96.29455881647681,42.58852862483426],[-96.30535865089982,42.59037392962298],[-96.31564453290777,42.60085938692156],[-96.31087191004652,42.60261380655597],[-96.30574612751961,42.60689497635328],[-96.30021572893895,42.60813506347939],[-96.29708925044805,42.61343873491458],[-96.29587164604483,42.62264034375438],[-96.29384337072594,42.627552122226305],[-96.29516809457476,42.63236290137912],[-96.2942119836125,42.64191712536235],[-96.29910932179187,42.651662970994984],[-96.30162593261947,42.65320671318326],[-96.32302204028643,42.653465560162616],[-96.33000313013135,42.65424868166397],[-96.33486297888778,42.6543080784279],[-96.33729703999448,42.65076744615469],[-96.34333105585414,42.64913888799537],[-96.34757123249408,42.652133502452884],[-96.36864052795237,42.6435555437022],[-96.37634747933436,42.64285575988694],[-96.38806560861777,42.64485968225281],[-96.39338122312695,42.64612942477324],[-96.39764954496445,42.648447502885375],[-96.40548471235942,42.64780497553866],[-96.41919849655952,42.64862075835706],[-96.42929545345578,42.65647215164492],[-96.42276349996101,42.6682877631553],[-96.42211696129006,42.674119393050155],[-96.4172039361406,42.677728341026906],[-96.41359153982876,42.68465240902684],[-96.41523058717664,42.69669181375036],[-96.41466284839404,42.69994130082822],[-96.40937702694718,42.703885188314885],[-96.40825771713803,42.70728613596062],[-96.41911131671246,42.71301780775311],[-96.42911040708572,42.71505527150818],[-96.45366613359302,42.723807399707916],[-96.45718051158288,42.727856755948565],[-96.46322751466812,42.73096497919142],[-96.47167873183864,42.737984345089785],[-96.50494629286077,42.74848221569971],[-96.5095173658972,42.74929210532965],[-96.52211506537822,42.743426117827674],[-96.53013941647535,42.73674542758689],[-96.53163085873642,42.73455642119269],[-96.54110345853455,42.724971431068965],[-96.54673390434534,42.7246350382235],[-96.55859432636782,42.727900130821666],[-96.56095625515158,42.7309196207115],[-96.56930325395474,42.731735647236505]]]},"properties":{"LANDFORM_R":"Loess Hills","Acres":691343.960717,"Hectares":279776.974751,"tooltip":"Loess Hills"}},
{"type":"Feature","geometry":{"type":"Polygon","coordinates":[[[-95.05245697857303,42.22928307062365],[-95.05851598354432,42.233929561297764],[-95.06409630397329,42.236283360743535],[-95.064462771943,42.24011322942632],[-95.06958830104018,42.24702285408312],[-95.0688110001764,42.25195850941558],[-95.07128704608691,42.2566282958162],[-95.07889233087496,42.25727350946339],[-95.08389149382351,42.25458434005585],[-95.08911525101956,42.25521527495343],[-95.09669028205461,42.25379980624213],[-95.10464767119014,42.25404769879886],[-95.10868036875871,42.25102086133073],[-95.10613670658643,42.244650337669256],[-95.09994718076565,42.240157600067334],[-95.08980398137614,42.24105159376113],[-95.0857586958983,42.23888117300411],[-95.08130699771642,42.23884396293348],[-95.07365252828822,42.23357137312941],[-95.06618893860502,42.2308467157251],[-95.0631902877158,42.22755725527737],[-95.05645066201676,42.22555234960799],[-95.05303954333996,42.224904817673966],[-95.04972854224913,42.225712087655616],[-95.05245697857303,42.22928307062365]]]},"properties":{"LANDFORM_R":"Northwest Iowa Plains","Acres":1750.67978476,"Hectares":708.474973053,"tooltip":"Northwest Iowa Plains"}},
{"type":"Feature","geometry":{"type":"Polygon","coordinates":[[[-95.70600243337736,43.49506677528184],[-95.70353245993664,43.49986559126745],[-95.84104380288368,43.49990650790767],[-95.88089457726284,43.5001514597423],[-95.94043897387658,43.50006656232569],[-96.03802072019081,43.50028745961165],[-96.09605077085261,43.50017088338533],[-96.1957550310517,43.50019959272322],[-96.25379495636449,43.500281563040645],[-96.34981823022972,43.50010970382602],[-96.37015497450895,43.50029514766666],[-96.52404983102349,43.50015462576794],[-96.59915441835503,43.50033354703143],[-96.59799325864262,43.494473043160895],[-96.58998197403137,43.49201517473005],[-96.58595449778781,43.483444609528924],[-96.58097976761582,43.4811158030342],[-96.58645720783848,43.47748671381457],[-96.58360348624787,43.47443416586024],[-96.58513047108715,43.470550880439596],[-96.58244318430438,43.46670979590094],[-96.59359906797698,43.46270405258551],[-96.6013357314159,43.45547388805271],[-96.60315065989906,43.45047388383868],[-96.59652905432897,43.4412651930016],[-96.5926363224278,43.4329156465342],[-96.58721956430048,43.43146529922863],[-96.57595762343078,43.43190844491433],[-96.57040328117333,43.428489889342664],[-96.57084642072245,43.42340720147343],[-96.57359346170587,43.41925182086854],[-96.56126296627308,43.41273138405231],[-96.55750895924562,43.40635698533992],[-96.54852111324267,43.4038184971169],[-96.54490491319228,43.400068353383],[-96.5355969641581,43.394783757943145],[-96.52622769144249,43.396540880615454],[-96.52131420514775,43.38533024386207],[-96.52451866610168,43.38236836970622],[-96.52123758840325,43.375852095264364],[-96.52608963287302,43.36866183269622],[-96.53078892824185,43.36619383553505],[-96.52756939372385,43.362709957773035],[-96.52743333805954,43.35589862165138],[-96.52520412577034,43.353455489802435],[-96.5277225815032,43.34852494384132],[-96.52428811530375,43.347379470351235],[-96.52798146682852,43.34256572579095],[-96.53487863797639,43.337004540223454],[-96.53150581936588,43.331724824620004],[-96.53339920184797,43.32896527288928],[-96.52911119473387,43.32474016426889],[-96.53083480144936,43.320689409505796],[-96.52900336142501,43.3154970137589],[-96.52430343874978,43.31103233947817],[-96.52917144751069,43.308334120857836],[-96.53225368277697,43.30418734649004],[-96.53008723982896,43.300202766401185],[-96.5385241799533,43.29867231612897],[-96.54310231569616,43.294938086339876],[-96.55480609469531,43.2940073518691],[-96.5562407023532,43.29653768226438],[-96.56854091020804,43.29557796826194],[-96.57507027491559,43.29950641004462],[-96.58859065582091,43.2963635413661],[-96.58537033893796,43.292917307036404],[-96.57937310863764,43.29227702792021],[-96.58143373466943,43.28757571085226],[-96.57772562557513,43.278742502324576],[-96.58109744746601,43.274990497435475],[-96.58618057856062,43.27474104000972],[-96.58494329872099,43.26843246532167],[-96.57702353382568,43.268392557816746],[-96.57026430757305,43.262985819552256],[-96.55956676926296,43.259033930412],[-96.55268577201387,43.2581946704645],[-96.5523646378202,43.251875235325734],[-96.54944932170092,43.248472479344976],[-96.56507487798102,43.244447677517606],[-96.57162172971692,43.23877811619109],[-96.56887539415219,43.23201225283428],[-96.55832925862975,43.22297746016694],[-96.55539992260923,43.22682310451143],[-96.54786263051167,43.227084362963744],[-96.53959154343356,43.2257562190689],[-96.53625024195615,43.22763335814758],[-96.52205856692146,43.220994816703026],[-96.52073089100612,43.21791148721854],[-96.50878314916619,43.2208449496296],[-96.500954822522,43.22055381422489],[-96.49735321968052,43.223536211363346],[-96.48606193220822,43.22418723318704],[-96.4754862631723,43.220520666484155],[-96.47644819904959,43.21390978389542],[-96.4707706214135,43.20701447145303],[-96.47507384835819,43.20238193125459],[-96.47214460872561,43.196447516752286],[-96.47415752698191,43.1901558510759],[-96.46521535547816,43.18275615760565],[-96.4667882615645,43.1744701347482],[-96.46582570328353,43.17105092210895],[-96.46751973998747,43.16403972656936],[-96.46744339859175,43.156632027564754],[-96.46382629626906,43.1557602774708],[-96.46582597790773,43.149829279251165],[-96.45950853724236,43.14768866906912],[-96.45071813778183,43.142552118076246],[-96.4432563494556,43.13380941160456],[-96.44165384173263,43.12515108064699],[-96.4363746910851,43.12015975033965],[-96.44011351710473,43.11321349212109],[-96.44636954162381,43.10961267499984],[-96.45012216628082,43.10112603134821],[-96.46214711687783,43.093271430777634],[-96.46298550835111,43.08986063602489],[-96.45466959471979,43.08722200608772],[-96.45533957617376,43.07487562832358],[-96.45915576943003,43.070015257708306],[-96.4610017258724,43.0642420075811],[-96.46860071189192,43.06189585132967],[-96.47719169029995,43.062571300573524],[-96.48916979818465,43.053733861592136],[-96.49092431505152,43.05075408377684],[-96.5035445786011,43.04869338682924],[-96.51132710452606,43.049598165163005],[-96.51465311570658,43.044426880010505],[-96.50909802781675,43.03702531088501],[-96.51062472296194,43.03209841411968],[-96.5137530779538,43.03063376745546],[-96.5106244143369,43.02437318717203],[-96.50342128428419,43.02007416807945],[-96.49948413518892,43.019312339345475],[-96.49194672907171,43.01028686724373],[-96.49276987344145,43.00589488026573],[-96.49875112088937,42.99785169245917],[-96.50748036558653,42.99675597372726],[-96.51150838845328,42.994039281083936],[-96.51256129778828,42.98578646007728],[-96.52061782828169,42.98072172157347],[-96.51585755277596,42.97298978508251],[-96.50569463235006,42.97158197248818],[-96.50271887649201,42.967720441686524],[-96.50274884042149,42.95728405015185],[-96.5092954789185,42.952293347691395],[-96.50929616386443,42.945369352090744],[-96.5142245391925,42.94493894028683],[-96.52006924088283,42.938681633889715],[-96.51617660912729,42.934803625018276],[-96.52603493274152,42.93540058206264],[-96.53424465939342,42.927791087919466],[-96.5337872600683,42.92384351538648],[-96.54082145813994,42.924598435413984],[-96.54138588211609,42.91965585012909],[-96.53813613994926,42.9181267000024],[-96.53975366780813,42.911827974989805],[-96.5378452930797,42.91048239942139],[-96.53979917465085,42.89994144111279],[-96.53577076163619,42.90075030294219],[-96.52872093407854,42.8978526055164],[-96.52742298018195,42.89070751269166],[-96.53429074863423,42.890396529213156],[-96.54248368261841,42.88453372400488],[-96.53784610946094,42.878509538189164],[-96.54666557827532,42.874508880086346],[-96.54939689201356,42.869327972454954],[-96.54614697402569,42.86571912735496],[-96.54712222799154,42.85779246031699],[-96.54132398439157,42.85756687869141],[-96.54523099344017,42.84990060181587],[-96.54864950134487,42.85089311754694],[-96.55495146333618,42.84507005188541],[-96.54874032518168,42.84048175236997],[-96.55159341124327,42.83608035009257],[-96.56262605108674,42.83688090187448],[-96.56401511637205,42.8282568989437],[-96.56964595616536,42.8342850972325],[-96.57590282017246,42.83539531411755],[-96.58244792389539,42.83422717648681],[-96.57817494327116,42.82895851732189],[-96.58072397037674,42.8248900461214],[-96.5855008238057,42.8240471732973],[-96.5840197571027,42.81942053224441],[-96.59569382799883,42.815299681049645],[-96.59589128354972,42.81045837057091],[-96.59067322058158,42.80837123142301],[-96.5923515816718,42.80071923865531],[-96.59714298046309,42.79632788228815],[-96.59808948618014,42.791607076312],[-96.60526075242355,42.79074211101745],[-96.6027282183494,42.786878138216636],[-96.61542326813245,42.782759173613506],[-96.62003182006586,42.78343285165714],[-96.62248815503665,42.776197006184155],[-96.63022521680847,42.77030639056749],[-96.63535159382432,42.76372387182506],[-96.62554139110684,42.75483302133715],[-96.63036324872154,42.749989124918336],[-96.62979828308019,42.74724276859714],[-96.63573357539858,42.7415078257611],[-96.63290995930542,42.737986815865085],[-96.63944142365577,42.73633865180942],[-96.6327734682135,42.732516616157355],[-96.63056048182176,42.72950740673397],[-96.63455813585435,42.724788405854625],[-96.62535367207474,42.72608878351714],[-96.62451803246262,42.72168519220169],[-96.62805812819073,42.71806140544819],[-96.62462465337903,42.71368609967608],[-96.63031681809953,42.70531189248777],[-96.62193855784142,42.70542424008489],[-96.61971080156252,42.700497378947716],[-96.61438478438956,42.69863072851278],[-96.6094407998539,42.702586509588635],[-96.6057035027987,42.69786003174598],[-96.59943138587336,42.69731008170472],[-96.59082573707681,42.69117836024254],[-96.58679714102846,42.690170130878755],[-96.5862319772394,42.68315553301895],[-96.57581028638293,42.683274457859135],[-96.5723921802359,42.6762138002372],[-96.56822689009584,42.676208647054246],[-96.56451774619555,42.671182773602666],[-96.56035231772013,42.6690973521285],[-96.56035240551026,42.65863439204457],[-96.55470703414346,42.65827857554539],[-96.55023631616857,42.66070439527281],[-96.5429569006225,42.661182033472286],[-96.53790620397615,42.655638522535476],[-96.53790564385203,42.64599494603158],[-96.52705767098591,42.64146734767083],[-96.52525667126027,42.6382812688351],[-96.51605581959011,42.63026223391591],[-96.5159169353852,42.62325213133328],[-96.51936662097914,42.61854492904756],[-96.52783520547189,42.61835632776138],[-96.53137549942423,42.61660839538949],[-96.52997187538091,42.610501723930696],[-96.5260958166805,42.608973372281326],[-96.51997731516458,42.615905894561706],[-96.51506231078902,42.61632703019077],[-96.50943331797757,42.61291598536929],[-96.50450076846141,42.60472004417007],[-96.5006739261243,42.594941326451625],[-96.50014042221525,42.58863657321819],[-96.49258646338367,42.58820096404354],[-96.49124382027894,42.58619792552302],[-96.4960350192773,42.58073012031691],[-96.49131945342731,42.57710119329093],[-96.48674182862456,42.576178188157165],[-96.48601084999396,42.572859819620795],[-96.48971714884811,42.57070290408775],[-96.49742340426415,42.57170133790194],[-96.49980422690973,42.56863912159786],[-96.49867601095575,42.55870574135613],[-96.49707244009973,42.557169960985085],[-96.4769161107867,42.556154080718215],[-96.47729716252896,42.53591856384813],[-96.48094347163575,42.523912895236094],[-96.49312198207933,42.518904701903175],[-96.4909233131508,42.513127872372536],[-96.48709821316,42.51090327373151],[-96.47831992063672,42.51081910871837],[-96.47317647255379,42.5040958286275],[-96.47705249713412,42.49679259272425],[-96.47454992277672,42.49203310937839],[-96.46408294890757,42.49104457641592],[-96.45564521434088,42.49307793114704],[-96.46900914554499,42.499544329494654],[-96.4713769010047,42.503772212879866],[-96.4754051686031,42.52725970953814],[-96.47576074050819,42.55354636579632],[-96.47887143867241,42.55882301931346],[-96.48323507420317,42.57226447735007],[-96.48892750915758,42.58185639629835],[-96.49336120717456,42.59196816529203],[-96.49502143919209,42.598589724274035],[-96.50177955263705,42.604100965356324],[-96.5084904042694,42.61195952955072],[-96.51026226809775,42.61486652136998],[-96.51163530556562,42.62452258604408],[-96.51641049339425,42.63270501762275],[-96.52328315079056,42.636554665514915],[-96.53109642788628,42.64918109079525],[-96.53262761290713,42.65341989535015],[-96.53665573227569,42.65615438723476],[-96.54972313911449,42.66813082342626],[-96.55529971909404,42.675341262208555],[-96.57448065202675,42.69451725298603],[-96.5941369209313,42.70701640785848],[-96.60528171191818,42.720960090030665],[-96.61005415273345,42.73081331833967],[-96.61166655571915,42.739807144488374],[-96.60928355655848,42.74537035349533],[-96.60419787707113,42.749938148681224],[-96.60027971930715,42.75256006368626],[-96.59389273275468,42.752832816453875],[-96.58481287542563,42.74269154561495],[-96.58315752390165,42.74680287885987],[-96.5833754808628,42.74750910671505],[-96.58149579399813,42.7519608300859],[-96.57408508417339,42.75001221182908],[-96.57350242469181,42.74882938472091],[-96.56821513836834,42.74039757807523],[-96.56236992298547,42.73941034241523],[-96.55051736279255,42.73984207364872],[-96.53920937798269,42.74231013076582],[-96.53848770987274,42.743944375278716],[-96.5382192282419,42.7460070848188],[-96.53093950074546,42.74612953994054],[-96.52972719628302,42.74598499426392],[-96.52868387975933,42.746491278065996],[-96.53323199677669,42.75633844519668],[-96.52693678592736,42.75801822143278],[-96.52213688059248,42.763381149292414],[-96.51574942463583,42.76193413699545],[-96.50457162257942,42.76300410604721],[-96.5017528203624,42.761699761600624],[-96.49486098871655,42.760425047312815],[-96.49343530479989,42.76100590541378],[-96.49230482135303,42.762888025674684],[-96.49245436610256,42.765681983546415],[-96.48507251659615,42.766381230514746],[-96.48148629118235,42.76592152784915],[-96.47410848643524,42.78049510513344],[-96.46891799004766,42.781284766544445],[-96.46984934113543,42.7871984945574],[-96.46864758298102,42.78796188958802],[-96.46465490215644,42.79253938524644],[-96.46064995518833,42.793830062985066],[-96.46074852948988,42.795597030547626],[-96.45610698719196,42.79779178502261],[-96.45346385459321,42.79888302256494],[-96.45282885772203,42.79827006877211],[-96.45124869552188,42.79420774599128],[-96.45082615314318,42.78850095596316],[-96.45073768778342,42.78768186109028],[-96.45384132512571,42.77636794255732],[-96.45182340354373,42.77086725072026],[-96.44822023686234,42.76256505004161],[-96.45095495057721,42.75901019606961],[-96.45301504520297,42.75462683826372],[-96.45204870641076,42.75196743509768],[-96.4533278873533,42.75083635277681],[-96.45650823539654,42.749659999064946],[-96.46039493530364,42.74452039831548],[-96.46106669312904,42.73563261900785],[-96.46395985913259,42.73307579313139],[-96.46322751466812,42.73096497919142],[-96.45718051158288,42.727856755948565],[-96.45366613359302,42.723807399707916],[-96.42911040708572,42.71505527150818],[-96.41911131671246,42.71301780775311],[-96.40825771713803,42.70728613596062],[-96.40937702694718,42.703885188314885],[-96.41466284839404,42.69994130082822],[-96.41523058717664,42.69669181375036],[-96.41359153982876,42.68465240902684],[-96.41039393215084,42.681702691706256],[-96.40235166652383,42.68140379923531],[-96.38952224162058,42.68094218542061],[-96.38871003919384,42.68100115081706],[-96.38592552645456,42.68310400169437],[-96.38345589042561,42.68501466668312],[-96.38239698376847,42.68343098914925],[-96.37947332431706,42.68333793861228],[-96.37777352604745,42.68338813223956],[-96.37205222301493,42.68273902366358],[-96.37010128493151,42.6820596658083],[-96.36835122415626,42.67124282462907],[-96.36949501338967,42.66623548072729],[-96.36709999950986,42.661946346255604],[-96.36550614005513,42.657080966222864],[-96.36091230320211,42.65365458915822],[-96.35475787974052,42.65831764154681],[-96.34745323986223,42.65552279489096],[-96.34656341844125,42.654443558940095],[-96.34757123249408,42.652133502452884],[-96.34333105585414,42.64913888799537],[-96.33729703999448,42.65076744615469],[-96.33486297888778,42.6543080784279],[-96.33000313013135,42.65424868166397],[-96.32723505230017,42.65693946934315],[-96.32568267262879,42.65844837692028],[-96.32654064447574,42.66633105437306],[-96.32101663786236,42.67141359852458],[-96.31945678991497,42.67702646320865],[-96.31473025844964,42.68124872315112],[-96.30895585615889,42.68329014311648],[-96.30983533367038,42.68977537861275],[-96.31379420518802,42.698834909322485],[-96.31067064915435,42.702969834046726],[-96.31250905531085,42.70735570830915],[-96.3124282214829,42.713375470153665],[-96.3214853949288,42.73017865810214],[-96.3192698863736,42.73379421213764],[-96.31397627306956,42.73419428880508],[-96.30168179398936,42.72730302722318],[-96.3005416212494,42.731519425988],[-96.30405170310587,42.740898986966535],[-96.31136348952185,42.74799111480213],[-96.30631186833754,42.750575320764106],[-96.29737054809681,42.749710038223334],[-96.29059974920023,42.75061755448003],[-96.29829718272322,42.756621457635575],[-96.30167416096928,42.76404237716857],[-96.29703094563912,42.76779454312825],[-96.28483776810633,42.76809505704594],[-96.2744296300345,42.766031525389344],[-96.26930385817325,42.75654989302577],[-96.27086182613601,42.751912720265835],[-96.26506732012304,42.74737493042067],[-96.26119779837549,42.73786789563032],[-96.25520897273027,42.73628702226951],[-96.24220294168788,42.73643112906308],[-96.23178105327412,42.732156896830155],[-96.22749956712579,42.72722766493949],[-96.22927916494902,42.722367854433834],[-96.23678749483841,42.714586490364006],[-96.23913283024258,42.7082912920706],[-96.23715829861955,42.705272179996236],[-96.23953996418398,42.70173555068468],[-96.24541619414667,42.699349036508906],[-96.24580081700267,42.6967485150803],[-96.25200721758338,42.690737687479256],[-96.2513376591099,42.68405480015255],[-96.25392515278357,42.68255865965148],[-96.25951077089921,42.67073382226914],[-96.26451571920606,42.66633345543912],[-96.26346754097318,42.65855757850064],[-96.27259047391591,42.6451820064641],[-96.26510387862169,42.64255698342931],[-96.25415331102171,42.64179200786227],[-96.24973601671081,42.64515023670029],[-96.24828803445756,42.65015867237242],[-96.2399475084159,42.65450770903548],[-96.2296725536922,42.65622732071169],[-96.2211096509503,42.654041907537874],[-96.21554069670233,42.64455331339175],[-96.22004542746635,42.639487441191804],[-96.21730566244624,42.6357997112361],[-96.21654370404774,42.62651373549678],[-96.20902394055229,42.62348292634875],[-96.20102497387205,42.62213826428434],[-96.19955967070798,42.61841443917464],[-96.20118360344975,42.61418591825856],[-96.19894817290104,42.60817501434668],[-96.20325709870934,42.60492505420953],[-96.20155077442708,42.59891012507986],[-96.2090304649603,42.593462140397016],[-96.20563717624283,42.589900143652216],[-96.20611962950801,42.583659701872726],[-96.20894830572568,42.57883610553196],[-96.21091891763723,42.57132889047629],[-96.20629214970252,42.56616013994618],[-96.20199919302053,42.565884945896876],[-96.18794624575412,42.56825399513861],[-96.1761604433535,42.567889739524446],[-96.16703979352344,42.56343423119572],[-96.15799983517971,42.56268959260569],[-96.15530308644901,42.566665015794335],[-96.14864766431508,42.568072135521604],[-96.13763568808713,42.56103132264919],[-96.13130157774543,42.56074067604977],[-96.11768789789394,42.56563038816494],[-96.11796968847204,42.571283086939225],[-96.12142553391287,42.57417207241777],[-96.11651732045618,42.57744195621998],[-96.11648956347418,42.58103780974391],[-96.11296356835689,42.58520997323676],[-96.11260113888997,42.59200538698472],[-96.11508873996694,42.59647938749321],[-96.10945714784926,42.600337557665235],[-96.09900812533667,42.59791467384691],[-96.09100253845253,42.59235685251445],[-96.09139068984958,42.58505054983132],[-96.0936796811292,42.57901280691033],[-96.09230160566487,42.56664715787854],[-96.09342820319034,42.56085283055276],[-96.08794686643033,42.55789333734551],[-96.08371118769979,42.56051740048873],[-96.07286083985481,42.56343857113431],[-96.068685186592,42.570602172115066],[-96.0451811247095,42.582703599932636],[-96.03789417755,42.588957321492074],[-96.04088707927104,42.59417200167625],[-96.03842991664162,42.59686665385741],[-96.02461072788647,42.59878636942133],[-96.02224531420512,42.61008357482088],[-96.02346915920553,42.615310058573534],[-96.01820338879807,42.61639002337059],[-96.01366879837309,42.61341717548645],[-96.00607253163673,42.61696343297522],[-95.99071876536944,42.617365620349275],[-95.98766109892944,42.61433798669346],[-95.98292322913593,42.60322679273324],[-95.97805516737252,42.59952893920257],[-95.97772522564564,42.59260542425738],[-95.99394665859096,42.58680397142388],[-96.00273954670482,42.58093949707548],[-96.00184912333738,42.57285234060836],[-96.00482436024036,42.5688184243707],[-96.01239434358001,42.56349189418178],[-96.00986192919757,42.55963183023227],[-96.00337650114167,42.557513826819324],[-95.99299307261882,42.545697721299646],[-95.97995230101004,42.54063928279285],[-95.97846256583622,42.53677067986857],[-95.97439885252298,42.53627872293892],[-95.96954529360193,42.52935303055983],[-95.96823488870061,42.51874971840909],[-95.96893727392295,42.51311405668553],[-95.96466863329879,42.51167089493783],[-95.95982945966304,42.50498342182649],[-95.9649050916612,42.49959320827324],[-95.96509552235128,42.49337320736988],[-95.96975679891062,42.486081174804895],[-95.96391837569462,42.482381300924985],[-95.96410048048514,42.46889720054881],[-95.9588881435899,42.464490193718845],[-95.95237711753998,42.46334350411619],[-95.93680264179848,42.454779854842435],[-95.93471695342868,42.44814011312037],[-95.93049747715975,42.4407182912174],[-95.92204974819316,42.43949987214277],[-95.9123577292435,42.44123449257727],[-95.90990394033263,42.44901229451596],[-95.90539378027384,42.456178586553904],[-95.90483620102636,42.461571208141095],[-95.90709743169907,42.47032303304937],[-95.91109700222847,42.48022604740013],[-95.91131756709869,42.48515583617304],[-95.90381780926482,42.48534625643907],[-95.89593364159072,42.47720963165635],[-95.88691428815662,42.48122956392378],[-95.88492248427723,42.48605539465677],[-95.87343893705616,42.48480160324507],[-95.87134946884983,42.500521882001905],[-95.87806514919679,42.50706861467306],[-95.88917687183307,42.51049379545888],[-95.8929267953945,42.513756772541406],[-95.8923320100171,42.517824136574745],[-95.87939568532144,42.5326228022959],[-95.8626906809953,42.533620572255906],[-95.85930329628776,42.53486302186499],[-95.85255719090713,42.53260330140167],[-95.84910963529803,42.52759133841704],[-95.8392649664817,42.523640354282726],[-95.83504578013067,42.51775163696064],[-95.82659822686384,42.51437123902352],[-95.82674396961082,42.510662625835316],[-95.82252863534289,42.50740893102264],[-95.8090554648651,42.503572071719205],[-95.80265974885181,42.497013415061296],[-95.7994463464927,42.490311063811276],[-95.78732092832512,42.48500006908481],[-95.78174091682881,42.47999103106668],[-95.77585144077752,42.47123785632295],[-95.76537388063258,42.46584255848872],[-95.7640007426272,42.46230264691011],[-95.75748825346321,42.45717755086785],[-95.75304869391698,42.449674570595555],[-95.74476659437178,42.44826185610843],[-95.72851690059991,42.43430108386871],[-95.72418583696786,42.4336231057458],[-95.7156678679724,42.43507875046264],[-95.69674274293565,42.43624208607648],[-95.69011317543941,42.44230678160316],[-95.68673045554881,42.443286853660844],[-95.6794893927166,42.43978044060255],[-95.67657829268569,42.43355216899266],[-95.67212616451576,42.433015031492076],[-95.67242385131482,42.4253151098425],[-95.66360273916638,42.42659793592768],[-95.65578879287672,42.42147809092049],[-95.64810887497647,42.41970045305974],[-95.62754736509137,42.41078024408303],[-95.62320181264164,42.41030107424594],[-95.61729196733684,42.405625538100516],[-95.6092193990266,42.401983532696576],[-95.6075300707843,42.398905600090394],[-95.59107764672733,42.396978367317786],[-95.5807272565406,42.4007438750967],[-95.57272345649177,42.399679702493245],[-95.57036113715917,42.39752529560557],[-95.56842095711787,42.387133667960164],[-95.57146998331852,42.37960012881459],[-95.57012150403135,42.37441280542717],[-95.5638048670641,42.369497278572354],[-95.55254710019895,42.36549428450487],[-95.54782760960569,42.36656257427449],[-95.54452234522773,42.3704890176637],[-95.54044283217885,42.36596397405766],[-95.53449633586105,42.36613579914453],[-95.52312364449323,42.36325623135422],[-95.52021339464031,42.368544834947336],[-95.50358801273185,42.370106420079935],[-95.50132812739068,42.37725975095707],[-95.49607372522084,42.38263207886282],[-95.49119467544486,42.38352026071877],[-95.48650794706401,42.38781288524423],[-95.49023661341722,42.39170681932537],[-95.4886350345655,42.39906792482815],[-95.48454922006614,42.40211829793356],[-95.48798497990687,42.40656422110491],[-95.49636334838593,42.40833045091143],[-95.50352482739555,42.41386374282329],[-95.50383419100767,42.41635103437056],[-95.48502231858727,42.41676062556268],[-95.47659097541873,42.41366974805523],[-95.47044481612812,42.40982753727136],[-95.46594055773696,42.41834202346196],[-95.45994844102675,42.410365146630284],[-95.4619191446431,42.406971420607384],[-95.46952818318756,42.39987105156355],[-95.46681731103808,42.395097199630044],[-95.4668382355198,42.390264495006946],[-95.46356274403571,42.38594078622993],[-95.45844761546047,42.385110970465796],[-95.45406593458904,42.38158179012314],[-95.44745758897444,42.37037705830585],[-95.43960113464755,42.360368039283635],[-95.44439119897554,42.35610545811533],[-95.45947344365533,42.351758620208145],[-95.4606170457006,42.34785323490012],[-95.45431504848445,42.34445195581501],[-95.44981885803551,42.33698990859654],[-95.44568239944692,42.33395787813593],[-95.4386198657754,42.3325828631572],[-95.42900438427422,42.332856416473234],[-95.42709936463308,42.33435296071868],[-95.43618504536319,42.34213449077516],[-95.43669576576703,42.35051399174561],[-95.43471574163294,42.35249764777998],[-95.4239388004296,42.354251637564296],[-95.41547852557603,42.3530434476994],[-95.4116201438186,42.3499349866306],[-95.40461101783048,42.35243990448875],[-95.39488958758345,42.350008491011316],[-95.39058385966004,42.33939210751265],[-95.38629892516292,42.3379141558734],[-95.37583384572052,42.33799290764804],[-95.36188019993538,42.33617753986121],[-95.35148189693665,42.336622930101264],[-95.34215455201362,42.33209865381643],[-95.33914314132551,42.329254564640785],[-95.33149561257144,42.32690728086207],[-95.31521270136822,42.315921239392246],[-95.30675871426455,42.31299368860942],[-95.3038234207569,42.30867500890856],[-95.30548304772577,42.30295552416751],[-95.30178132913194,42.2997520444903],[-95.28654925805876,42.29849260957572],[-95.27796659954674,42.298952367530795],[-95.2692329245898,42.28979532835307],[-95.25770424159955,42.285083416207996],[-95.25131661623608,42.280500567479],[-95.25049854815597,42.276097008795276],[-95.23439646570124,42.27563083152779],[-95.23536080971287,42.27067537683103],[-95.23063953600497,42.26604225866026],[-95.21053657295512,42.26135395883198],[-95.20419296673658,42.26457915723185],[-95.19316096719663,42.27226627656406],[-95.18830472454191,42.277366274073835],[-95.18268598602585,42.27965963513677],[-95.17662166491327,42.28005704023108],[-95.17056988271344,42.27805607606712],[-95.15708947778556,42.26984765887688],[-95.14952913101347,42.27090648369294],[-95.14886429274543,42.27649034464196],[-95.1571959365179,42.28368391001332],[-95.16568625317088,42.28700968401338],[-95.17819893041006,42.29750357458136],[-95.18574369344714,42.30002560652921],[-95.18804686189885,42.305381315389646],[-95.18465411580236,42.30845342953803],[-95.17367978452606,42.30797857299699],[-95.16339182863669,42.30065470084152],[-95.1558477008775,42.292731513354084],[-95.14506178176374,42.2895846949569],[-95.14124221246452,42.290538306765214],[-95.13986057024822,42.29638023825885],[-95.14566711979356,42.30284052088934],[-95.14666677063383,42.30916972450216],[-95.13663795245982,42.309590058200214],[-95.12761851086145,42.30737007936968],[-95.12144500601367,42.301086361101234],[-95.12454835129637,42.297930988938994],[-95.1197536130145,42.27420447820355],[-95.12628655190608,42.261118867314295],[-95.12177765473028,42.2591248701285],[-95.11913482329223,42.26568710267254],[-95.11439857697073,42.26845735734],[-95.09788816662648,42.26675671157469],[-95.09190045929094,42.26973278847245],[-95.07874168514476,42.2736106033409],[-95.06472629212789,42.274478739052306],[-95.05595689550283,42.27600610677831],[-95.05325222262442,42.27958278092605],[-95.05481381621719,42.28537798046056],[-95.05284715620435,42.293991067782414],[-95.05546520002562,42.300926533071575],[-95.05476349651249,42.311423190673324],[-95.05652289701955,42.31567969907775],[-95.06194376707654,42.319102127963106],[-95.05796769832877,42.320799057790744],[-95.05807315255844,42.32196338934472],[-95.05869119520783,42.32318155902176],[-95.05916649359213,42.32351073513071],[-95.06377899235947,42.32526946279263],[-95.0648412076966,42.325673604358606],[-95.06893008849538,42.329544351703696],[-95.06796926499952,42.33227235972659],[-95.07130784375262,42.335418087906355],[-95.06943897809496,42.3416746720702],[-95.06857220792661,42.34279799444166],[-95.06893847112357,42.34427280061856],[-95.07303365644366,42.34666185923652],[-95.07431195982156,42.34733667273256],[-95.0735973850881,42.35067714561211],[-95.07598902309483,42.35541131030626],[-95.07845913051244,42.35782957712781],[-95.0798140893678,42.359669153543685],[-95.08175671939145,42.36193931616829],[-95.08136588298525,42.36357190794866],[-95.0801283062014,42.36530541429286],[-95.0798539051236,42.365476993991706],[-95.08093679413625,42.36879389069669],[-95.08319739260762,42.37012168048219],[-95.08429778560566,42.3705744725734],[-95.08513771812636,42.37087439434382],[-95.08571132836957,42.37177351818579],[-95.08620511681173,42.37359715563524],[-95.08735115302537,42.37808355196186],[-95.08837268099029,42.3786367999462],[-95.0894660784197,42.379044641068035],[-95.09177196424571,42.379398839048065],[-95.09369750386516,42.380151675215245],[-95.09464778652233,42.38089978573988],[-95.09473744524061,42.382717256726856],[-95.09244541596777,42.38500147431733],[-95.0902911750768,42.38797655609965],[-95.09215100305418,42.392377833446815],[-95.09148566889607,42.392646628142735],[-95.09200957251518,42.39685163164215],[-95.09395892295831,42.39767606896353],[-95.095040696407,42.398259673374326],[-95.09611790036615,42.39944671716502],[-95.09617198841012,42.40002207800522],[-95.09657188238621,42.403000076708295],[-95.09862349450422,42.404583524112326],[-95.09740325249757,42.40685721727679],[-95.09533464318874,42.40874566217318],[-95.09432784137954,42.41044357465878],[-95.09418034525324,42.41096408227787],[-95.0938117141224,42.412988035537914],[-95.09745150238322,42.41509631973926],[-95.10151023674302,42.41775514525525],[-95.10146515153117,42.418179227200035],[-95.10308378663217,42.42186879026267],[-95.10326989814183,42.422743405457304],[-95.10365018699072,42.4267663563977],[-95.10276084673501,42.42880889186724],[-95.10180809606024,42.43327503972338],[-95.10145955528483,42.43514554994434],[-95.10243826498834,42.43665852532074],[-95.10322383659454,42.43816602996424],[-95.10468929238442,42.44068766478878],[-95.10497419566714,42.44079950413552],[-95.10454423363339,42.44182500864825],[-95.10138258621889,42.443868697484824],[-95.10470770275394,42.44531160002103],[-95.10701875794166,42.445404227795855],[-95.11156845701011,42.44873806154364],[-95.10830476799143,42.45227421087453],[-95.10659009792569,42.45311171508614],[-95.10641144098958,42.45665861637507],[-95.10672912600553,42.456918437210525],[-95.10690436542724,42.457599625446434],[-95.10654523991028,42.45749816081118],[-95.10575914993021,42.45640494155229],[-95.10451788579805,42.45750387896246],[-95.10551930355865,42.45898938847363],[-95.10437308788038,42.460397263718846],[-95.10391079583837,42.46082449923039],[-95.1034499438095,42.46178302360271],[-95.10457056350569,42.464590142608685],[-95.10726307159354,42.46690008502017],[-95.1085852035693,42.46707389087079],[-95.11017449931767,42.47111506933963],[-95.11060690292845,42.47200314179271],[-95.11261658923242,42.47358258257902],[-95.11731325517535,42.477539329079214],[-95.11787501380168,42.47770455563438],[-95.11872266446417,42.47975111522993],[-95.11852909676999,42.48062821118538],[-95.11748029906508,42.48382197275224],[-95.11703321817116,42.48558176893418],[-95.11737452239883,42.48722344114145],[-95.11932037117195,42.487218999230706],[-95.12172049235738,42.48847136552793],[-95.12331296649432,42.48960806754754],[-95.12372690635831,42.490266793116724],[-95.12315598646146,42.49174523770899],[-95.12338085789388,42.49268212862151],[-95.12515357842811,42.496116323831956],[-95.12499225566737,42.496619109863154],[-95.12410375437004,42.498288054080774],[-95.12462701694353,42.49924192473445],[-95.12750004630793,42.50093116600376],[-95.12668733560137,42.503679371549666],[-95.13430649667261,42.504307706462356],[-95.13518736709392,42.50566011250421],[-95.13310279710754,42.50818890292329],[-95.13248797576888,42.516638340600295],[-95.13205050926577,42.51746596377757],[-95.1312156794303,42.51870171160537],[-95.12909815014743,42.522158586435985],[-95.13086006047226,42.52509309593461],[-95.13131110408592,42.525233297183],[-95.13420079956504,42.52626466576525],[-95.13463602272817,42.526621275925095],[-95.13799270308259,42.53008428850775],[-95.1388911582645,42.531013082296326],[-95.1395307749784,42.53198272221163],[-95.14175460348982,42.53792070573084],[-95.14075072024852,42.54327509631867],[-95.14078072504462,42.54377432934634],[-95.14149059269883,42.549898167799455],[-95.14164496216988,42.550327536611135],[-95.1429337736593,42.55208649046127],[-95.14341214533961,42.552640374527044],[-95.14456230219594,42.557004425124106],[-95.14427679671692,42.55793730979256],[-95.14583862130262,42.56085730149214],[-95.1462031783938,42.56284063761052],[-95.14682691973678,42.56402215188252],[-95.1486808780458,42.5659730665268],[-95.1508208266521,42.5692738734204],[-95.15118643948865,42.57329685873591],[-95.15098175022243,42.574430858683385],[-95.150263155908,42.57632193643768],[-95.15273386065533,42.579206756706036],[-95.15048577297718,42.58279702568774],[-95.15058476491107,42.58587495607146],[-95.15212675172074,42.58784516851471],[-95.1574445302977,42.58968130172637],[-95.161253374041,42.59439580397924],[-95.15999680643156,42.596499698822065],[-95.16026643928146,42.599529370775656],[-95.16036424003904,42.59980218579044],[-95.1620909845673,42.6004540156835],[-95.16471993834878,42.60059349403894],[-95.16508694540804,42.60140153132361],[-95.16358317111673,42.60147045607638],[-95.16152123265387,42.601833554424374],[-95.16191023041935,42.60287081960147],[-95.1623104630192,42.60304337223943],[-95.16402428888584,42.60648702664167],[-95.16448023691433,42.608509086284165],[-95.16590605138022,42.609549261217985],[-95.166367862887,42.61623138324117],[-95.16683068553976,42.61872156938406],[-95.16608191295492,42.621104086385145],[-95.16685004067143,42.621355216727665],[-95.16771381551678,42.6222979307315],[-95.16728267500079,42.62284189341219],[-95.16759582521908,42.62432182314844],[-95.16845485122921,42.62883516825792],[-95.17380301400996,42.63197569317093],[-95.17501541328814,42.633564609445145],[-95.17583966439395,42.63887550671298],[-95.17644793780684,42.640579434736836],[-95.1775922572695,42.64270091742547],[-95.17858965937924,42.64392016494371],[-95.1804185965332,42.64681204599587],[-95.18127497514412,42.647646731863354],[-95.18190016245751,42.648301208538975],[-95.18210133136691,42.64852700856029],[-95.18499117699362,42.65098436950634],[-95.18572551443238,42.65310908105384],[-95.18952669283713,42.6551256965869],[-95.19309748154448,42.65687193850917],[-95.19527884045888,42.659509187420895],[-95.19658264296886,42.66064135678944],[-95.19992759699264,42.66385053893322],[-95.20631625823927,42.6677394699403],[-95.20981996396553,42.66993673011915],[-95.21073665742536,42.670720499578444],[-95.21123761700142,42.67525389899419],[-95.21955255759256,42.68019900424182],[-95.2201763461608,42.68247420693205],[-95.22229719165074,42.68725980642615],[-95.2274208587559,42.69096494927464],[-95.22791906599187,42.69269323821264],[-95.2271566583443,42.693455480684385],[-95.226977600306,42.693643564851754],[-95.22734828708396,42.695838094325175],[-95.22760894167445,42.69642736002135],[-95.2284499878431,42.698374104901234],[-95.23264515063605,42.705973729567766],[-95.23505788832932,42.71195105145415],[-95.23510235149432,42.71244546044357],[-95.23519093832793,42.71333973215406],[-95.23554829772287,42.71441786487219],[-95.23579420221469,42.714836302339606],[-95.23713720264924,42.71607078841495],[-95.23783096289162,42.71672811319934],[-95.2389731611845,42.7173856756692],[-95.24130171639501,42.718663882125625],[-95.24245134673832,42.71930325409961],[-95.2444963948163,42.720631968797626],[-95.24704029820869,42.724094054841096],[-95.24782304204018,42.72540243524902],[-95.24884536396696,42.72691772489498],[-95.24924792613747,42.72749514705719],[-95.2500165175707,42.72861018195779],[-95.25022519773026,42.72936700564166],[-95.25092010548572,42.730839177300396],[-95.25158125406149,42.73355019415396],[-95.25407954261217,42.739561415519724],[-95.25882475097056,42.74031440700884],[-95.25981773224868,42.74039837839404],[-95.26246361987162,42.74012102374083],[-95.26628390263245,42.7384741349713],[-95.2671602937523,42.738114603192905],[-95.26772079222141,42.73805398073466],[-95.26978156846668,42.738139233489704],[-95.27007481769752,42.740128023217856],[-95.26968880877679,42.7408695775572],[-95.26943159825893,42.7414059670317],[-95.26942298919295,42.74386899588026],[-95.26951040611374,42.744182437627934],[-95.27052619219633,42.746467576971355],[-95.26787600501522,42.75142777118193],[-95.26752573847023,42.75242974543178],[-95.26751287066196,42.75286223454286],[-95.26794170781262,42.75376323715121],[-95.27025312272785,42.75530230496766],[-95.27246616270143,42.755839233533166],[-95.27277217587606,42.75864268176019],[-95.2697403374493,42.76057581616233],[-95.26932316043086,42.761565613338234],[-95.27021805467743,42.76339837916353],[-95.27114146800042,42.766428218249516],[-95.27189294824133,42.76670597214834],[-95.27506639385248,42.76592259027116],[-95.2761226135022,42.76745044003806],[-95.27515068087519,42.77023874407084],[-95.27701445877581,42.77230883962706],[-95.2790101356087,42.77515970021157],[-95.27819347271151,42.77862930473295],[-95.27958045312074,42.77893938738076],[-95.28856619790066,42.77864311449799],[-95.28969500216445,42.77926439715702],[-95.28779463600098,42.7804504911087],[-95.28652985702206,42.78052527656818],[-95.2845100222381,42.780543073565916],[-95.27999886332955,42.78289768769196],[-95.28031926934257,42.78464274784565],[-95.28681496349704,42.787781974497705],[-95.28706974162618,42.7882991661316],[-95.28660119668503,42.789789814924966],[-95.28459207870702,42.791239167008975],[-95.28131367608249,42.79362776523676],[-95.28168862438862,42.79580396267264],[-95.28612324541699,42.79761553371532],[-95.2858179116828,42.79977377727126],[-95.28458236400277,42.80547145788199],[-95.28485909947713,42.80603323866931],[-95.28535369469152,42.80710394432151],[-95.28376378237901,42.81076909797378],[-95.28220997719183,42.81224084295519],[-95.28083616290627,42.813141680116686],[-95.27704456804602,42.820213860620704],[-95.28033560816353,42.825947444057284],[-95.28071076581624,42.82755182621593],[-95.27888698631249,42.830730803653054],[-95.27725098912771,42.83550886480581],[-95.2797801897131,42.83840759177229],[-95.27952643757257,42.838889896152985],[-95.27806937074519,42.83981036698736],[-95.27713300893757,42.839865012644296],[-95.27642814926605,42.83992405284987],[-95.27494397586962,42.84006611145953],[-95.27462779369091,42.840202962368714],[-95.27233781498035,42.84403493405317],[-95.27257819576666,42.844520922144945],[-95.27319237070076,42.84561631432416],[-95.27348443270347,42.846186819314475],[-95.27418988091516,42.849945798486694],[-95.2741121926153,42.85125753202382],[-95.27315854072116,42.8559229170961],[-95.27301553898488,42.85709186986809],[-95.27263178503802,42.859445221877245],[-95.27336800185309,42.86206899144842],[-95.27458798485735,42.86602034587116],[-95.27421557130923,42.867536035641365],[-95.27406866540666,42.86789013804135],[-95.27458648182055,42.86890638906365],[-95.27730569054849,42.87166180091875],[-95.2780500499512,42.87258348130965],[-95.27886744299022,42.87475085500276],[-95.27915326799213,42.87547904850186],[-95.2759360627194,42.876835230960076],[-95.27557589421052,42.87681087447816],[-95.27291127289052,42.876953857917734],[-95.27125395643685,42.877594569492736],[-95.26873515550209,42.879337401227936],[-95.26782801606015,42.87994518422075],[-95.26343133640864,42.880995704510255],[-95.26210995254037,42.881075851756364],[-95.25954046468884,42.87965882874165],[-95.25907400405634,42.879060216346346],[-95.25723175193696,42.87698494914105],[-95.25642823482542,42.87684770941106],[-95.2544765596225,42.87676459754779],[-95.24432762511424,42.87440660385443],[-95.24299882860366,42.87413097312398],[-95.22962709697597,42.87617046741051],[-95.22457031532277,42.87993371041535],[-95.22328151316881,42.88234948769679],[-95.2226932285283,42.88398625727279],[-95.2162103144848,42.88783532232816],[-95.21257766533253,42.891574970270355],[-95.21207269037468,42.89189088352285],[-95.20822184159326,42.895170862312234],[-95.20587156267025,42.89793106656586],[-95.20179860829175,42.89913051441113],[-95.19976713744421,42.89937215067799],[-95.19432954603163,42.89842739611322],[-95.19059527630905,42.89508158184765],[-95.18680982639115,42.888044684277844],[-95.18218022839304,42.8826310817926],[-95.17999372481955,42.88111939670681],[-95.1738475509602,42.87847624506141],[-95.16843795166082,42.878223087106925],[-95.15990570010585,42.88133333316538],[-95.15890216560206,42.88197357733354],[-95.15556372248959,42.88502151585559],[-95.15491207841636,42.88558306479719],[-95.15350960187719,42.88667199724504],[-95.15236163605752,42.88767508805251],[-95.15089013443117,42.88914798607805],[-95.15025560667314,42.88938951896052],[-95.14881345638412,42.890321555335085],[-95.14770304964595,42.8908781604034],[-95.147173580091,42.89110419934627],[-95.14570397656257,42.891721545454885],[-95.13619289195975,42.895865882998706],[-95.1312501967697,42.888862220332825],[-95.12665150562364,42.887182755862],[-95.12556988391198,42.887144299383316],[-95.12407816755682,42.887198982293434],[-95.12118761295314,42.887707280765945],[-95.11924473372981,42.88833304967853],[-95.11671400113896,42.88977557283391],[-95.11372666852208,42.89287883382363],[-95.11244320923106,42.894924069845196],[-95.11163428099572,42.89703708504553],[-95.11147713144734,42.89751272975824],[-95.11093878362755,42.899413643069586],[-95.10057863621665,42.902814262890544],[-95.0988259455183,42.903548755565595],[-95.09785939165724,42.903796080104144],[-95.09097740464112,42.90726265017554],[-95.08993714269162,42.90825414191595],[-95.09009615749898,42.91421686072196],[-95.09080756539996,42.91467212362953],[-95.09064515893206,42.915926741385896],[-95.09028917240406,42.91627991851905],[-95.09101409397174,42.91976051238183],[-95.09143259919377,42.92608767403338],[-95.09171658259999,42.92890095594278],[-95.089872552036,42.93126232227361],[-95.08906680067982,42.933289564898004],[-95.0883423810008,42.9352657929269],[-95.08865245679551,42.939839016089905],[-95.08918978395361,42.940936792234446],[-95.08937065563937,42.94143775484921],[-95.08981179881114,42.94281642667178],[-95.0904757374004,42.94507348796319],[-95.0921101597097,42.95071658491372],[-95.09733373599899,42.95459662074717],[-95.09916131287271,42.95545910792991],[-95.10212385161265,42.95780001723783],[-95.10241997735592,42.958384386794805],[-95.10335908226945,42.960073526698366],[-95.10363179686122,42.96062230423552],[-95.10426562356977,42.96190733075789],[-95.1050972568477,42.96516073342219],[-95.10500979655652,42.966404979764214],[-95.1048308733045,42.96995609097982],[-95.10557423754396,42.97068531116518],[-95.10567861347829,42.97347482559919],[-95.10033540158571,42.97624278929295],[-95.09598621438893,42.9782089173774],[-95.09081282429987,42.97668262810915],[-95.08735499599344,42.97836201693096],[-95.08635391068458,42.97992454564464],[-95.08585616385143,42.98078904836377],[-95.0830065607363,42.983443233182044],[-95.08103806604386,42.98337545790324],[-95.07994165828187,42.9838230896105],[-95.07863628175808,42.985247000577644],[-95.07621116557621,42.987830279066316],[-95.07516179276985,42.988574164142406],[-95.06482642687085,42.99067440268487],[-95.06142597563027,42.994481558362395],[-95.06019549096378,42.99520605308591],[-95.05238709084163,42.997039079721176],[-95.05111205863096,42.99827303415204],[-95.04686900104967,42.99940696685384],[-95.04379099520557,43.00108723664126],[-95.04033591554963,43.00247698502239],[-95.0387707354796,43.003607898560276],[-95.03506482249998,43.007928403180834],[-95.0337170960645,43.01113541474717],[-95.03113393224724,43.01194212153247],[-95.02646963772521,43.01259650997209],[-95.02535592013727,43.01283681518072],[-95.01968322243259,43.01741668684868],[-95.01928802445431,43.01787837882326],[-95.0158415036272,43.020559375954065],[-95.01393486378745,43.022722464722285],[-95.0124400622699,43.02252812522045],[-95.01172538812709,43.02399039482727],[-95.01194897839245,43.02586839816439],[-95.01170052536287,43.02711537539225],[-95.01154826579923,43.027608791483765],[-95.01155480765084,43.02917094788719],[-95.01172113755979,43.03023505358648],[-95.00944211770225,43.032355079960396],[-95.00839641471602,43.032612036185256],[-95.00656471290021,43.03371566424124],[-95.00588061868332,43.033781671808],[-95.00488267448183,43.0339161996855],[-95.003006403227,43.034867475363214],[-95.00229438117752,43.03498347421805],[-95.00240448598746,43.038097085077254],[-94.99746493460287,43.03788170276353],[-94.99692924486288,43.041731439477324],[-94.99032820765561,43.04532209951392],[-94.98069893505314,43.05164812950233],[-94.97299909463794,43.04930036532528],[-94.96561410512467,43.052106215925036],[-94.96360788120451,43.05472041274363],[-94.96761975288086,43.06250788947496],[-94.96134531306677,43.072164735494354],[-94.95922705784221,43.073529156943486],[-94.9549972323482,43.07930125487739],[-94.95048718836286,43.080683823736365],[-94.94859233921224,43.083953172844275],[-94.9404564961291,43.08944448009902],[-94.93627080179822,43.089749468027655],[-94.93244586276464,43.09024631017513],[-94.9318877120508,43.09070144809211],[-94.93000299202689,43.09252511230811],[-94.92889220126395,43.09338124229284],[-94.92759268856125,43.09467274993738],[-94.92641028007912,43.09717786400948],[-94.92621878846244,43.097536759456766],[-94.92572176881878,43.09802235375052],[-94.9215353014694,43.09743988458091],[-94.91420758805863,43.09905287515313],[-94.91273921375246,43.10027500235951],[-94.91293336848074,43.10444979119414],[-94.91395088703219,43.106625349097186],[-94.91432869866662,43.107078254742945],[-94.91572313111095,43.107901338436804],[-94.92496718695477,43.10953813372995],[-94.92621959738987,43.10973317106694],[-94.92874073351692,43.11082526999954],[-94.93529516926884,43.11415881284001],[-94.93615215756256,43.1138201640665],[-94.94000590491214,43.11214763908268],[-94.94912840702773,43.10432545804451],[-94.9547353236064,43.10382015204817],[-94.955395908553,43.10393042874113],[-94.9569321557179,43.10425984850927],[-94.95844816591138,43.10465262431997],[-94.96072735848153,43.1055050389947],[-94.96340027020075,43.10724658883979],[-94.96556089867842,43.10924899469409],[-94.96550614526865,43.11114985256803],[-94.96403911104902,43.1136872460027],[-94.9638160716489,43.11531185461816],[-94.96365564943898,43.1161204953619],[-94.96366624633882,43.11816880098595],[-94.96414969002322,43.11970024823637],[-94.96450544782589,43.12059007453858],[-94.9646764492711,43.12138402320518],[-94.9647043857645,43.121752721378044],[-94.9640974122575,43.12482461065467],[-94.96638803181175,43.13050302890584],[-94.9670808387756,43.13292679301179],[-94.97473225984712,43.13519019078429],[-94.9801476863148,43.13442130971917],[-94.98417709025496,43.13445958236885],[-94.98584895565995,43.135222967153446],[-94.98703986670425,43.13545441947181],[-94.98863778534577,43.1356652821912],[-94.99423409994736,43.13704912130424],[-94.99721747603078,43.13601563378279],[-94.99760665193728,43.1358017433895],[-95.00019368285693,43.13528383781944],[-95.00124931069192,43.13710227249277],[-95.00073387342516,43.138074737979544],[-95.00000008761432,43.13863231736191],[-94.99987993073839,43.139507833477744],[-95.00314711241242,43.140045013197955],[-95.00472428270932,43.14117896945884],[-95.01210893356834,43.13866782912968],[-95.01307815885474,43.13887140143262],[-95.01516045763249,43.138100930501786],[-95.01791886978904,43.13404545013307],[-95.01790578628516,43.13239789451361],[-95.02027020379344,43.13186097307803],[-95.02105063366467,43.13208581706543],[-95.02381369996058,43.13385138809737],[-95.02693265814075,43.13505682922382],[-95.03153059676922,43.13498436239619],[-95.03131638094548,43.135384350879086],[-95.03102436874839,43.13675367943259],[-95.03068496110139,43.139163842139645],[-95.0311981922261,43.13913673185902],[-95.03337205698291,43.1390486310306],[-95.03459551656998,43.13907192279967],[-95.03599902272958,43.139564725388084],[-95.03853283569708,43.140456094953436],[-95.03948139257486,43.14139816156014],[-95.0399876411057,43.14199243109954],[-95.0424763848545,43.144064074901884],[-95.04966280620037,43.14841980095569],[-95.05242144103303,43.153174164056814],[-95.05335811417932,43.15779906377689],[-95.06004599795854,43.15970490184684],[-95.06083880987259,43.159677130278226],[-95.0632592017131,43.158773640640774],[-95.06567026230113,43.15830247178499],[-95.06875195561975,43.15769307916081],[-95.07099270222362,43.15973705775418],[-95.07295553054365,43.158526489120206],[-95.07439368432676,43.15818079526597],[-95.07530083941462,43.15822738804277],[-95.07834558600997,43.159387739054374],[-95.0851033056546,43.163577914002246],[-95.0854834159074,43.16539434757436],[-95.08804974522059,43.171303870399626],[-95.08875064752874,43.1722635422633],[-95.08916340627134,43.17316093560603],[-95.08937148785782,43.17346778425977],[-95.09002533459166,43.17429774542304],[-95.09243900631247,43.17509555753015],[-95.09311065179794,43.17503826100818],[-95.09571874536361,43.17457186050801],[-95.0963599833549,43.17615386694518],[-95.09596986870494,43.17689935337025],[-95.09650577718759,43.17849229053137],[-95.09769233852681,43.17904232573668],[-95.10139228062279,43.178848424342895],[-95.10334742019822,43.17816422396338],[-95.1037193237802,43.17827894841477],[-95.10597019757203,43.18090731600524],[-95.10474355257686,43.18398229184623],[-95.1061424510877,43.18563585021372],[-95.10627612306074,43.186011567255534],[-95.11014731245083,43.189915636728045],[-95.10974426961319,43.19186796657516],[-95.10837054799839,43.1968365625198],[-95.1073654603449,43.19847581664954],[-95.1058559772096,43.19971014802181],[-95.10412709749177,43.200952993560904],[-95.10261190171978,43.202326951475655],[-95.09882418892317,43.20664190972408],[-95.09744589346887,43.208639078168815],[-95.09424433491627,43.21496007340283],[-95.08777227078171,43.21935074194356],[-95.0873880554489,43.219479303388056],[-95.08500543943056,43.2194056630189],[-95.08017719168524,43.221330332627595],[-95.08077556026716,43.222530517530465],[-95.08011773895569,43.223631972332655],[-95.08029214745713,43.224223077143435],[-95.07932321299549,43.22693741891437],[-95.07873938790749,43.22682196234823],[-95.07702056177754,43.22777608095375],[-95.08023577781974,43.23507408650213],[-95.08084084481189,43.23618410516568],[-95.08407113169712,43.239528908736816],[-95.08491830528551,43.24007173987806],[-95.085284930799,43.240348692598104],[-95.08805111598586,43.242387231642084],[-95.08838137903041,43.242736870360105],[-95.08991582697644,43.24705335427948],[-95.09030044685599,43.24750554210522],[-95.09059112570063,43.247743345418684],[-95.09288288821577,43.25013258601523],[-95.09317560868637,43.25328324581145],[-95.09523593819708,43.25357421360849],[-95.09718447603876,43.25684311491395],[-95.10559240562108,43.26251905931086],[-95.1072197231565,43.26376322297818],[-95.11173463141083,43.27177937483565],[-95.11303233195348,43.27413705785978],[-95.11447533162226,43.27709532684936],[-95.11498833107109,43.286054090766214],[-95.11153554188267,43.29122774733581],[-95.11062914471046,43.2927976964659],[-95.10494926831187,43.300393817424734],[-95.10537225358641,43.30357353735628],[-95.10563965958858,43.30394229412008],[-95.10706061048226,43.305325307416254],[-95.10968513488399,43.30574518315912],[-95.11178197143697,43.30645836866373],[-95.11322055877031,43.30737726112887],[-95.11540780090985,43.308872077501476],[-95.11653538042556,43.31000827420355],[-95.11707598509788,43.31069610294521],[-95.11795180839542,43.31173789509605],[-95.12120868778771,43.31837221101583],[-95.12117305932854,43.318710528937935],[-95.12307350588416,43.32150261101899],[-95.12385773377217,43.3217221701856],[-95.12608732890365,43.32234258291709],[-95.12682777399675,43.3274251981584],[-95.12697479985854,43.32794921083138],[-95.13103896318626,43.33005712315722],[-95.1320417711868,43.33031757602213],[-95.14085087135449,43.332521230755496],[-95.14880481440477,43.33478978529562],[-95.15279230652078,43.335588250752245],[-95.15692316937381,43.33722126112007],[-95.15892876892195,43.33793529074875],[-95.16277579383042,43.33736292248121],[-95.16383574810013,43.33692419304047],[-95.16579026278175,43.33420398319569],[-95.16669205748398,43.32948224062756],[-95.17160805408508,43.322613431117134],[-95.17478423577343,43.32264766342829],[-95.17630683499331,43.32170479706843],[-95.17671325128619,43.32171057425517],[-95.17823794019827,43.321636544593126],[-95.18177477831973,43.321659215733376],[-95.18373397742504,43.322558282205115],[-95.18542211334909,43.3232373871901],[-95.18891611017943,43.324125053915274],[-95.19379690881703,43.32366242732708],[-95.19552143162926,43.32410657686281],[-95.19625434381545,43.32580330285876],[-95.19704207648113,43.32916924016344],[-95.19815172532282,43.32967017223318],[-95.20210575304885,43.32775280936518],[-95.20258520567629,43.32729337549046],[-95.20408929626679,43.32586877516037],[-95.2066095774717,43.32324952492868],[-95.21291194310069,43.317383187623996],[-95.21739559399329,43.31697675626017],[-95.22308936473806,43.32371844761663],[-95.2275300887333,43.322970293901214],[-95.22881902747034,43.32283714862105],[-95.23029409256698,43.32265083892031],[-95.23116042594462,43.32248088176122],[-95.23340146727261,43.32165831066519],[-95.23867248002722,43.322370195289324],[-95.24045473324854,43.32155645999698],[-95.24478353948788,43.31827066316392],[-95.24591262178626,43.31809093818905],[-95.24765406784462,43.31798471596949],[-95.24856780988014,43.31807931779506],[-95.25072839906446,43.31846003819319],[-95.25128705305306,43.31863363258939],[-95.25715325781226,43.31777972572928],[-95.26399812299238,43.31840984617071],[-95.27225389330326,43.316193258646564],[-95.27328572381455,43.316064714053596],[-95.27519968606275,43.31607169295561],[-95.27689442871701,43.31599746322614],[-95.28342052441778,43.31758269528645],[-95.29289181847594,43.32027910207588],[-95.29481728249321,43.321028358318124],[-95.29852180479845,43.323250040247835],[-95.29977669006996,43.323985668785525],[-95.30097859498918,43.324695336518175],[-95.30236930804048,43.32546422066365],[-95.30277683010404,43.32555956627496],[-95.3080966290673,43.32403873398527],[-95.31031194967994,43.323967010705765],[-95.31347008718782,43.32410128640428],[-95.31495555209423,43.32421530572006],[-95.31796547201856,43.32474863458857],[-95.31990471736493,43.32515953330881],[-95.32928268437128,43.326954390549595],[-95.33156286098635,43.33024844854945],[-95.33283631110771,43.33274362224664],[-95.33542992583095,43.33537391168649],[-95.33666142254012,43.33589351033428],[-95.3378401966018,43.33636465071941],[-95.34009634751703,43.336773228812184],[-95.34088016604734,43.3367661977659],[-95.34380391818995,43.33662079885594],[-95.34533999059808,43.33637772483877],[-95.35809269186849,43.33501258875338],[-95.36064854681301,43.33518498012541],[-95.36242200342235,43.335499529344865],[-95.3679781901179,43.33800482763315],[-95.36969090495342,43.33822147633429],[-95.37069260778432,43.3380971770732],[-95.37492508889963,43.33870270012221],[-95.37354516388996,43.339775802298874],[-95.37833371206601,43.34223798853836],[-95.38054217433205,43.34625735519418],[-95.38601285782416,43.34578772616929],[-95.39308604687116,43.339917951360405],[-95.396180121639,43.33907434150645],[-95.4035181970644,43.34084275459288],[-95.40669343746073,43.34203655474774],[-95.40814402758923,43.34250124651085],[-95.40935962738047,43.34280429572063],[-95.41222912717137,43.342833863977994],[-95.41398239488811,43.3426753268758],[-95.41474269668755,43.34262776674294],[-95.41727805295275,43.3424076479843],[-95.42105644201865,43.34221969837076],[-95.42763680649517,43.346307598921385],[-95.43573241246132,43.34621654530667],[-95.43642612240505,43.346296313746336],[-95.43775986729035,43.34636694234453],[-95.43910760149711,43.3463247078653],[-95.44186285872208,43.34691421007907],[-95.44392980836916,43.34793253378181],[-95.44807892777708,43.34783931264313],[-95.45054298735633,43.347282333244],[-95.45503621647873,43.3483429935201],[-95.45573635701996,43.351038145128314],[-95.46393594446961,43.35550333587067],[-95.46610529542583,43.35750047265682],[-95.46653279052497,43.35798196785473],[-95.46908731864366,43.35942150220354],[-95.47541242181717,43.35326569027213],[-95.47607773406703,43.3528146014023],[-95.47650972014792,43.35239107022471],[-95.48008790806541,43.35046774653523],[-95.48476948555427,43.34825473366502],[-95.48518589500293,43.34777298290043],[-95.48879457497739,43.347212816018114],[-95.49041154661008,43.34765482997416],[-95.49276836982312,43.34827428394169],[-95.49418734304862,43.34854048091833],[-95.49620112428948,43.34878467768572],[-95.5003327467946,43.34850085752056],[-95.50157077778752,43.34828470308729],[-95.5028517885653,43.34815763353249],[-95.50504107124873,43.348271771501594],[-95.50653708772629,43.34879723433381],[-95.51130536517309,43.35084455639902],[-95.51537475035805,43.35201116591243],[-95.51671557132751,43.35391749896267],[-95.51698472378331,43.354262726383695],[-95.5184400859274,43.35562628536652],[-95.52080133165279,43.36101259231674],[-95.5215194765546,43.364737860064515],[-95.52379417285876,43.368514315716176],[-95.52752872937316,43.371799269902276],[-95.5314912549905,43.374453285849235],[-95.53367496966666,43.37569697224105],[-95.53427692125241,43.37618334569133],[-95.53499309344055,43.376550134160965],[-95.53683261144526,43.377796886823],[-95.53809613872971,43.378615208085705],[-95.53970310627288,43.37976803289441],[-95.54203133258778,43.38081476497316],[-95.5438051663211,43.38154514423365],[-95.56411734416847,43.38485056016965],[-95.57081832521763,43.382107010651524],[-95.57301224018713,43.381386882931594],[-95.57422075567047,43.381202116752235],[-95.57731163025137,43.37917416943243],[-95.58231726195858,43.37700387284184],[-95.5875840924304,43.3764211170889],[-95.59172577418045,43.37490022148915],[-95.59866133086855,43.37376590680998],[-95.59905728450983,43.37368037571881],[-95.60205205135354,43.37290547177466],[-95.60503361405779,43.37362541649907],[-95.60653126773359,43.37465823459012],[-95.60783222682655,43.37506975681413],[-95.60841700599745,43.37518697340348],[-95.61679221380275,43.37903830440691],[-95.62492113207826,43.381368532544855],[-95.63158237276639,43.38306568885451],[-95.63220793925629,43.38320435336661],[-95.63752126158008,43.3839147605129],[-95.6391884334937,43.38479017042283],[-95.64433506578536,43.390559696197904],[-95.65000702321687,43.3922831436554],[-95.65190744731234,43.39269376900378],[-95.65306203871074,43.39287406916927],[-95.65902037943451,43.39472097369403],[-95.66058164841115,43.395684064511826],[-95.67197714716397,43.400095738518175],[-95.68014386422006,43.40600457832834],[-95.6846659856702,43.41061189849478],[-95.68963918176551,43.41153943253441],[-95.69169421111458,43.412422945799214],[-95.69339941451598,43.41411148688144],[-95.69409096188431,43.41514411768454],[-95.69547868930829,43.41754689339546],[-95.69579114814177,43.41800321361278],[-95.69924342930702,43.42245508718692],[-95.70014303651801,43.423847413567344],[-95.70191944290326,43.42805965748117],[-95.7022042044209,43.42896679481079],[-95.7023879922408,43.42944414430716],[-95.70298631485076,43.434895196434326],[-95.70407119885759,43.43803881154516],[-95.70491813416521,43.43943684317566],[-95.7051384820721,43.440057379885694],[-95.70545429441307,43.440896245206105],[-95.70686489557808,43.44474790698879],[-95.70853588800506,43.44693671699551],[-95.70944694415364,43.44802707049371],[-95.71234599107015,43.45212698138379],[-95.7132727473036,43.45391020634065],[-95.71338318721492,43.454168688784605],[-95.71364801751808,43.45487368520356],[-95.71378058644854,43.45520367051401],[-95.71712736968102,43.462056918862324],[-95.71842626393652,43.4651457721323],[-95.71833197316708,43.46827225174083],[-95.71817232534536,43.469036849452834],[-95.71644684717606,43.473206002443575],[-95.7143017980026,43.47625964821701],[-95.71357279498434,43.47715030282022],[-95.7118257709076,43.47975327735403],[-95.71001367375753,43.48348771363132],[-95.70987246800803,43.483959246253626],[-95.70723119436308,43.492120529128094],[-95.70692987368898,43.49267688208599],[-95.70621358358031,43.49449005105898],[-95.70600243337736,43.49506677528184]]]},"properties":{"LANDFORM_R":"Northwest Iowa Plains","Acres":2988440.3097,"Hectares":1209378.88603,"tooltip":"Northwest Iowa Plains"}},
{"type":"Feature","geometry":{"type":"Polygon","coordinates":[[[-90.4334814651744,42.34109564635458],[-90.44493856092527,42.35601735867148],[-90.45293488549264,42.35962625500333],[-90.46507913690999,42.36999908090123],[-90.46854402953205,42.376154001736275],[-90.47606573591081,42.383424807106394],[-90.48558815014972,42.38463370874388],[-90.50203610326501,42.39677188522397],[-90.51558688006278,42.4023523195951],[-90.54230422513473,42.41155510727426],[-90.54969551511422,42.413191100987554],[-90.55790986841788,42.41496892603968],[-90.56859101039558,42.418720961637455],[-90.57621287687297,42.42313660335315],[-90.5868507398116,42.43235563189201],[-90.59529801009536,42.445295657768334],[-90.61194686456882,42.45266161626498],[-90.6178510563523,42.45489740018326],[-90.62999714353785,42.46258736914437],[-90.63890842810812,42.466760546442025],[-90.64998816368627,42.47411908539105],[-90.65469117875972,42.47639278165248],[-90.66316617767801,42.485221384876915],[-90.66991946862929,42.49971672175057],[-90.67159522479636,42.50647144554565],[-90.66386693033996,42.51812611316251],[-90.65371659191729,42.528203224406845],[-90.64680774886078,42.53254189406378],[-90.6431943535673,42.53815373706915],[-90.64387786656046,42.54006713100671],[-90.65712819720326,42.54741661060244],[-90.67026807136807,42.553285152915095],[-90.6934429844878,42.559762042965694],[-90.70111278071168,42.56470213725319],[-90.7012484581341,42.57600767775786],[-90.69436515319171,42.587070272517416],[-90.69461956918067,42.595119714070506],[-90.70373272361404,42.609660379830224],[-90.70810525968368,42.62950231542281],[-90.710835181502,42.637093828878555],[-90.71869511904754,42.64028987412422],[-90.73508247504543,42.644244139601206],[-90.74426921832124,42.645343983677016],[-90.76877498323462,42.65125393276825],[-90.78780309097348,42.65359509078334],[-90.79772099545944,42.6558033079737],[-90.81600047680374,42.658341510084135],[-90.82952015990755,42.661227937140815],[-90.85060782960912,42.66432708887536],[-90.86263076457958,42.66766778504796],[-90.87576790227675,42.670052466906334],[-90.87845481893785,42.66936997510054],[-90.9064273926992,42.67259782100911],[-90.92643632031579,42.67544400308325],[-90.93922367413161,42.68144715190291],[-90.9514892949963,42.68470831075384],[-90.9778854285183,42.68799039074319],[-90.99430367296915,42.69218974800642],[-91.02216045958527,42.7052979651755],[-91.02907910852123,42.70713243671291],[-91.04007229643356,42.71548533672283],[-91.05680667724212,42.72482664826908],[-91.0710282694181,42.73432902432451],[-91.09151191624132,42.75223556968713],[-91.09757047046567,42.76111802227564],[-91.10033250891894,42.768230336377556],[-91.1012188676035,42.77579172611058],[-91.1070584938226,42.795029537177],[-91.10809456190887,42.80382822742271],[-91.10827725582517,42.8222862101758],[-91.10729558635431,42.83002242304046],[-91.10626721568471,42.85758481553027],[-91.10348991908563,42.87215174676244],[-91.10537723248218,42.87753420567125],[-91.11112966406954,42.88160838349646],[-91.13266079031797,42.894585039997594],[-91.13390847648115,42.89765564494535],[-91.14280874801196,42.90379446505064],[-91.14785425260077,42.905017025242586],[-91.16216929456752,42.91961390234075],[-91.1716873281776,42.93804340651558],[-91.1667692542162,42.95813911529869],[-91.15960193885594,42.97750138616302],[-91.15674517230471,42.980285630757734],[-91.15706719031354,42.99072817568032],[-91.16321664370635,43.008062016566015],[-91.17066280465721,43.02487589562807],[-91.17421851133881,43.03919598696287],[-91.1786427636356,43.06806313131693],[-91.17670550607795,43.07380418374928],[-91.17527109802135,43.10383839884899],[-91.17850662237882,43.1245231413721],[-91.18047988214275,43.126902894913066],[-91.18140081450218,43.14098370451208],[-91.18850370955569,43.152025853051455],[-91.18046160890475,43.15459380309129],[-91.17934590399474,43.16060438251135],[-91.17616564454079,43.163984471630144],[-91.17355597169623,43.17516628753348],[-91.16988771436509,43.18363550457911],[-91.16506963409162,43.187969261428236],[-91.16274800470389,43.19391127805937],[-91.15834002174198,43.19570278255283],[-91.15652508766436,43.202584020212434],[-91.1484740703583,43.20960948390868],[-91.14733921255826,43.21610948285225],[-91.14047626113005,43.21702731623446],[-91.1395205556093,43.22201082240954],[-91.13508918879711,43.22228171784781],[-91.11657676934105,43.23584821656747],[-91.10732304562319,43.244615271755336],[-91.10308851504003,43.257924834024614],[-91.0973398180727,43.259495665821355],[-91.09291033097658,43.27035107838203],[-91.09323980619294,43.27912932441385],[-91.09204240369465,43.28739199369629],[-91.09343128864366,43.29447255134133],[-91.09797577791335,43.30150760101221],[-91.10269810559922,43.30501672742404],[-91.10204159823785,43.30889094717288],[-91.10646872911973,43.31374575327482],[-91.11547182029763,43.31773928229474],[-91.12287327853342,43.32347064030008],[-91.13149042574004,43.32801482910638],[-91.15105681467988,43.3337534197776],[-91.16953450080644,43.34115501962458],[-91.1805057426116,43.34659757537833],[-91.19732208846627,43.3488898802405],[-91.20592770667875,43.35172648600711],[-91.2105555206622,43.35927164655447],[-91.22887982661,43.37677717710537],[-91.24367584735778,43.389257604072704],[-91.24613826159164,43.394895026099235],[-91.25163838757005,43.39990884614574],[-91.25239363841398,43.40331844955446],[-91.25952313691701,43.408787519998135],[-91.2587310498221,43.415810860277674],[-91.26253034566412,43.42299977773333],[-91.26235521588134,43.42682589868732],[-91.27103391601779,43.44720213497932],[-91.27770554718657,43.45515181736886],[-91.27934477579198,43.45912491580558],[-91.2868761765899,43.46173499582411],[-91.29299167137002,43.47317095182183],[-91.30125793495084,43.47465542496039],[-91.30422414057668,43.47999354627052],[-91.30410146152464,43.48437824743735],[-91.3010629885417,43.489022165515145],[-91.292997135508,43.495103625212955],[-91.29174257128629,43.50074527882121],[-91.35070786196813,43.50057378159304],[-91.37182138637883,43.50072326920012],[-91.53114602470296,43.50057534235776],[-91.65082801060366,43.500527285999574],[-91.73139711570315,43.50062036192786],[-91.79110753022583,43.50080761798202],[-91.83070562050982,43.500660938816935],[-91.91059287929205,43.50077421293128],[-91.97083239098194,43.5005035429639],[-92.03057292867028,43.500872404061475],[-92.10003279577128,43.500701859283495],[-92.15966554337155,43.50092155006604],[-92.19810406486295,43.50056727832763],[-92.23805164487065,43.50073239602688],[-92.25046053085545,43.500490254771016],[-92.29094343700261,43.5006404388486],[-92.29094897653484,43.49621039667613],[-92.28748489601914,43.49300136987861],[-92.27684370927233,43.49119674676198],[-92.27552450936288,43.481747467435326],[-92.2694167541071,43.480200395513315],[-92.26929320920935,43.47724621730278],[-92.25846352541997,43.46945986207716],[-92.25138576839589,43.46744631470058],[-92.24576360005067,43.46938580090509],[-92.2400088410496,43.46523725857661],[-92.23259883587669,43.46996002027354],[-92.22823305452718,43.46626140709388],[-92.22422897686113,43.47128119181516],[-92.21783838512025,43.465731560805764],[-92.21554060901846,43.47526932206837],[-92.19856942575893,43.4712663056353],[-92.19462902164649,43.47448464849903],[-92.18120406578646,43.47098120060094],[-92.18281427122774,43.46847153108028],[-92.17622030541283,43.466587350160104],[-92.16678307896217,43.45737064838789],[-92.16132292118643,43.461153039341994],[-92.15799363768161,43.45710816980099],[-92.15041685803067,43.45620572493189],[-92.14954817653512,43.44676279012955],[-92.14312815146067,43.44395955041118],[-92.12741752415135,43.44614583644304],[-92.11394901900518,43.44626286824718],[-92.10626698288402,43.443677381647504],[-92.09525410481861,43.44267233635959],[-92.09323352809926,43.4408194564236],[-92.07783225266468,43.438953955361036],[-92.0775594445647,43.43180684606172],[-92.06813958282598,43.423284425321405],[-92.07047780976617,43.42024198919809],[-92.08672099252922,43.42380802494762],[-92.09340351772637,43.41968319997747],[-92.09282286640253,43.415968813377795],[-92.07829491996594,43.41318284709354],[-92.06890603754839,43.40649309588053],[-92.063752126209,43.41039491210814],[-92.05681212813833,43.4065830686747],[-92.04839875840901,43.39947196230015],[-92.03869184160332,43.40141674604743],[-92.04661023907606,43.40779508688935],[-92.04174480441301,43.4096093094286],[-92.03423631875938,43.409456095351395],[-92.02758667333168,43.41134917671667],[-92.02016126905856,43.40747245242314],[-92.00955152134047,43.40879022190422],[-92.0067426258675,43.400477360482135],[-92.00323107123091,43.39519726620798],[-91.99867889549408,43.39348720170061],[-91.99277949376716,43.39415130086452],[-91.98389623555632,43.39717480383184],[-91.98035800011479,43.39356411879162],[-91.97319004608487,43.39182974992562],[-91.96580976039273,43.38341628740274],[-91.94996370111947,43.38101646634537],[-91.946941079197,43.377517526615996],[-91.94801315657315,43.372277838840155],[-91.9438326318016,43.3681873874323],[-91.93080147764381,43.36544167118943],[-91.92862982848189,43.358271899902086],[-91.92580478899451,43.3546346760975],[-91.91330624433073,43.34969489776547],[-91.91579028264287,43.34523425909856],[-91.92604530110195,43.34769454903397],[-91.93716691398707,43.34721302735557],[-91.940617108436,43.344552681059064],[-91.92508819988173,43.34123841991705],[-91.92246851707989,43.337990223317846],[-91.93653262953703,43.33686557695181],[-91.93492587650883,43.32989923279502],[-91.93846550842184,43.326744528591796],[-91.95579307782594,43.32660217400027],[-91.96287405761964,43.3226010065605],[-91.96778710609958,43.32475693334674],[-91.97252116484518,43.321413825610676],[-91.98517436946489,43.320995371298096],[-91.99129776455844,43.32481332704718],[-91.99932502189017,43.325788688019735],[-92.01056900035624,43.33190600166184],[-92.01741907518364,43.33752981940246],[-92.03574463406923,43.34113452363842],[-92.04415338919571,43.34082243422418],[-92.05418701723615,43.347879803061076],[-92.06633946286264,43.35170750895455],[-92.07195910490836,43.347215023714185],[-92.07568337131775,43.350486784284406],[-92.07140613307666,43.35434204103641],[-92.07689782816026,43.35827191327666],[-92.08695013996912,43.354305135692606],[-92.09387518873407,43.364647765644],[-92.10294695764243,43.36869023595546],[-92.10652428329513,43.367097452001204],[-92.10037555651265,43.36234894167388],[-92.10509814484371,43.358334013133856],[-92.09914198933014,43.355698473466305],[-92.10540600781556,43.352506059343824],[-92.09500978032216,43.34983097648369],[-92.09797526043717,43.34450577435127],[-92.10534362500059,43.341646223511034],[-92.1069597072274,43.33744927783696],[-92.10051284917337,43.33804706705246],[-92.10753132805333,43.32870140929259],[-92.09984594874878,43.32313493577878],[-92.09182329686551,43.325340625683054],[-92.07964748765171,43.32329830890607],[-92.07618025485745,43.31775961099525],[-92.0682925713326,43.317583058174975],[-92.06375928068321,43.31063959161938],[-92.0598768697572,43.307874874774846],[-92.05364934806188,43.30677898386139],[-92.04762931421632,43.303861071093],[-92.04592026854908,43.299029415038255],[-92.0323004084709,43.30295348533202],[-92.03183809789164,43.30959488939225],[-92.02290557810392,43.31029779930909],[-92.01551974678765,43.314664656260476],[-92.01884888361033,43.31847064869099],[-92.01659748628676,43.32333623462778],[-92.000960037045,43.316298753500234],[-91.99879015907946,43.31204318746685],[-91.9928963009613,43.312383214847266],[-91.98690657579883,43.30889068402347],[-91.98191754628077,43.296649868661035],[-91.9662884490871,43.292601949378785],[-91.96154178965564,43.28852050037732],[-91.95054933835489,43.29506564007208],[-91.94512027911979,43.29663207754826],[-91.93740622141644,43.29572786386746],[-91.92212655471494,43.29558510181863],[-91.91500831301698,43.29144787606204],[-91.91656122812238,43.283790756891094],[-91.92026596386054,43.28247956539554],[-91.92932928073371,43.283910805701545],[-91.93305872207509,43.281172216798645],[-91.94158767177125,43.28024283038287],[-91.93398529878357,43.26764706391371],[-91.92210702217514,43.260989635266846],[-91.91947531215749,43.255661177947374],[-91.91024915447882,43.25717209648799],[-91.89694354425212,43.25527987576147],[-91.88842206275298,43.255953892114604],[-91.88905454163923,43.252763423027304],[-91.89728000160572,43.24939865926833],[-91.91357175628114,43.244930495033266],[-91.911591874277,43.23420984500316],[-91.89667238120681,43.21834972709053],[-91.89361809001417,43.213336253906874],[-91.89534914522528,43.20453749575252],[-91.90069942530845,43.19845234704221],[-91.90236788594541,43.19310161690218],[-91.90610658052567,43.189256401851694],[-91.91430309845485,43.18681309016509],[-91.92242649035343,43.18848360011589],[-91.92944209470056,43.19133179032405],[-91.94990328408947,43.192052433620226],[-91.95630243663051,43.18866215459001],[-91.9573693070053,43.183921950709596],[-91.96168398327939,43.18115620628367],[-91.96374594257469,43.17706427811095],[-91.96991517179595,43.176458074822044],[-91.96566129674652,43.17157527296919],[-91.96654588876909,43.16704943555769],[-91.97685759660834,43.16207239232375],[-91.97673164137514,43.158753064621195],[-91.96911669504324,43.15839664742649],[-91.966769070472,43.152689074564876],[-91.95949861466157,43.14993088402748],[-91.95629027489876,43.14690315269089],[-91.94959715340963,43.14658084245712],[-91.94675470220479,43.13943206376079],[-91.94055076058719,43.13575948298017],[-91.93714375463155,43.13838880012887],[-91.92616931850685,43.14039804220323],[-91.92940568993858,43.13437269864775],[-91.92732449658207,43.13021107974372],[-91.91849706430511,43.123752761791216],[-91.92016303175954,43.1216478751306],[-91.90600608716548,43.11798370029169],[-91.90712437627938,43.11563064211464],[-91.91474606366495,43.11072800956105],[-91.91982149918448,43.11024470714409],[-91.92427191333783,43.10474869225936],[-91.91374411201419,43.10662136892651],[-91.91249993042936,43.10089156712673],[-91.91637109898521,43.095012150982576],[-91.91197875924738,43.09333615305623],[-91.9153398003831,43.08740239161497],[-91.91065449362645,43.086430437911545],[-91.90033961425047,43.08085698156946],[-91.91074886391405,43.07548605775893],[-91.91912862789357,43.074795536793765],[-91.92658615817916,43.07234883889173],[-91.91948858797589,43.068387539397335],[-91.93091710844357,43.06752226890946],[-91.93890556045066,43.06470152014573],[-91.93973429405496,43.061426953580124],[-91.92894833030022,43.06042161826854],[-91.91639084140317,43.05486910971925],[-91.91258735597468,43.05178043519926],[-91.90703961163392,43.05138544522314],[-91.89923165321899,43.04791585666382],[-91.89096911379453,43.04825486799228],[-91.87994064359211,43.044135898741004],[-91.87844243043354,43.04028518427993],[-91.88030246539374,43.03395948566056],[-91.88663906486094,43.03200418103642],[-91.88811974328424,43.02542702555997],[-91.89648834831078,43.024094208419605],[-91.90227325309085,43.0217184957603],[-91.9081073708906,43.021774267925544],[-91.92573933998104,43.029721193742404],[-91.93147499022056,43.02568665596189],[-91.9505709029845,43.02924003588054],[-91.95611744668126,43.02395536165593],[-91.94933578160088,43.02102080569904],[-91.95237898566958,43.017491770274795],[-91.96797769445679,43.01612958411635],[-91.97107456602608,43.01403680678495],[-91.96791537803702,43.0080471683169],[-91.97040349751114,43.00344556730294],[-91.97952471796799,43.00157314806166],[-91.98202620043685,42.996881358077076],[-91.97721195496283,42.99487990334889],[-91.97545642906987,42.99112718396118],[-91.97076245939307,42.989216580614595],[-91.95997186818262,42.989564839008345],[-91.95760821508593,42.993190329941974],[-91.95883173734805,43.00199922657208],[-91.94876165615085,43.00191623947946],[-91.94525299047457,43.00704376751028],[-91.94086298853784,43.010226992568015],[-91.93560888698549,43.01057449541186],[-91.92975950205967,43.0064722961725],[-91.92645767920527,42.990439722363256],[-91.90975018738153,42.98324455602453],[-91.88951340162879,42.977133883396704],[-91.8702819149819,42.97234426555766],[-91.86073510208314,42.97212812007922],[-91.84273724487772,42.96555415389641],[-91.83782491582562,42.96457239459032],[-91.83343522827904,42.957359829609345],[-91.82249331914929,42.953564816049564],[-91.82324302167457,42.94856576875248],[-91.80139000443675,42.9432333016683],[-91.78988187994564,42.94631352873341],[-91.78702885089272,42.94588262213445],[-91.78220581590826,42.93770444868687],[-91.78396918833154,42.93513876058274],[-91.78231507580128,42.9292139149003],[-91.77849358104643,42.92485532117238],[-91.78514202541729,42.9240390574275],[-91.79670962932033,42.924660973441924],[-91.79693361668909,42.9201608286145],[-91.80243996624003,42.91683266600069],[-91.7946246655671,42.91282448246245],[-91.79728043183998,42.90934945684763],[-91.78823677743361,42.9051478234772],[-91.79210040098104,42.90258619170842],[-91.80214741946584,42.904195570303436],[-91.8035576165986,42.90170691583601],[-91.81132672986676,42.90138710256809],[-91.8053001254174,42.89611947606877],[-91.80403731657435,42.89100043598496],[-91.79742670001318,42.88782446166706],[-91.78969448549887,42.88634271222123],[-91.79009216051836,42.88143015454968],[-91.8015083942323,42.88230663375082],[-91.80321909089876,42.87901516580569],[-91.80890195417105,42.87823244443917],[-91.81061936020643,42.87396838573678],[-91.79896400820003,42.87006910417587],[-91.79348596978714,42.86587368277064],[-91.79808945338843,42.857695945004416],[-91.80716813298321,42.85999712354682],[-91.81852924991739,42.860200454173416],[-91.81897433769768,42.85599966604058],[-91.81331627034547,42.85201044430172],[-91.8160026458322,42.84781935884053],[-91.82754359820008,42.85081073524964],[-91.83033013637146,42.84887611844022],[-91.83900512926964,42.85112112290039],[-91.84558590985739,42.84763964075045],[-91.84144943032823,42.845873386535914],[-91.8376613974833,42.83940984682214],[-91.84604675507383,42.8369056802203],[-91.84522207095091,42.832201190638045],[-91.83866391054596,42.82762779639026],[-91.83276176759885,42.82529849083761],[-91.8315005520316,42.82065247885228],[-91.8200374222326,42.82072404134344],[-91.81121357103915,42.819002844706624],[-91.80657786251409,42.82298443108301],[-91.80347175389979,42.82870180197155],[-91.80338290373548,42.83330249820915],[-91.79510818694465,42.830054927317],[-91.78663375191051,42.82459387767878],[-91.77797347677173,42.82320504339765],[-91.76729419850872,42.820091863170724],[-91.76240018660502,42.82154743676409],[-91.76057231810483,42.816908023279645],[-91.76674543016264,42.8154708121221],[-91.76626821728004,42.80906300009175],[-91.76240502274337,42.80598657002257],[-91.7497072282351,42.80092730423888],[-91.73806204493593,42.79958843345746],[-91.72652750968824,42.79616040241128],[-91.72463401099996,42.794243746183945],[-91.69870155812171,42.790782296648715],[-91.69555913660658,42.786887826922595],[-91.70979948288573,42.783401972830404],[-91.71133289460217,42.77932635958309],[-91.7078279212445,42.776247616426105],[-91.69796239201398,42.771880942575734],[-91.70248859035472,42.767186535057],[-91.67278009351719,42.760128276867306],[-91.66189882513129,42.759038127617245],[-91.60909994015022,42.75098885816805],[-91.60835762333495,42.748156676472824],[-91.61518649511082,42.74713628309227],[-91.60548040632602,42.74174140642141],[-91.609210632781,42.73703643878085],[-91.59803110286985,42.73274419211544],[-91.59851364244886,42.72918847965462],[-91.58989873752802,42.727299696295795],[-91.58409180290006,42.72455797899736],[-91.57941264445837,42.72450004732906],[-91.57517175555628,42.728603347623114],[-91.56363781941783,42.72237168437419],[-91.5676058598298,42.71783313865818],[-91.55926627663402,42.71118615459188],[-91.55876930949569,42.70657815552882],[-91.5543577717956,42.70278083204652],[-91.5614482465757,42.69518398873361],[-91.55215875605452,42.687939184264586],[-91.5459338907259,42.68842318044663],[-91.53759221062982,42.69132029837947],[-91.5330212422107,42.6888844300219],[-91.53252635640477,42.68427633010958],[-91.52635303501567,42.68127032690672],[-91.47932147522764,42.67068699760007],[-91.44162551495579,42.66136470427976],[-91.40506111054871,42.654121518933614],[-91.38168503820505,42.64903021467546],[-91.37288908759413,42.64775757933839],[-91.36635356466053,42.64516568508369],[-91.36907411502409,42.64282248439207],[-91.36548325944149,42.63308158381924],[-91.37605460194523,42.630021321982674],[-91.36256808982971,42.62295847375711],[-91.35611907066277,42.622722144400285],[-91.35788882818038,42.615912398810785],[-91.35099687325348,42.61305787716457],[-91.35643412226672,42.61067293322542],[-91.35298378989495,42.60721039581621],[-91.35426747511174,42.595972045643514],[-91.34424179663692,42.59213555830459],[-91.33746722746307,42.59148825032005],[-91.33314147364567,42.58759817551752],[-91.33165056040046,42.58156087798098],[-91.32656097577276,42.58077982563283],[-91.31820008271936,42.575596514665925],[-91.30243714199412,42.57148752555142],[-91.30372825095664,42.56908866469709],[-91.31529532172937,42.56870976719874],[-91.31502908300982,42.56432020742495],[-91.29737652471805,42.56001166086704],[-91.29126845110892,42.55933100016311],[-91.28202376759538,42.552497407122154],[-91.26916026442562,42.548850494752266],[-91.2549312971128,42.542524781665776],[-91.2469023355134,42.54207818814405],[-91.24307731794656,42.53870117711487],[-91.23589828880041,42.53725821300771],[-91.22995170662527,42.541736871470015],[-91.2232032659449,42.54201528422892],[-91.21755724814352,42.54000955192839],[-91.2019222248635,42.54055354162838],[-91.19221335353433,42.54393107004605],[-91.193059430999,42.55198169419258],[-91.20146896516201,42.55632385975682],[-91.21097334899466,42.567013262812544],[-91.20815638429129,42.5715980452887],[-91.2004850658527,42.57379682623087],[-91.17192172586927,42.57102627072154],[-91.16593074655486,42.56166865534542],[-91.1510168228739,42.55812426615021],[-91.1350539453137,42.54482614107366],[-91.13545021965326,42.54010928687322],[-91.14553908617088,42.52763381304737],[-91.15362009649513,42.52604412750221],[-91.16402553450843,42.52621111687296],[-91.16278272233495,42.523183424792286],[-91.15147579804926,42.523001804046174],[-91.13649299990435,42.51763086421137],[-91.12773606200167,42.51762337506985],[-91.12487552138474,42.51568553292258],[-91.10434960828287,42.51174158122977],[-91.08766574219415,42.5095375616068],[-91.07975493798689,42.505762772604534],[-91.07531310909238,42.50784962276957],[-91.06983036266872,42.51479967191296],[-91.06263677299731,42.51788430583684],[-91.05957873956064,42.51528862440679],[-91.06559472272878,42.51163050387271],[-91.06574425125173,42.50920158981742],[-91.05849622285129,42.50681432501889],[-91.05182020362238,42.5100736410711],[-91.04451871954547,42.51182702340465],[-91.03946976271067,42.51079979820327],[-91.04174674677931,42.502495277533875],[-91.04471750853807,42.5019200768523],[-91.05048792727763,42.49396756273829],[-91.05165496728446,42.48977292334773],[-91.04716215635922,42.48432490066019],[-91.02966778280502,42.48057679575105],[-91.0112749104124,42.47739129333074],[-91.00862891792389,42.47533272481553],[-91.00571399095787,42.46827600214714],[-91.00120356025316,42.466486517589196],[-90.98318288540744,42.4634874368863],[-90.97539530701398,42.46149962817066],[-90.96929029892252,42.455403185059666],[-90.9641222969816,42.46019239841955],[-90.95594390284799,42.456629419117675],[-90.94537066529466,42.459385176401376],[-90.93582493802425,42.45874547139181],[-90.92967037661589,42.4601969249382],[-90.92410449105881,42.457264158178845],[-90.92198897130623,42.46034614883683],[-90.92345119402152,42.46561367091921],[-90.90771373826738,42.46123923214364],[-90.90378390189929,42.4618293408025],[-90.90605943348935,42.46844470951137],[-90.90269019108182,42.46964836088907],[-90.89605593223692,42.47832037391783],[-90.88734954350468,42.47844844715376],[-90.88306234460615,42.47677095543818],[-90.88095155837263,42.47137389209212],[-90.8749439887637,42.46695373593405],[-90.87057187351014,42.46637733864327],[-90.87024614808527,42.47377803299647],[-90.8607503063627,42.4713454647643],[-90.86149314674427,42.47629414300958],[-90.86971573339932,42.47811316489421],[-90.86964379660391,42.48150676834274],[-90.85428485064523,42.47817662050358],[-90.86144528573797,42.483740500415685],[-90.85719441865531,42.487974587686715],[-90.86436821440779,42.49032820667261],[-90.86051671269105,42.49412859959313],[-90.85525770111764,42.49572780076687],[-90.84034836428786,42.495582986211254],[-90.84172777868731,42.49830599079871],[-90.85191615517344,42.50200033520328],[-90.84480749874994,42.50558152359363],[-90.83695987357284,42.50467278766022],[-90.82947732413982,42.508209938070486],[-90.83003193671102,42.51304266137741],[-90.8229330056763,42.51320522605201],[-90.81912185718315,42.51934177477119],[-90.80819370015764,42.51669746692162],[-90.80086176154475,42.51986639084723],[-90.79216057339158,42.52091029950328],[-90.79190345372206,42.51782112227507],[-90.79971742822774,42.51535991792088],[-90.80134908545509,42.51222144787395],[-90.80669297577425,42.51418786873277],[-90.81311882873031,42.513369611688454],[-90.81548382133917,42.50852945543038],[-90.81253013476154,42.50407865410929],[-90.81906058938443,42.50382937043031],[-90.82121669237598,42.50066455820311],[-90.82619404571898,42.500205234384545],[-90.81688385007574,42.49281524514849],[-90.80881301978499,42.494781965590164],[-90.80688424183467,42.493088149674804],[-90.79649791692462,42.495338364815844],[-90.80713048071911,42.485330478592985],[-90.81646353281015,42.48630106290574],[-90.81925933342391,42.481914763137546],[-90.81339651394654,42.4807675095678],[-90.8037627421283,42.481330789671844],[-90.80491634926061,42.47676478699531],[-90.79604355639293,42.47455491184781],[-90.80742503875635,42.470662304531224],[-90.81072587366906,42.4679428004962],[-90.8098394085947,42.46435083928916],[-90.80100825090126,42.45785121065026],[-90.7917571255732,42.4600147440286],[-90.78821466664255,42.451481657251556],[-90.78162919738888,42.44763082119839],[-90.78141049234672,42.453497924361656],[-90.77870856306905,42.45852449130741],[-90.77184318527657,42.460885691631205],[-90.77385402974075,42.45384674389619],[-90.76879695615237,42.45191590965364],[-90.76143678217016,42.454415444508975],[-90.74775092051487,42.4555116686611],[-90.74275757772324,42.46125770681862],[-90.73933492098402,42.45762422589323],[-90.73879131643758,42.4534081318692],[-90.7429017141043,42.45128742683008],[-90.75958566187339,42.44910230308554],[-90.77153656551245,42.441707863416774],[-90.76950932141452,42.43866524002874],[-90.76111095060477,42.437249856891576],[-90.76347183295127,42.43201892809622],[-90.75504519079422,42.43106181405188],[-90.75421823065469,42.425863173611226],[-90.7652989417182,42.4230719300992],[-90.77190967114153,42.415739798593016],[-90.78047730325122,42.4142669979642],[-90.78052106178504,42.41055321408821],[-90.77459603669153,42.407871920699165],[-90.78043036534717,42.40466657891212],[-90.77621127975912,42.40257219100483],[-90.77059663033985,42.406371427634525],[-90.76289714371231,42.41474036978128],[-90.76072310429066,42.41994793700596],[-90.75239715913322,42.42032085920483],[-90.74817815603471,42.41818039674161],[-90.74220904484595,42.41941373250894],[-90.7383628048479,42.4175233666095],[-90.73524990315141,42.42087933903678],[-90.72884223691565,42.420991175934354],[-90.72914127133578,42.425918391176495],[-90.72275658661792,42.431964694110846],[-90.71790292073239,42.43082355495758],[-90.71542150791898,42.434817395734214],[-90.71682411784893,42.439541494827395],[-90.70765638377166,42.43775557304566],[-90.70423150045087,42.44105040211449],[-90.69912509757265,42.436738124984394],[-90.71194951407,42.43451849860903],[-90.70939482185122,42.42942012015805],[-90.70262777355232,42.42840667031362],[-90.6987902740782,42.42980200667289],[-90.69547621254553,42.42530942200331],[-90.70517339374383,42.42449994091477],[-90.70701846228124,42.41971464809544],[-90.71613320912176,42.4206080474223],[-90.71609995549056,42.417676225390366],[-90.70796214949387,42.41329038020492],[-90.70767971317281,42.41024551053281],[-90.69780758637732,42.41000261389289],[-90.69074704950306,42.406722301433845],[-90.6872340777995,42.41022648705649],[-90.689028195326,42.41313529731618],[-90.68494676691061,42.41611915600553],[-90.6802924718623,42.409604430943695],[-90.67501618414491,42.40728677475681],[-90.6705766169635,42.40795755881762],[-90.67578341369824,42.41433079249937],[-90.67100933734011,42.41823662567475],[-90.6754744155876,42.421641136771356],[-90.67858696822191,42.426918152420754],[-90.67197552485501,42.42736486387359],[-90.66800389520742,42.42095356905575],[-90.65566767006307,42.41533037962925],[-90.65423641980759,42.419979211982444],[-90.64919101833951,42.420082945960196],[-90.6426193889278,42.41654405767385],[-90.64028050415311,42.42175035549727],[-90.62951890269184,42.426039772557516],[-90.63486003546093,42.43244462664672],[-90.63055683608498,42.432724937402135],[-90.62397815558985,42.42623119879029],[-90.61401923172885,42.430400707122374],[-90.61431700155137,42.42519752213015],[-90.62185392670636,42.418262736046735],[-90.61525355486559,42.414726193243354],[-90.6100606951533,42.41822001969239],[-90.60732886597427,42.412120665308116],[-90.60252466461503,42.41372220989894],[-90.59634869498578,42.418338472139986],[-90.5908002127543,42.41394910262457],[-90.59614551182152,42.4093067117567],[-90.58676705815228,42.408407229129374],[-90.58379986506394,42.410798568870035],[-90.578042811107,42.41046543315739],[-90.57299052576067,42.405567907682965],[-90.56763745279356,42.40603524333473],[-90.56259832379288,42.40996240717294],[-90.55622094694598,42.40818319271962],[-90.55522507792236,42.40383056974187],[-90.5494708183851,42.40510344505417],[-90.54609258477578,42.400983436937146],[-90.5386074206965,42.40399266670393],[-90.53745761005634,42.398929701122135],[-90.5425250098984,42.392622437929155],[-90.53788244407376,42.39074882474337],[-90.51811353526237,42.392470125772526],[-90.51566763677832,42.3906881874849],[-90.50889290294792,42.39087882418286],[-90.50984692703068,42.38313280108786],[-90.51650264794449,42.381453706804024],[-90.52392554225236,42.387012769588814],[-90.53237803854674,42.38142738177237],[-90.53478264802541,42.385391781372704],[-90.5411854148039,42.38419207630916],[-90.53653532368395,42.37986889805846],[-90.53298180179817,42.36996804438971],[-90.53472027787049,42.364877108409104],[-90.53888874013377,42.365295363417204],[-90.53697474183075,42.37135062899657],[-90.54365526089235,42.36990009831729],[-90.54283454327928,42.374186891909346],[-90.54790499619,42.37826216925657],[-90.55349197147451,42.378516628379145],[-90.55065447629576,42.38626334867626],[-90.55134188396157,42.39173955251241],[-90.56035804454598,42.40102684286999],[-90.5621199738401,42.4000422704879],[-90.55694115906884,42.39145381562974],[-90.56229070745917,42.38908684477443],[-90.56664653507526,42.384703921782936],[-90.5719082974252,42.38645891871355],[-90.57498064646275,42.392296164884826],[-90.58164068076964,42.397006918043395],[-90.59630738090246,42.3970002711859],[-90.5815055445396,42.39026832810092],[-90.5808492302161,42.38630578327036],[-90.58335830761824,42.37831723366119],[-90.57866954165547,42.37842990235749],[-90.57453715821129,42.375744589328605],[-90.56487065399455,42.37487326994999],[-90.56789690585117,42.369156302035535],[-90.55977988567963,42.36887123248574],[-90.55788414968862,42.36494970164567],[-90.55127061316742,42.3633903270645],[-90.5509506031746,42.35920516646733],[-90.56546966366503,42.35829424979859],[-90.57079896189192,42.35174357648439],[-90.57354967475887,42.36112204542614],[-90.57670699454872,42.35629909602685],[-90.58870734865289,42.35931218703184],[-90.58498407863262,42.35440710391701],[-90.57698963966432,42.35096057566493],[-90.58439652674048,42.34564180834356],[-90.58645219987436,42.34180842150508],[-90.59416576779859,42.33927802799146],[-90.60601835320745,42.34586121306779],[-90.6168467811359,42.346221890788335],[-90.61766865362182,42.34800397084288],[-90.6140923560516,42.356331344833194],[-90.61584627016632,42.36424727614532],[-90.60915377391962,42.372770759577506],[-90.61111641975516,42.37717912816372],[-90.61668686898719,42.382387439526624],[-90.62638955004368,42.38653748571796],[-90.62900447914637,42.39306173473724],[-90.63760558857663,42.39286112014404],[-90.62570520594788,42.38098970561826],[-90.62128452130091,42.37918709256206],[-90.61691661704984,42.371081865808044],[-90.62059064776113,42.35939755841333],[-90.62007893343745,42.3541594840459],[-90.62551152932826,42.35574446614125],[-90.63174502389572,42.36011480632964],[-90.63390265799498,42.35566581500912],[-90.6208290596779,42.351676140965],[-90.63803249893844,42.34675036744809],[-90.62741971512149,42.34527051717516],[-90.62248177398351,42.34225957372376],[-90.61122959772986,42.33964383346818],[-90.61498026579191,42.33611537339604],[-90.60782262696695,42.33306211023089],[-90.60032596251672,42.335967184713446],[-90.5996549864674,42.33185131834718],[-90.5901234642404,42.33329030048354],[-90.58498497933698,42.3293865371934],[-90.58329710973922,42.32376781799984],[-90.57682934586965,42.325675465265014],[-90.58066502485683,42.32927295025936],[-90.57126480758409,42.33112286331358],[-90.58367655697558,42.33595969383165],[-90.57324837963371,42.34129556294659],[-90.56458621569466,42.34158464658385],[-90.55909489255576,42.344331466450775],[-90.5495175648181,42.34572554592944],[-90.5464882934765,42.34495836316197],[-90.54239119871801,42.33929649564917],[-90.54659995473277,42.33165581413909],[-90.53870416042429,42.33445824147167],[-90.5398712422405,42.352493332453356],[-90.53320150511003,42.351697142678546],[-90.52615690885625,42.35353544267032],[-90.5285084791108,42.34494136382046],[-90.52173452168292,42.34286355449264],[-90.51650199395235,42.343844428364065],[-90.51422767098157,42.34786089012728],[-90.51495436525158,42.352869909882244],[-90.50967289107722,42.35208892913168],[-90.50206949527245,42.35362994352642],[-90.50459858861294,42.34709338380383],[-90.4976295514935,42.34059744626322],[-90.4957164638894,42.33382893262893],[-90.48545568482834,42.33789512567366],[-90.46671563070258,42.33869356354291],[-90.46405293850653,42.34099397123014],[-90.45698084804629,42.33973414511166],[-90.45391898971766,42.34219655030019],[-90.44524409411703,42.341008436528995],[-90.4453191134916,42.33535499945057],[-90.45166847869406,42.33512716409417],[-90.46065856957367,42.33713672260003],[-90.46815498411893,42.33413283884968],[-90.46975293535858,42.330075370139134],[-90.46603938910513,42.32593657685544],[-90.47313139478517,42.32518816702113],[-90.47775022940256,42.32118814052162],[-90.47586100529021,42.31675210842198],[-90.46996522448813,42.315834167909046],[-90.46038433579402,42.31641920139276],[-90.45161524292814,42.314662180234926],[-90.45425452753045,42.309822122654495],[-90.46716832100229,42.30975254821475],[-90.48123977123048,42.30155292166474],[-90.47843416698394,42.297992778912096],[-90.47267635189276,42.295128431112275],[-90.47459188135828,42.292212502605],[-90.48419049908306,42.29066761307313],[-90.49131049247744,42.294281610312716],[-90.48793569281534,42.30249232068815],[-90.48854632852452,42.31192045037409],[-90.4973761841311,42.316809716823],[-90.5024875191745,42.316196290750696],[-90.51832486171796,42.31874640567554],[-90.5193227672276,42.31672385799199],[-90.50197892146572,42.31132250032282],[-90.49635394173829,42.30309975892349],[-90.4998960055432,42.29956155773285],[-90.51489674267832,42.30208937732644],[-90.51403574915379,42.298306603212275],[-90.49998581964027,42.29543470649062],[-90.49701246297626,42.28983171061785],[-90.48049060753245,42.283157182852634],[-90.46989822071986,42.28526066074557],[-90.4670783778291,42.28774230110276],[-90.45723126151778,42.2902077604826],[-90.4573646156901,42.29312834506685],[-90.44841926428818,42.29065578186038],[-90.449828647349,42.28614411784543],[-90.43705538816673,42.276683088078],[-90.43044295903209,42.277728203182456],[-90.4310093939394,42.28211198242644],[-90.43353433325737,42.29007699787783],[-90.43455328229213,42.300703759277994],[-90.43755826246995,42.30640433037631],[-90.43503617162528,42.31628908835349],[-90.43188363920274,42.31969789190621],[-90.43043778669667,42.325050275997604],[-90.43102342653356,42.332602113383395],[-90.4334814651744,42.34109564635458]]]},"properties":{"LANDFORM_R":"Paleozoic Plateau","Acres":1650167.22739,"Hectares":667798.984221,"tooltip":"Paleozoic Plateau"}},
{"type":"Feature","geometry":{"type":"Polygon","coordinates":[[[-91.2105555206622,43.35927164655447],[-91.21457980861155,43.36857364408652],[-91.20673667485451,43.37403346815647],[-91.1989238898514,43.38944278012065],[-91.1981299220956,43.397696042272415],[-91.20008311187162,43.41430334292006],[-91.20243373591143,43.41889639035132],[-91.21064288316212,43.42858749482562],[-91.22599397066891,43.443125181320845],[-91.23188254836236,43.45255359976315],[-91.23307468466439,43.45798345458965],[-91.22951852236426,43.462835625322086],[-91.22169066284592,43.46771134778479],[-91.21502269571292,43.48430083082702],[-91.21815143822282,43.495991785333906],[-91.21760800731417,43.50080043477041],[-91.29174257128629,43.50074527882121],[-91.292997135508,43.495103625212955],[-91.3010629885417,43.489022165515145],[-91.30410146152464,43.48437824743735],[-91.30422414057668,43.47999354627052],[-91.30125793495084,43.47465542496039],[-91.29299167137002,43.47317095182183],[-91.2868761765899,43.46173499582411],[-91.27934477579198,43.45912491580558],[-91.27770554718657,43.45515181736886],[-91.27103391601779,43.44720213497932],[-91.26235521588134,43.42682589868732],[-91.26253034566412,43.42299977773333],[-91.2587310498221,43.415810860277674],[-91.25952313691701,43.408787519998135],[-91.25239363841398,43.40331844955446],[-91.25163838757005,43.39990884614574],[-91.24613826159164,43.394895026099235],[-91.24367584735778,43.389257604072704],[-91.22887982661,43.37677717710537],[-91.2105555206622,43.35927164655447]]]},"properties":{"LANDFORM_R":"Mississippi River Alluvial Plain","Acres":16164.0921301,"Hectares":6541.37600489,"tooltip":"Mississippi River Alluvial Plain"}},
{"type":"Feature","geometry":{"type":"Polygon","coordinates":[[[-91.17850662237882,43.1245231413721],[-91.17736221293454,43.13070508682608],[-91.17385236712063,43.135295403577835],[-91.16259126988588,43.13907701549297],[-91.15250189226393,43.14481239927161],[-91.14707255780966,43.15026229601943],[-91.14243443238395,43.15889433486168],[-91.13857331945859,43.16946576094628],[-91.1323937019833,43.17605528124775],[-91.12540511882324,43.1861158933011],[-91.12387951647148,43.19353748537615],[-91.12116297937956,43.197841993221736],[-91.112998118644,43.202740997477584],[-91.10642292534153,43.208187995411215],[-91.08345825555647,43.224301361016884],[-91.06246047735068,43.24349584115209],[-91.05937847311509,43.248116796536216],[-91.05805645404016,43.25415422471523],[-91.05957692893871,43.25886225037169],[-91.0697409109142,43.26000672688583],[-91.07245659417856,43.2625737268093],[-91.07130268111769,43.26831699181281],[-91.07245612734062,43.27256843560165],[-91.07715559099442,43.27770793783184],[-91.0868911313188,43.29376369329151],[-91.10204159823785,43.30889094717288],[-91.10269810559922,43.30501672742404],[-91.09797577791335,43.30150760101221],[-91.09343128864366,43.29447255134133],[-91.09204240369465,43.28739199369629],[-91.09323980619294,43.27912932441385],[-91.09291033097658,43.27035107838203],[-91.0973398180727,43.259495665821355],[-91.10308851504003,43.257924834024614],[-91.10732304562319,43.244615271755336],[-91.11657676934105,43.23584821656747],[-91.13508918879711,43.22228171784781],[-91.1395205556093,43.22201082240954],[-91.14047626113005,43.21702731623446],[-91.14733921255826,43.21610948285225],[-91.1484740703583,43.20960948390868],[-91.15652508766436,43.202584020212434],[-91.15834002174198,43.19570278255283],[-91.16274800470389,43.19391127805937],[-91.16506963409162,43.187969261428236],[-91.16988771436509,43.18363550457911],[-91.17355597169623,43.17516628753348],[-91.17616564454079,43.163984471630144],[-91.17934590399474,43.16060438251135],[-91.18046160890475,43.15459380309129],[-91.18850370955569,43.152025853051455],[-91.18140081450218,43.14098370451208],[-91.18047988214275,43.126902894913066],[-91.17850662237882,43.1245231413721]]]},"properties":{"LANDFORM_R":"Mississippi River Alluvial Plain","Acres":12773.1879804,"Hectares":5169.12578129,"tooltip":"Mississippi River Alluvial Plain"}},
{"type":"Feature","geometry":{"type":"Polygon","coordinates":[[[-91.14280874801196,42.90379446505064],[-91.1466150895722,42.911398511607906],[-91.14359357397126,42.922803657913065],[-91.14459992102249,42.92841195138341],[-91.14829359123384,42.93577465125406],[-91.14987960209456,42.94348137551479],[-91.1453480802325,42.95708625389738],[-91.14606579365389,42.9622215834611],[-91.14946846540815,42.96875106890766],[-91.15627318292775,42.97687512947889],[-91.15674517230471,42.980285630757734],[-91.15960193885594,42.97750138616302],[-91.1667692542162,42.95813911529869],[-91.1716873281776,42.93804340651558],[-91.16216929456752,42.91961390234075],[-91.14785425260077,42.905017025242586],[-91.14280874801196,42.90379446505064]]]},"properties":{"LANDFORM_R":"Mississippi River Alluvial Plain","Acres":2716.77769147,"Hectares":1099.4409249,"tooltip":"Mississippi River Alluvial Plain"}},
{"type":"Feature","geometry":{"type":"Polygon","coordinates":[[[-90.87576790227675,42.670052466906334],[-90.8865578139145,42.672118999901045],[-90.89995448607579,42.67601242532533],[-90.91362718152142,42.68342124365814],[-90.9218361349516,42.68545253097247],[-90.93794971941146,42.68354659071839],[-90.94599087341108,42.68453755808596],[-90.95224830983898,42.68674777188603],[-90.96665105529287,42.693767130832455],[-90.9740974691399,42.694988705371145],[-90.98110202082472,42.69939877444106],[-90.98583162181535,42.70592061482436],[-90.99190528151017,42.71154733120567],[-91.0083533247539,42.71996598068192],[-91.01444272708984,42.7193242450508],[-91.02689320537209,42.724528065583144],[-91.03057048341955,42.72960709989245],[-91.03067801947215,42.7331298925763],[-91.03424818818134,42.73700930499419],[-91.04389184387074,42.73868718243124],[-91.04759966802776,42.73693141675155],[-91.05310815411413,42.73803370382496],[-91.05467958673502,42.7453003968565],[-91.06030942739869,42.750591713310456],[-91.06479632057352,42.751144849732086],[-91.06536128844405,42.75708866012039],[-91.06053966877248,42.761986876722425],[-91.06948045284403,42.769521941595556],[-91.07123577350535,42.783058910530855],[-91.07758334047206,42.80335463610211],[-91.07962739737948,42.8229295390277],[-91.07721680014961,42.835576948021036],[-91.08036033088133,42.83844820734876],[-91.08091002890426,42.84714710123993],[-91.07836094531125,42.850643253035024],[-91.082526328323,42.85715153927072],[-91.07906371632622,42.866953779403275],[-91.08086407488007,42.870901064848645],[-91.08921933016084,42.87765034697765],[-91.09900600313502,42.88230667095516],[-91.10602643385154,42.887294634062656],[-91.11866007253467,42.893212003438755],[-91.12508477232696,42.89430793827914],[-91.13390847648115,42.89765564494535],[-91.13266079031797,42.894585039997594],[-91.11112966406954,42.88160838349646],[-91.10537723248218,42.87753420567125],[-91.10348991908563,42.87215174676244],[-91.10626721568471,42.85758481553027],[-91.10729558635431,42.83002242304046],[-91.10827725582517,42.8222862101758],[-91.10809456190887,42.80382822742271],[-91.1070584938226,42.795029537177],[-91.1012188676035,42.77579172611058],[-91.10033250891894,42.768230336377556],[-91.09757047046567,42.76111802227564],[-91.09151191624132,42.75223556968713],[-91.0710282694181,42.73432902432451],[-91.05680667724212,42.72482664826908],[-91.04007229643356,42.71548533672283],[-91.02907910852123,42.70713243671291],[-91.02216045958527,42.7052979651755],[-90.99430367296915,42.69218974800642],[-90.9778854285183,42.68799039074319],[-90.9514892949963,42.68470831075384],[-90.93922367413161,42.68144715190291],[-90.92643632031579,42.67544400308325],[-90.9064273926992,42.67259782100911],[-90.87845481893785,42.66936997510054],[-90.87576790227675,42.670052466906334]]]},"properties":{"LANDFORM_R":"Mississippi River Alluvial Plain","Acres":14312.0744055,"Hectares":5791.89102257,"tooltip":"Mississippi River Alluvial Plain"}},
{"type":"Feature","geometry":{"type":"Polygon","coordinates":[[[-90.64387786656046,42.54006713100671],[-90.64592689674008,42.54453643127522],[-90.65502102412437,42.550360038791716],[-90.65891099440515,42.556274778174355],[-90.66161288284184,42.56827043296338],[-90.66564062392449,42.572864034985535],[-90.67850381694804,42.580356403733596],[-90.68669627545137,42.59090477886397],[-90.68779768898568,42.59833801075338],[-90.6930458137176,42.612671494778446],[-90.70007932789161,42.62202491154916],[-90.70049166525935,42.62744508650967],[-90.7034201655075,42.63182616825641],[-90.710835181502,42.637093828878555],[-90.70810525968368,42.62950231542281],[-90.70373272361404,42.609660379830224],[-90.69461956918067,42.595119714070506],[-90.69436515319171,42.587070272517416],[-90.7012484581341,42.57600767775786],[-90.70111278071168,42.56470213725319],[-90.6934429844878,42.559762042965694],[-90.67026807136807,42.553285152915095],[-90.65712819720326,42.54741661060244],[-90.64387786656046,42.54006713100671]]]},"properties":{"LANDFORM_R":"Mississippi River Alluvial Plain","Acres":3306.55148396,"Hectares":1338.11391089,"tooltip":"Mississippi River Alluvial Plain"}},
{"type":"Feature","geometry":{"type":"Polygon","coordinates":[[[-90.64998816368627,42.47411908539105],[-90.6532355390682,42.47710443276616],[-90.65647064784372,42.48394238013605],[-90.65659242022792,42.49063554791118],[-90.64870340991125,42.497551781781226],[-90.64429318358003,42.50467412880626],[-90.63732022188753,42.51196859288228],[-90.63648135246335,42.5185608959618],[-90.64113543197124,42.5290034699772],[-90.6431943535673,42.53815373706915],[-90.64680774886078,42.53254189406378],[-90.65371659191729,42.528203224406845],[-90.66386693033996,42.51812611316251],[-90.67159522479636,42.50647144554565],[-90.66991946862929,42.49971672175057],[-90.66316617767801,42.485221384876915],[-90.65469117875972,42.47639278165248],[-90.64998816368627,42.47411908539105]]]},"properties":{"LANDFORM_R":"Mississippi River Alluvial Plain","Acres":2254.82036381,"Hectares":912.493427065,"tooltip":"Mississippi River Alluvial Plain"}},
{"type":"Feature","geometry":{"type":"Polygon","coordinates":[[[-90.54969551511422,42.413191100987554],[-90.55466334984196,42.41601578972374],[-90.55791390172467,42.4203084210302],[-90.55837135579621,42.42865673734401],[-90.56255243427694,42.43634590548064],[-90.5667189169442,42.43986533169449],[-90.5839623144705,42.444660626885764],[-90.59300926912032,42.44828190596442],[-90.61194686456882,42.45266161626498],[-90.59529801009536,42.445295657768334],[-90.5868507398116,42.43235563189201],[-90.57621287687297,42.42313660335315],[-90.56859101039558,42.418720961637455],[-90.55790986841788,42.41496892603968],[-90.54969551511422,42.413191100987554]]]},"properties":{"LANDFORM_R":"Mississippi River Alluvial Plain","Acres":1462.85477499,"Hectares":591.99632412,"tooltip":"Mississippi River Alluvial Plain"}},
{"type":"Feature","geometry":{"type":"Polygon","coordinates":[[[-90.4310093939394,42.28211198242644],[-90.42461390036893,42.29344618457514],[-90.419410809713,42.30816936045692],[-90.42160681320202,42.315665896954236],[-90.41651159383072,42.321611485429436],[-90.41785452998559,42.32699069301497],[-90.4334814651744,42.34109564635458],[-90.43102342653356,42.332602113383395],[-90.43043778669667,42.325050275997604],[-90.43188363920274,42.31969789190621],[-90.43503617162528,42.31628908835349],[-90.43755826246995,42.30640433037631],[-90.43455328229213,42.300703759277994],[-90.43353433325737,42.29007699787783],[-90.4310093939394,42.28211198242644]]]},"properties":{"LANDFORM_R":"Mississippi River Alluvial Plain","Acres":1364.01001104,"Hectares":551.995267341,"tooltip":"Mississippi River Alluvial Plain"}},
{"type":"Feature","geometry":{"type":"Polygon","coordinates":[[[-90.33271368547163,41.6823510646952],[-90.3169020136507,41.69165975266593],[-90.31322597108193,41.69894973541169],[-90.31322616305863,41.70893738977042],[-90.31725384919872,41.71672266219508],[-90.31647613446518,41.73136621729918],[-90.31281409185216,41.73975518556583],[-90.30663381621713,41.746797131051714],[-90.29644112558096,41.75589668472052],[-90.28688884467961,41.76123697145639],[-90.27675723749648,41.768183755765804],[-90.26444296346243,41.77148433074507],[-90.25710321865802,41.77654157847839],[-90.24732199354668,41.7803870679121],[-90.23461044384553,41.78743015880913],[-90.21425392655271,41.79670002717177],[-90.1886033603599,41.80284676665844],[-90.18245614543136,41.80668552248447],[-90.18071551996161,41.81065931209821],[-90.18176850238149,41.82608490471295],[-90.18416394470779,41.83246569859508],[-90.18216533310539,41.84365570358467],[-90.1776033606236,41.84926216651763],[-90.17294954924785,41.858864680280846],[-90.1731011649044,41.8661359592906],[-90.17008015640383,41.87621982212392],[-90.15987152055224,41.89215062039971],[-90.15573721603907,41.90136897228888],[-90.15289845445754,41.91136678033783],[-90.15183051512038,41.93117048748694],[-90.1551722938365,41.93633253042466],[-90.16298579892432,41.943127087675094],[-90.16425163270874,41.956081307764755],[-90.15909412265825,41.966715268679586],[-90.15344818844903,41.974761287898836],[-90.14711540646528,41.9795569686558],[-90.1462015779861,41.987837279283696],[-90.14056980574587,41.99573889314294],[-90.14009762699433,42.00311152925292],[-90.14321147932559,42.013653249586675],[-90.1482152998094,42.02000040919611],[-90.15112967999426,42.03045589310693],[-90.16437491425224,42.042553993239444],[-90.16655699999356,42.05576457110745],[-90.165366139388,42.06278623087832],[-90.16864671045286,42.076095926244015],[-90.1639029163749,42.08598347533724],[-90.16120067813762,42.10380089065994],[-90.16136933005126,42.112143843778114],[-90.16284863891384,42.11708826376575],[-90.17130273799921,42.12574396281259],[-90.1762922023255,42.12662337569899],[-90.189383559353,42.12566628691408],[-90.19702932974954,42.12812274376076],[-90.20212343289884,42.13202932333267],[-90.20520784579156,42.13845317780836],[-90.20618473586217,42.1451768136119],[-90.20893122367686,42.15218666505949],[-90.21421068738854,42.15575502220174],[-90.22962276263752,42.162720211832855],[-90.23621450577153,42.166481350664284],[-90.25005341322975,42.17148777251183],[-90.25370129229547,42.17162023738916],[-90.27134035821797,42.17539132081639],[-90.2810597624167,42.178296763685644],[-90.29050564596297,42.182824855070415],[-90.2979666517615,42.1875575527188],[-90.31870354686906,42.19417693881683],[-90.32676020145023,42.20078577190446],[-90.33840252326186,42.203443031446774],[-90.35546176957268,42.2053326849374],[-90.37523728969154,42.2149004171918],[-90.38723243760764,42.22303904874986],[-90.38326501971203,42.21574840166124],[-90.38444496775769,42.21090104204223],[-90.3899221930429,42.20783238149919],[-90.39186811457202,42.202666215690435],[-90.38692053436903,42.19655871671902],[-90.38168233720954,42.19386198040971],[-90.36766699740426,42.192084329924],[-90.35559963087796,42.181553774042854],[-90.34934599860064,42.17978458729575],[-90.33914401156113,42.17159250279993],[-90.33692882837637,42.16515405316829],[-90.33257005535232,42.15956212848034],[-90.32217071782958,42.15438937536196],[-90.3082650384954,42.152046791189626],[-90.29145457227926,42.147224800292584],[-90.28039529127516,42.14528220820649],[-90.2711423129707,42.14511837340544],[-90.25813449188446,42.148225629595025],[-90.24572723535273,42.149609017887286],[-90.23996518601939,42.14879813224009],[-90.22593158698095,42.14431349365412],[-90.21613565308122,42.13936985700575],[-90.20195062772196,42.12815548432373],[-90.19394045804893,42.11865938409906],[-90.19532764377279,42.10939297760352],[-90.2012048949136,42.1023652256242],[-90.20203875892221,42.09538228419761],[-90.2008351375125,42.09025450793276],[-90.20189796128757,42.08490191137727],[-90.20025479669076,42.07780247012927],[-90.19533365344661,42.07684181677129],[-90.19402501877914,42.070702915689814],[-90.18279753284042,42.0593343937643],[-90.16764572178926,42.041315787935396],[-90.16615973189349,42.03380277671849],[-90.16178758662014,42.019597727258464],[-90.16086297058021,42.01167507093546],[-90.15861338358222,42.00652092588531],[-90.15990428154295,41.99439506945533],[-90.16842824204184,41.98340041159147],[-90.17109080092801,41.982625700227565],[-90.17792828895263,41.97573470452546],[-90.18771232724671,41.97009213098585],[-90.19169470084398,41.95976861655059],[-90.19069057518959,41.95358102389762],[-90.18581250732562,41.950155852260735],[-90.18198310918714,41.931460750551786],[-90.1812775315745,41.91682023152298],[-90.1793556351492,41.90595966992935],[-90.17239573560809,41.89542324801263],[-90.17118763390278,41.88275871857313],[-90.18014833827078,41.874647336572636],[-90.18416341938263,41.87332634768129],[-90.1846744105757,41.865294588257306],[-90.19005431137951,41.8580919277166],[-90.19051538761052,41.85479085120168],[-90.19554453523274,41.851956386205856],[-90.19872822783978,41.84789367716944],[-90.21371005316153,41.83808464640831],[-90.22342168739104,41.83299652618278],[-90.23333068871905,41.830633219656185],[-90.24186834985284,41.83072040047045],[-90.24496692223231,41.82854712237868],[-90.2541262913905,41.828884909210764],[-90.2570461776319,41.827180225864204],[-90.25663985397591,41.81817971348171],[-90.2652826338733,41.808330429972756],[-90.27494943954633,41.800093644182795],[-90.27485830435835,41.800056776557156],[-90.2781162268365,41.79659707862576],[-90.29047123202406,41.793233652869425],[-90.29529785971397,41.790475128260375],[-90.30118881034944,41.77481584373447],[-90.32438799903723,41.757994117500786],[-90.34517868070422,41.748553990225105],[-90.35104504436109,41.73733052592586],[-90.34792549410476,41.71571563035385],[-90.34785152082559,41.70056858166256],[-90.3431457649268,41.68792571719539],[-90.34174940203175,41.686587799120375],[-90.33918806034993,41.68591002286086],[-90.33271368547163,41.6823510646952]]]},"properties":{"LANDFORM_R":"Mississippi River Alluvial Plain","Acres":42539.7360883,"Hectares":17215.2204196,"tooltip":"Mississippi River Alluvial Plain"}},
{"type":"Feature","geometry":{"type":"Polygon","coordinates":[[[-90.55604336010781,41.52432739106821],[-90.55949656151314,41.525878561379756],[-90.57567923461808,41.524803148747864],[-90.5855128807901,41.52532523331411],[-90.59609719454629,41.52822533534025],[-90.60258555423789,41.52851840091804],[-90.60917257159761,41.5261349053278],[-90.6164684744246,41.521560112576665],[-90.62747943332356,41.51280788815133],[-90.63938575586182,41.5081691360728],[-90.64637277983407,41.50043516251184],[-90.64858788967977,41.4913428731284],[-90.65608146908374,41.48109790317518],[-90.65721950328476,41.472771175094664],[-90.66193207946756,41.46987373834536],[-90.6742241795419,41.4658693146114],[-90.67885084127057,41.46061725100273],[-90.66142563859418,41.46071679313705],[-90.65307888562086,41.46358202625015],[-90.63759073930393,41.4757931404272],[-90.63130389470486,41.47964475029362],[-90.61300797916935,41.48791280540451],[-90.60788037892551,41.492192461053165],[-90.60351731951474,41.499333877700614],[-90.60338001593489,41.50372618934879],[-90.59816131302979,41.510336160456085],[-90.58531274573973,41.51468742694208],[-90.57080132160259,41.51645330423077],[-90.55604336010781,41.52432739106821]]]},"properties":{"LANDFORM_R":"Mississippi River Alluvial Plain","Acres":5324.56840643,"Hectares":2154.77638521,"tooltip":"Mississippi River Alluvial Plain"}},
{"type":"Feature","geometry":{"type":"Polygon","coordinates":[[[-90.90114316741305,41.43055605848358],[-90.91280486253702,41.432548713988574],[-90.9320631687146,41.43227576945744],[-90.94056352873345,41.433049173317315],[-90.95368127571925,41.43566332006147],[-90.96805506980031,41.442126839137146],[-90.97925157649317,41.44470411343484],[-90.98903603692588,41.444047812297015],[-90.99888390459499,41.44132222701159],[-91.01446871450199,41.439833242239],[-91.02611152301326,41.43227282333701],[-91.0334378725321,41.421398139471776],[-91.02750991204854,41.42363171208236],[-91.00939657483895,41.42549051913293],[-90.99692881886529,41.42913814535625],[-90.98801839992925,41.43289166872075],[-90.98069392549596,41.434195449986994],[-90.9747279650326,41.43373031736637],[-90.96274830740859,41.429645877419595],[-90.95476889700846,41.42547825094621],[-90.93403159792223,41.42164914232449],[-90.92542506633623,41.42256610251996],[-90.9175511938483,41.42650396285648],[-90.90114316741305,41.43055605848358]]]},"properties":{"LANDFORM_R":"Mississippi River Alluvial Plain","Acres":2974.90552172,"Hectares":1203.90155166,"tooltip":"Mississippi River Alluvial Plain"}},
{"type":"Feature","geometry":{"type":"Polygon","coordinates":[[[-90.53654040560849,41.52613392758196],[-90.51586738264788,41.52011622873211],[-90.5001048613103,41.51803641123113],[-90.48730183171543,41.5182345886444],[-90.47196474946251,41.51957347920794],[-90.459407849111,41.52426812642404],[-90.44250115911586,41.539158907672814],[-90.43509721925075,41.54841450961256],[-90.4241278609375,41.55304157563542],[-90.41411898548648,41.56477712664681],[-90.39974447667173,41.57187391466029],[-90.39212950094763,41.574835518222706],[-90.3690575248995,41.57802014517747],[-90.35755127806802,41.582393810296075],[-90.38039253186342,41.58155533378043],[-90.3938013631251,41.58216134147956],[-90.39968296918923,41.58048813422399],[-90.40859719462092,41.57316257203371],[-90.42219619896312,41.5689522796299],[-90.43792510304252,41.56659434808766],[-90.44144257896242,41.5638124654599],[-90.44364098851358,41.5588935757491],[-90.45155132324021,41.55651009544268],[-90.45468490559678,41.553267661071274],[-90.45569830577428,41.54787065077389],[-90.46030927476639,41.542703727481616],[-90.46958837203108,41.53598353990612],[-90.47364477707417,41.534717913827585],[-90.48451099753927,41.52833245608538],[-90.497379521925,41.52710797750687],[-90.51073272875566,41.52890338327742],[-90.51764660524253,41.531461587917725],[-90.52651753304629,41.529996887885005],[-90.53654040560849,41.52613392758196]]]},"properties":{"LANDFORM_R":"Mississippi River Alluvial Plain","Acres":4471.87738667,"Hectares":1809.70457224,"tooltip":"Mississippi River Alluvial Plain"}},
{"type":"Feature","geometry":{"type":"Polygon","coordinates":[[[-91.3655475319164,40.50396979937556],[-91.3677380922234,40.50978414080839],[-91.38241649832415,40.52928644378853],[-91.38955738998024,40.533737206752846],[-91.39903392876391,40.535967818261135],[-91.4060677298936,40.54192947770519],[-91.40699839878918,40.55049122409336],[-91.4030630195638,40.558057955283935],[-91.39743215443171,40.56309673111707],[-91.381715010069,40.572705760647246],[-91.37396868482102,40.582073737692696],[-91.36160335790633,40.59994262730912],[-91.35621640241096,40.60497379414047],[-91.34722927927028,40.61054780689676],[-91.30746414904965,40.62617792517386],[-91.30143566677803,40.62770192323252],[-91.26473778946719,40.6338586663306],[-91.25191973730438,40.638124474464334],[-91.22855759934085,40.637903462777615],[-91.21329905180075,40.63825382082904],[-91.20107550260512,40.63616325308322],[-91.18612172678172,40.637496652932015],[-91.17159454903118,40.64511352766065],[-91.1448146203159,40.658216366467414],[-91.13717075059927,40.661498303830534],[-91.12523830382855,40.66856559873839],[-91.12136114695302,40.67203371153762],[-91.11594394378413,40.690078580618696],[-91.11203821066246,40.6972211644838],[-91.11071205926501,40.70580210468068],[-91.11199214916942,40.71255202510078],[-91.11594531148954,40.724651296855356],[-91.1143589953551,40.73302981867746],[-91.10996305683308,40.74745168838761],[-91.11156050107608,40.75247723046719],[-91.11828923923358,40.749461422674955],[-91.1244524119096,40.74402638392026],[-91.13305660243766,40.741760793114516],[-91.14910154261962,40.74490632710428],[-91.15923981081137,40.744347866619464],[-91.1692196630273,40.73800738455052],[-91.18761561288304,40.736135863170894],[-91.1920746056246,40.73500324279564],[-91.21392143086901,40.73414088496275],[-91.22304467921636,40.735961725019926],[-91.22501190440217,40.73334815029524],[-91.22103677554374,40.72823344281582],[-91.22461598308603,40.724437634595446],[-91.24777330466102,40.709635540734645],[-91.2543913646441,40.71045641849427],[-91.25641931105547,40.70543802845704],[-91.25147015097355,40.7012735580778],[-91.24705804043651,40.6886944283009],[-91.2478728647001,40.681730035355265],[-91.25794505865237,40.65902430267776],[-91.2644974436961,40.64998416333356],[-91.26815153411381,40.643057679274975],[-91.27778414043148,40.636950005245005],[-91.29435976723268,40.63093971896477],[-91.29713371027904,40.633624537844106],[-91.30565739188607,40.63374985085349],[-91.33744080531778,40.63830128903653],[-91.3570924248946,40.635456549334926],[-91.3640377979291,40.635555097205255],[-91.38181020092365,40.63195435876275],[-91.39987394777032,40.629318791076386],[-91.4055047880523,40.63156310647866],[-91.40779520421816,40.62822561682003],[-91.41832554963482,40.623559846475025],[-91.42955434326856,40.61601546195545],[-91.4358952359283,40.61489886355407],[-91.43898403151515,40.617827773712946],[-91.44812678801317,40.61842835761181],[-91.4533710114281,40.61008045554333],[-91.45480501784772,40.60264079691799],[-91.4643092998115,40.58736783227401],[-91.47032542914735,40.58648823882578],[-91.47102243389917,40.58361030279461],[-91.46866846021604,40.576120256825185],[-91.4708296608483,40.564356981819586],[-91.4705162972303,40.5503989165711],[-91.46875588496626,40.544601250834425],[-91.4645125407229,40.53708602777181],[-91.4552922821831,40.526617044775016],[-91.44659989128043,40.52072616750196],[-91.4390967941869,40.51798111716152],[-91.4306152341825,40.51666363963373],[-91.42048462728657,40.51844892465061],[-91.41599914792619,40.521513444629285],[-91.41494588968513,40.526070754540925],[-91.40921521529332,40.528401756250794],[-91.40005660195413,40.528995999188005],[-91.38952388576966,40.52114755385213],[-91.38833183026243,40.518243753130164],[-91.37812927290885,40.509921420355354],[-91.3655475319164,40.50396979937556]]]},"properties":{"LANDFORM_R":"Mississippi River Alluvial Plain","Acres":52078.151622,"Hectares":21075.2802358,"tooltip":"Mississippi River Alluvial Plain"}}
]}